"OG","Regression_Coefficient","P_value","Lambda","Bound_used","R_squared","R_squared_adj","n","Status","Contrast"
"OG0008555_00",0.0850403204900706,0.0153826045860677,1,"1e-05 to 1",0.314952086436914,0.310969249730152,174,"success","pgls5_castespolymorphic"
"OG0008290_00",0.171188949222538,0.000279500527376797,1e-05,"1e-05 to 1",0.748363970038401,0.746900969864206,174,"success","pgls5_castespolymorphic"
