"OG","Regression_Coefficient","P_value","Lambda","Bound_used","R_squared","R_squared_adj","n","Status","Contrast"
"OG0004009_00",0.134571014292376,2.53508325442908e-12,1,"1e-05 to 1",0.264571986328666,0.260296242063135,174,"success","pgls5_castespolymorphic"
"OG0001470_00",0.146617362765185,1.40345961519017e-08,1,"1e-05 to 1",0.310631815385396,0.306623860823683,174,"success","pgls5_castespolymorphic"
