"OG","Regression_Coefficient","P_value","Lambda","Bound_used","R_squared","R_squared_adj","n","Status","Contrast"
"OG0008512_00",0.288777131850342,0.000166140944572124,1e-05,"1e-05 to 1",0.845576526678068,0.844678715786661,174,"success","pgls5_castespolymorphic"
"OG0008555_00",0.155802910683404,0.00686797829756802,1e-05,"1e-05 to 1",0.375369057466807,0.371737482219521,174,"success","pgls5_castespolymorphic"
"OG0006599_00",0.0911494932020602,0.129345633657302,1e-05,"1e-05 to 1",0.296780636015775,0.292692151341448,174,"success","pgls5_castespolymorphic"
"OG0008290_00",0.0948429064270976,0.0803211890006816,1e-05,"1e-05 to 1",0.274609548483163,0.270392162137135,174,"success","pgls5_castespolymorphic"
