Orthogroup	Most_Annotated_Protein	Species
OG0000000_00	LOCUS5764	Laspla
OG0000001_00	G6Z77_0000889	Acrhey
OG0000001_01	ACFW04_010942	Catnig
OG0000001_02	G6Z76_0009030	Acrcha
OG0000002_00	LOCUS2679	Laspla
OG0000003_00	G6Z76_0007872	Acrcha
OG0000005_00	ACFW04_013121	Catnig
OG0000005_01	ACFW04_007917	Catnig
OG0000006_00	LOCUS8641	Laspla
OG0000006_01	LOCUS8640	Laspla
OG0000006_02	ACFW04_002600	Catnig
OG0000006_03	ACFW04_002598	Catnig
OG0000007_00	ACFW04_005806	Catnig
OG0000007_01	G6Z76_0002186	Acrcha
OG0000008_00	ACFW04_007527	Catnig
OG0000010_00	Juvenile_hormone_acid_O-methyltransferase_g02698_i1	Acrame
OG0000010_01	Juvenile_hormone_acid_O-methyltransferase_g15076_i1	Acafer
OG0000011_00	G6Z76_0003751	Acrcha
OG0000012_00	Peptidase_A1_Aspartic_protease_domain_g08910_i1	Acafer
OG0000017_00	LOCUS8423	Laspla
OG0000019_00	LOCUS13515	Laspla
OG0000020_00	LOCUS13821	Laspla
OG0000020_01	LOCUS13825-2	Laspla
OG0000024_00	LOCUS6375-2	Laspla
OG0000025_00	LOCUS11810	Laspla
OG0000025_01	LOCUS546	Laspla
OG0000026_00	G6Z76_0006873	Acrcha
OG0000027_00	acid_lipase_g08671_i11	Ectoja
OG0000029_00	LOCUS10895	Laspla
OG0000029_01	LOCUS10896	Laspla
OG0000029_02	LOCUS8821	Laspla
OG0000029_03	LOCUS564	Laspla
OG0000033_00	LOCUS11801	Laspla
OG0000034_00	LOCUS11105	Laspla
OG0000034_01	LOCUS11107	Laspla
OG0000035_00	G6Z76_0005405	Acrcha
OG0000035_01	LOCUS2159	Laspla
OG0000036_00	Cytochrome_P450_g08525_i1	Acrame
OG0000036_01	Cytochrome_P450_g05369_i1	Acafer
OG0000037_00	G6Z77_0004368	Acrhey
OG0000038_00	Cytochrome_P450_g13054_i1	Acroct
OG0000039_00	Carboxylesterase_type_B_g09185_i1	Caresp
OG0000044_00	LOCUS7130	Laspla
OG0000044_01	LOCUS7222	Laspla
OG0000045_00	LOCUS6761	Laspla
OG0000049_00	Peptidase_S1_S6_chymotrypsin_Hap_g12992_i2	Acafer
OG0000050_00	LOCUS658	Laspla
OG0000051_00	LOCUS4595	Laspla
OG0000051_01	LOCUS8353	Laspla
OG0000051_02	LOCUS12880	Laspla
OG0000052_00	LOCUS8638	Laspla
OG0000053_00	LOCUS9918	Laspla
OG0000055_00	G6Z75_0012433	Acrins
OG0000055_01	LOCUS2986	Laspla
OG0000056_00	LOCUS12326	Laspla
OG0000058_00	LOCUS10050	Laspla
OG0000059_00	Cytochrome_P450_g17855_i10	Sermay
OG0000060_00	G6Z77_0000083	Acrhey
OG0000061_00	LOCUS221	Laspla
OG0000062_00	LOCUS6745	Laspla
OG0000063_00	G6Z76_0002663	Acrcha
OG0000064_00	LOCUS8131	Laspla
OG0000064_01	G6Z76_0014053	Acrcha
OG0000065_00	Peptidase_M1_leukotriene_A4_hydrolase_aminopeptidase_Cterminal_g18090_i1	Acafer
OG0000067_00	G6Z76_0002194	Acrcha
OG0000069_00	LOCUS13643	Laspla
OG0000070_00	LOCUS12370	Laspla
OG0000072_00	LOCUS11407-2	Laspla
OG0000073_00	G6Z76_0009250	Acrcha
OG0000074_00	LOCUS3094	Laspla
OG0000076_00	Cytochrome_P450_g15059_i2	Acafer
OG0000077_00	ACFW04_009380	Catnig
OG0000079_00	Cytochrome_P450_g02875_i1	Acrame
OG0000080_00	LOCUS10311-2	Laspla
OG0000080_01	LOCUS10312	Laspla
OG0000080_02	LOCUS11961	Laspla
OG0000081_00	Peptidase_M16_N-terminal_g16429_i1	Myrbin
OG0000083_00	Peptidase_M14_carboxypeptidase_A_g08133_i2	Acafer
OG0000083_01	Peptidase_M14_carboxypeptidase_A_g08131_i1	Acafer
OG0000084_00	LOCUS11850	Laspla
OG0000085_00	LOCUS5982	Laspla
OG0000086_00	G6Z77_0003787	Acrhey
OG0000086_01	LOCUS3205	Laspla
OG0000086_02	LOCUS3204	Laspla
OG0000088_00	LOCUS4091	Laspla
OG0000089_00	serpin_g18060_i1	Acafer
OG0000089_01	serpin_g05865_i1	Acafer
OG0000091_00	G6Z76_0000126	Acrcha
OG0000092_00	LOCUS8632-2	Laspla
OG0000095_00	LOCUS2582	Laspla
OG0000096_00	Cytochrome_P450_g17815_i1	Acafer
OG0000098_00	LOCUS5979	Laspla
OG0000100_00	LOCUS5983	Laspla
OG0000101_00	Peptidase_S1_S6_chymotrypsin_Hap_g15020_i1	Anogra
OG0000102_00	LOCUS993	Laspla
OG0000102_01	LOCUS6095	Laspla
OG0000103_00	LOCUS14393	Laspla
OG0000104_00	Peptidase_M12A_astacin_g13024_i1	Acafer
OG0000107_00	LOCUS7862	Laspla
OG0000109_00	Peptidase_S1_S6_chymotrypsin_Hap_g16628_i1	Anogra
OG0000111_00	LOCUS13532	Laspla
OG0000111_01	LOCUS13533	Laspla
OG0000112_00	LOCUS9271	Laspla
OG0000113_00	LOCUS5926	Laspla
OG0000114_00	LOCUS3452	Laspla
OG0000116_00	LOCUS12104-2	Laspla
OG0000117_00	LOCUS10295	Laspla
OG0000118_00	G6Z77_0009813	Acrhey
OG0000119_00	LOCUS12073	Laspla
OG0000120_00	LOCUS8120-2	Laspla
OG0000121_00	G6Z76_0004852	Acrcha
OG0000122_00	LOCUS8114	Laspla
OG0000124_00	LOCUS154	Laspla
OG0000124_01	LOCUS153	Laspla
OG0000125_00	SET_g14886_i1	Acafer
OG0000126_00	Cytochrome_P450_g05364_i1	Acafer
OG0000128_00	LOCUS14541	Laspla
OG0000129_00	P5V15_000438	Pogcal
OG0000130_00	Cytochrome_P450_g02235_i1	Acafer
OG0000132_00	ACFW04_009632	Catnig
OG0000133_00	Peptidase_C14_caspase_non-catalytic_subunit_p10_g07933_i3	Irianc
OG0000134_00	LOCUS4486	Laspla
OG0000135_00	LOCUS11846	Laspla
OG0000136_00	Peptidase_S1_S6_chymotrypsin_Hap_g13325_i1	Acafer
OG0000138_00	LOCUS6649	Laspla
OG0000139_00	LOCUS11100-2	Laspla
OG0000139_01	LOCUS11101	Laspla
OG0000140_00	Elongases_g11324_i1	Acafer
OG0000143_00	LOCUS13584-2	Laspla
OG0000144_00	LOCUS2187	Laspla
OG0000145_00	LOCUS1215	Laspla
OG0000146_00	LOCUS7113	Laspla
OG0000147_00	LOCUS2193	Laspla
OG0000151_00	LOCUS2995	Laspla
OG0000152_00	LOCUS7121	Laspla
OG0000154_00	LOCUS10001	Laspla
OG0000155_00	Peptidase_S1_S6_chymotrypsin_Hap_g16993_i1	Anogra
OG0000156_00	Cytochrome_P450_g17806_i1	Acafer
OG0000157_00	LOCUS11446	Laspla
OG0000160_00	LOCUS6172-2	Laspla
OG0000161_00	LOCUS13472	Laspla
OG0000164_00	LOCUS9988	Laspla
OG0000168_00	LOCUS10286	Laspla
OG0000170_00	Peptidase_M12B_ADAM_reprolysin_g02134_i1	Forexs
OG0000171_00	LOCUS11425	Laspla
OG0000172_00	Glutathione_S-transferases_g18391_i1	Acafer
OG0000173_00	LOCUS7963	Laspla
OG0000173_01	LOCUS7964	Laspla
OG0000175_00	LOCUS10283	Laspla
OG0000176_00	Vitellogenin_g044101_i1	Anoris
OG0000177_00	LOCUS7142	Laspla
OG0000177_01	LOCUS3236	Laspla
OG0000178_00	LOCUS11842	Laspla
OG0000178_01	G6Z76_0006728	Acrcha
OG0000180_00	LOCUS6446	Laspla
OG0000181_00	LOCUS8278	Laspla
OG0000182_00	Alpha_beta_hydrolase_fold-1_g04479_i1	Acrsub
OG0000182_01	acid_lipase_g01065_i11	Colosp
OG0000183_00	G6Z76_0001486	Acrcha
OG0000184_00	LOCUS10302	Laspla
OG0000185_00	Cytochrome_P450_g17149_i1	Acafer
OG0000186_00	LOCUS9227	Laspla
OG0000188_00	HN011_009612	Ecibur
OG0000190_00	LOCUS12621	Laspla
OG0000192_00	LOCUS1853	Laspla
OG0000194_00	LOCUS10817	Laspla
OG0000195_00	LOCUS7752	Laspla
OG0000196_00	LOCUS3527	Laspla
OG0000198_00	Peptidase_M13_neprilysin_C-terminal_g00505_i1	Diskam
OG0000199_00	G6Z76_0007693	Acrcha
OG0000200_00	Peptidase_M1_membrane_alanine_aminopeptidase_N-terminal_g05439_i2	Acafer
OG0000201_00	ACFW04_000553	Catnig
OG0000202_00	LOCUS5644	Laspla
OG0000204_00	Carboxylesterase_type_B_g01597_i1	Acafer
OG0000207_00	LOCUS13828	Laspla
OG0000210_00	Carboxylesterase_type_B_g11937_i1	Diaind
OG0000211_00	LOCUS3340	Laspla
OG0000212_00	Cytochrome_P450_g12045_i1	Acafer
OG0000212_01	Cytochrome_P450_g09863_i1	Acafer
OG0000213_00	LOCUS1171	Laspla
OG0000214_00	LOCUS11741	Laspla
OG0000214_01	hunchback_g00213_i1	Acafer
OG0000215_00	Peptidase_M14_carboxypeptidase_A_g04394_i1	Acafer
OG0000216_00	Chromo-domain_g03530_i1	Acafer
OG0000217_00	G6Z76_0008499	Acrcha
OG0000219_00	LOCUS11848	Laspla
OG0000222_00	LOCUS3845-2	Laspla
OG0000223_00	LOCUS10292-2	Laspla
OG0000224_00	Alpha_beta_hydrolase_fold-1_g10873_i1	Leptsp
OG0000225_00	LOCUS2834	Laspla
OG0000226_00	LOCUS10876	Laspla
OG0000226_01	LOCUS10877	Laspla
OG0000229_00	Peptidase_M1_membrane_alanine_aminopeptidase_N-terminal_g09075_i1	Acafer
OG0000229_01	Peptidase_M1_membrane_alanine_aminopeptidase_N-terminal_g03445_i1	Acafer
OG0000231_00	LOCUS9040	Laspla
OG0000231_01	LOCUS9041	Laspla
OG0000233_00	LOCUS4278	Laspla
OG0000233_01	LOCUS9044	Laspla
OG0000234_00	LOCUS5519	Laspla
OG0000234_01	LOCUS2878	Laspla
OG0000238_00	LOCUS6522	Laspla
OG0000238_01	LOCUS6521	Laspla
OG0000239_00	ACFW04_004786	Catnig
OG0000239_01	LOCUS1871	Laspla
OG0000241_00	LOCUS12199	Laspla
OG0000242_00	LOCUS6799-2	Laspla
OG0000242_01	LOCUS6801	Laspla
OG0000243_00	LOCUS14733	Laspla
OG0000244_00	LOCUS6944	Laspla
OG0000244_01	LOCUS6945	Laspla
OG0000246_00	LOCUS4216	Laspla
OG0000247_00	LOCUS11885	Laspla
OG0000248_00	LOCUS11163	Laspla
OG0000253_00	G6Z76_0005789	Acrcha
OG0000253_01	G6Z76_0009251	Acrcha
OG0000254_00	LOCUS10146	Laspla
OG0000254_01	LOCUS10145-2	Laspla
OG0000256_00	LOCUS12833	Laspla
OG0000256_01	LOCUS6475	Laspla
OG0000257_00	LOCUS11065	Laspla
OG0000259_00	Peptidase_S1_S6_chymotrypsin_Hap_g10331_i1	Acrame
OG0000259_01	Peptidase_S1_S6_chymotrypsin_Hap_g04213_i11	Lepbin
OG0000260_00	Peptidase_S1_S6_chymotrypsin_Hap_g05259_i1	Anogra
OG0000262_00	LOCUS8097	Laspla
OG0000263_00	LOCUS1105	Laspla
OG0000265_00	LOCUS3170	Laspla
OG0000265_01	LOCUS12465	Laspla
OG0000266_00	LOCUS8144	Laspla
OG0000268_00	LOCUS9272	Laspla
OG0000270_00	Cytochrome_P450_g05371_i1	Acafer
OG0000271_00	LOCUS14508	Laspla
OG0000272_00	G6Z76_0002782	Acrcha
OG0000273_00	LOCUS11844	Laspla
OG0000274_00	LOCUS11196	Laspla
OG0000275_00	Peptidase_S1_S6_chymotrypsin_Hap_g00467_i1	Acafer
OG0000277_00	LOCUS8510	Laspla
OG0000278_00	LOCUS8951-2	Laspla
OG0000279_00	LOCUS835	Laspla
OG0000280_00	G6Z77_0005252	Acrhey
OG0000281_00	LOCUS13346	Laspla
OG0000281_01	LOCUS578	Laspla
OG0000284_00	LOCUS9935	Laspla
OG0000286_00	Peptidase_C19_ubiquitin_carboxyl-terminal_hydrolase_2_g01702_i1	Anogra
OG0000287_00	LOCUS13923	Laspla
OG0000288_00	LOCUS6912	Laspla
OG0000290_00	LOCUS1176	Laspla
OG0000290_01	LOCUS9358	Laspla
OG0000291_00	LOCUS3531	Laspla
OG0000292_00	Cytochrome_P450_g09771_i1	Acafer
OG0000293_00	LOCUS14640-2	Laspla
OG0000293_01	LOCUS14639	Laspla
OG0000295_00	G6Z76_0012051	Acrcha
OG0000295_01	LOCUS4219	Laspla
OG0000296_00	LOCUS2586	Laspla
OG0000297_00	LOCUS4541	Laspla
OG0000297_01	LOCUS315	Laspla
OG0000299_00	LOCUS6763	Laspla
OG0000300_00	LOCUS8750	Laspla
OG0000301_00	LOCUS3644	Laspla
OG0000301_01	LOCUS13898	Laspla
OG0000302_00	LOCUS11303	Laspla
OG0000303_00	ACFW04_008508	Catnig
OG0000303_01	LOCUS3971	Laspla
OG0000304_00	Rpd3_g17988_i1	Acafer
OG0000304_01	LOCUS12069	Laspla
OG0000305_00	LOCUS6765	Laspla
OG0000305_01	LOCUS6767	Laspla
OG0000306_00	LOCUS7494	Laspla
OG0000307_00	LOCUS2831-2	Laspla
OG0000307_01	LOCUS5318	Laspla
OG0000310_00	LOCUS13520	Laspla
OG0000311_00	LOCUS3451	Laspla
OG0000312_00	LOCUS13278	Laspla
OG0000313_00	Peptidase_C48_SUMO_Sentrin_Ubl1_g13448_i1	Acafer
OG0000314_00	LOCUS10288	Laspla
OG0000317_00	LOCUS6914	Laspla
OG0000318_00	LOCUS9334	Laspla
OG0000320_00	HN011_001538	Ecibur
OG0000323_00	LOCUS12524	Laspla
OG0000323_01	LOCUS13126	Laspla
OG0000325_00	Elongases_g11326_i1	Acafer
OG0000326_00	LOCUS10421	Laspla
OG0000328_00	G6Z76_0008744	Acrcha
OG0000329_00	LOCUS8884	Laspla
OG0000329_01	LOCUS7652	Laspla
OG0000332_00	G6Z76_0009948	Acrcha
OG0000334_00	LOCUS13542	Laspla
OG0000335_00	Peptidase_C26_gamma-glutamyl_hydrolase_g02125_i1	Acrame
OG0000335_01	Peptidase_C26_gamma-glutamyl_hydrolase_g12067_i1	Anogra
OG0000336_00	LOCUS1299	Laspla
OG0000337_00	G6Z76_0011621	Acrcha
OG0000339_00	Peptidase_S1_S6_chymotrypsin_Hap_g13891_i1	Anoris
OG0000340_00	LOCUS14036	Laspla
OG0000340_01	LOCUS6216	Laspla
OG0000341_00	LOCUS5325	Laspla
OG0000342_00	LOCUS1127	Laspla
OG0000343_00	LOCUS9300	Laspla
OG0000345_00	LOCUS12511	Laspla
OG0000345_01	LOCUS12513	Laspla
OG0000347_00	LOCUS3899	Laspla
OG0000347_01	LOCUS3898	Laspla
OG0000348_00	LOCUS7228	Laspla
OG0000349_00	G6Z77_0014148	Acrhey
OG0000350_00	polyketide_synthase_enoylreductase_domain_g00967_i1	Acafer
OG0000351_00	LOCUS3601	Laspla
OG0000358_00	LOCUS8547	Laspla
OG0000359_00	LOCUS7648	Laspla
OG0000361_00	LOCUS5771	Laspla
OG0000363_00	LOCUS3716	Laspla
OG0000365_00	LOCUS12052	Laspla
OG0000367_00	G6Z76_0003839	Acrcha
OG0000369_00	LOCUS13586	Laspla
OG0000370_00	LOCUS4997	Laspla
OG0000371_00	Peptidase_S1_S6_chymotrypsin_Hap_g10774_i1	Acafer
OG0000372_00	G6Z76_0005268	Acrcha
OG0000373_00	LOCUS12214	Laspla
OG0000373_01	G6Z76_0008050	Acrcha
OG0000374_00	LOCUS9071-2	Laspla
OG0000375_00	LOCUS6930	Laspla
OG0000377_00	Peptidase_S1_S6_chymotrypsin_Hap_g15919_i2	Acrsub
OG0000378_00	Peptidase_M20_dimerisation_g13545_i1	Acrech
OG0000379_00	LOCUS4368	Laspla
OG0000380_00	LOCUS13503	Laspla
OG0000383_00	LOCUS11840	Laspla
OG0000384_00	LOCUS2140	Laspla
OG0000385_00	G6Z75_0012834	Acrins
OG0000386_00	LOCUS14720	Laspla
OG0000387_00	LOCUS3212	Laspla
OG0000388_00	G6Z76_0001274	Acrcha
OG0000390_00	ACFW04_010438	Catnig
OG0000391_00	LOCUS7311	Laspla
OG0000392_00	LOCUS12805	Laspla
OG0000394_00	LOCUS3522	Laspla
OG0000396_00	LOCUS5562	Laspla
OG0000397_00	LOCUS11468	Laspla
OG0000398_00	LOCUS8116	Laspla
OG0000399_00	LOCUS139	Laspla
OG0000400_00	LOCUS1963	Laspla
OG0000402_00	LOCUS6230	Laspla
OG0000403_00	LOCUS3778	Laspla
OG0000404_00	HN011_009768	Ecibur
OG0000405_00	LOCUS3530	Laspla
OG0000409_00	LOCUS8652	Laspla
OG0000411_00	LOCUS2847	Laspla
OG0000412_00	LOCUS2703	Laspla
OG0000413_00	G6Z76_0011126	Acrcha
OG0000414_00	LOCUS5319	Laspla
OG0000415_00	G6Z76_0013098	Acrcha
OG0000416_00	Elongases_g16712_i1	Acafer
OG0000417_00	Peptidase_M1_membrane_alanine_aminopeptidase_N-terminal_g02636_i1	Acrame
OG0000418_00	LOCUS7853	Laspla
OG0000420_00	LOCUS1357	Laspla
OG0000421_00	LOCUS11435	Laspla
OG0000422_00	G6Z76_0012992	Acrcha
OG0000423_00	Peptidase_S10_serine_carboxypeptidase_g10476_i1	Acafer
OG0000426_00	LOCUS14082	Laspla
OG0000428_00	Peptidase_S10_serine_carboxypeptidase_g16690_i1	Acafer
OG0000429_00	LOCUS2604	Laspla
OG0000431_00	LOCUS7252	Laspla
OG0000432_00	G6Z77_0013403	Acrhey
OG0000433_00	Cytochrome_P450_g12988_i1	Acafer
OG0000436_00	G6Z76_0013119	Acrcha
OG0000437_00	LOCUS1179	Laspla
OG0000438_00	G6Z76_0013092	Acrcha
OG0000439_00	LOCUS13219	Laspla
OG0000440_00	LOCUS2574	Laspla
OG0000441_00	LOCUS5543	Laspla
OG0000442_00	LOCUS3325	Laspla
OG0000443_00	LOCUS10640	Laspla
OG0000445_00	Peptidase_C14_caspase_non-catalytic_subunit_p10_g04382_i1	Acrech
OG0000446_00	G6Z76_0000794	Acrcha
OG0000447_00	Cytochrome_P450_g15057_i1	Acafer
OG0000449_00	G6Z77_0005347	Acrhey
OG0000450_00	LOCUS10214	Laspla
OG0000451_00	Pilosulin_g13822_i1	Parasp
OG0000452_00	ACFW04_000554	Catnig
OG0000455_00	LOCUS10188	Laspla
OG0000456_00	G6Z76_0007302	Acrcha
OG0000456_01	G6Z77_0008523	Acrhey
OG0000458_00	LOCUS3891	Laspla
OG0000462_00	LOCUS4624	Laspla
OG0000463_00	G6Z77_0009811	Acrhey
OG0000464_00	Cytochrome_P450_g17148_i1	Acafer
OG0000465_00	LOCUS376	Laspla
OG0000466_00	HN011_001303	Ecibur
OG0000468_00	LOCUS5352	Laspla
OG0000469_00	LOCUS11344	Laspla
OG0000470_00	Carboxylesterase_type_B_g08272_i1	Pogbar
OG0000470_01	G6Z76_0001718	Acrcha
OG0000471_00	LOCUS6407	Laspla
OG0000473_00	LOCUS11194	Laspla
OG0000474_00	LOCUS10044	Laspla
OG0000476_00	Alpha_beta_hydrolase_fold-1_g18422_i1	Acafer
OG0000478_00	LOCUS2089	Laspla
OG0000479_00	LOCUS5390	Laspla
OG0000480_00	LOCUS5920-2	Laspla
OG0000481_00	LOCUS839	Laspla
OG0000482_00	LOCUS8381	Laspla
OG0000483_00	LOCUS825	Laspla
OG0000485_00	LOCUS3482	Laspla
OG0000486_00	LOCUS8126-2	Laspla
OG0000487_00	LOCUS11305-2	Laspla
OG0000489_00	Peptidase_C14_caspase_non-catalytic_subunit_p10_g08462_i1	Acrech
OG0000491_00	LOCUS4021	Laspla
OG0000492_00	Lamin_B1_g09402_i1	Acafer
OG0000493_00	Cytochrome_P450_g12019_i1	Rosmin
OG0000494_00	LOCUS13176	Laspla
OG0000495_00	LOCUS13240	Laspla
OG0000496_00	LOCUS11586-2	Laspla
OG0000500_00	G6Z76_0004640	Acrcha
OG0000501_00	Cytochrome_P450_g10809_i1	Acafer
OG0000503_00	LOCUS13994	Laspla
OG0000504_00	LOCUS8705	Laspla
OG0000505_00	LOCUS12857	Laspla
OG0000506_00	G6Z76_0010279	Acrcha
OG0000507_00	LOCUS6694	Laspla
OG0000508_00	LOCUS9257	Laspla
OG0000509_00	LOCUS2870-2	Laspla
OG0000512_00	G6Z76_0003066	Acrcha
OG0000513_00	G6Z76_0012594	Acrcha
OG0000514_00	LOCUS5921	Laspla
OG0000514_01	LOCUS6164	Laspla
OG0000515_00	LOCUS2379	Laspla
OG0000516_00	G6Z76_0014595	Acrcha
OG0000518_00	G6Z76_0010688	Acrcha
OG0000519_00	LOCUS8316	Laspla
OG0000519_01	LOCUS12878	Laspla
OG0000520_00	LOCUS6135	Laspla
OG0000521_00	LOCUS6374	Laspla
OG0000522_00	LOCUS2032	Laspla
OG0000523_00	Cytochrome_P450_g13429_i1	Acafer
OG0000524_00	LOCUS8874	Laspla
OG0000525_00	LOCUS10119	Laspla
OG0000526_00	LOCUS6061	Laspla
OG0000527_00	G6Z76_0009544	Acrcha
OG0000528_00	JmjC_g15322_i1	Anogra
OG0000529_00	LOCUS2190	Laspla
OG0000530_00	LOCUS6661	Laspla
OG0000531_00	G6Z76_0007762	Acrcha
OG0000532_00	LOCUS7986	Laspla
OG0000533_00	LOCUS13535	Laspla
OG0000534_00	LOCUS4177	Laspla
OG0000535_00	G6Z76_0009888	Acrcha
OG0000536_00	LOCUS12887	Laspla
OG0000537_00	LOCUS516	Laspla
OG0000538_00	LOCUS6915	Laspla
OG0000541_00	G6Z75_0012432	Acrins
OG0000542_00	LOCUS3908	Laspla
OG0000543_00	LOCUS145	Laspla
OG0000544_00	LOCUS5545	Laspla
OG0000545_00	LOCUS6168	Laspla
OG0000546_00	LOCUS10724	Laspla
OG0000547_00	LOCUS7174	Laspla
OG0000548_00	G6Z76_0004952	Acrcha
OG0000551_00	LOCUS7600	Laspla
OG0000552_00	LOCUS10836	Laspla
OG0000554_00	LOCUS2919	Laspla
OG0000555_00	LOCUS6138	Laspla
OG0000556_00	LOCUS12090	Laspla
OG0000557_00	LOCUS12741	Laspla
OG0000558_00	LOCUS11014	Laspla
OG0000559_00	Peptidase_C1A_papain_C-terminal_g14599_i2	Acafer
OG0000560_00	LOCUS13458	Laspla
OG0000561_00	LOCUS13618	Laspla
OG0000562_00	LOCUS12015	Laspla
OG0000563_00	LOCUS13186	Laspla
OG0000564_00	LOCUS10825-2	Laspla
OG0000565_00	G6Z77_0009745	Acrhey
OG0000567_00	LOCUS12677	Laspla
OG0000568_00	LOCUS13949	Laspla
OG0000569_00	Glutathione_S-transferases_g15552_i1	Acrame
OG0000570_00	LOCUS10679	Laspla
OG0000571_00	LOCUS7191	Laspla
OG0000572_00	LOCUS6750	Laspla
OG0000573_00	Cytochrome_P450_g16685_i1	Acafer
OG0000574_00	LOCUS998-2	Laspla
OG0000574_01	G6Z76_0011585	Acrcha
OG0000575_00	acyl-CoA_desaturases_g18401_i1	Acafer
OG0000576_00	G6Z76_0000638	Acrcha
OG0000577_00	LOCUS3390	Laspla
OG0000578_00	LOCUS2252	Laspla
OG0000579_00	acyl_carrier_protein_domain_g02926_i1	Acafer
OG0000580_00	G6Z76_0014546	Acrcha
OG0000581_00	Hsp90_100_g13088_i2	Acafer
OG0000582_00	LOCUS10494	Laspla
OG0000587_00	LOCUS13984	Laspla
OG0000588_00	LOCUS13462	Laspla
OG0000589_00	G6Z75_0005087	Acrins
OG0000590_00	LOCUS12637	Laspla
OG0000591_00	LOCUS9378	Laspla
OG0000592_00	HN011_004346	Ecibur
OG0000593_00	G6Z76_0013648	Acrcha
OG0000594_00	LOCUS1949	Laspla
OG0000595_00	LOCUS1269	Laspla
OG0000596_00	LOCUS4139	Laspla
OG0000597_00	LOCUS3747	Laspla
OG0000598_00	LOCUS13012	Laspla
OG0000599_00	LOCUS3960	Laspla
OG0000600_00	LOCUS8798	Laspla
OG0000601_00	LOCUS3697	Laspla
OG0000602_00	PHD_finger_g15013_i1	Acafer
OG0000605_00	LOCUS2360	Laspla
OG0000606_00	G6Z76_0011124	Acrcha
OG0000607_00	Peptidase_S16_lon_N-terminal_g17372_i1	Acafer
OG0000608_00	LOCUS13960	Laspla
OG0000609_00	LOCUS3196	Laspla
OG0000610_00	LOCUS6081	Laspla
OG0000611_00	LOCUS13499	Laspla
OG0000612_00	MRJP_g02981_i1	Acafer
OG0000613_00	LOCUS13626	Laspla
OG0000614_00	LOCUS6110	Laspla
OG0000615_00	LOCUS10697	Laspla
OG0000616_00	LOCUS3597-2	Laspla
OG0000617_00	LOCUS11319	Laspla
OG0000619_00	LOCUS2485	Laspla
OG0000620_00	Peptidase_S1_S6_chymotrypsin_Hap_g00696_i1	Acafer
OG0000621_00	LOCUS8113	Laspla
OG0000622_00	LOCUS6345	Laspla
OG0000623_00	LOCUS3469	Laspla
OG0000624_00	G6Z76_0008945	Acrcha
OG0000625_00	G6Z76_0004314	Acrcha
OG0000626_00	LOCUS13149	Laspla
OG0000627_00	LOCUS2994	Laspla
OG0000628_00	LOCUS10085	Laspla
OG0000629_00	LOCUS3748	Laspla
OG0000630_00	LOCUS2210	Laspla
OG0000631_00	LOCUS380	Laspla
OG0000632_00	Insulin-like_g03579_i2	Acrame
OG0000633_00	LOCUS1309	Laspla
OG0000635_00	LOCUS3134	Laspla
OG0000636_00	LOCUS6212	Laspla
OG0000637_00	LOCUS10395	Laspla
OG0000638_00	LOCUS10516	Laspla
OG0000639_00	LOCUS820	Laspla
OG0000640_00	Chitinase_g14345_i1	Acafer
OG0000641_00	LOCUS6929	Laspla
OG0000643_00	LOCUS12860	Laspla
OG0000644_00	LOCUS11775	Laspla
OG0000645_00	LOCUS6100	Laspla
OG0000646_00	LOCUS9188	Laspla
OG0000648_00	Peptidase_M1_membrane_alanine_aminopeptidase_N-terminal_g03447_i1	Acafer
OG0000649_00	LOCUS2667	Laspla
OG0000650_00	LOCUS455	Laspla
OG0000651_00	LOCUS9538	Laspla
OG0000652_00	LOCUS3225	Laspla
OG0000653_00	G6Z76_0014518	Acrcha
OG0000654_00	LOCUS2053	Laspla
OG0000655_00	LOCUS11568	Laspla
OG0000656_00	LOCUS13138	Laspla
OG0000657_00	G6Z76_0005157	Acrcha
OG0000658_00	LOCUS4173	Laspla
OG0000659_00	LOCUS4076	Laspla
OG0000660_00	acyl-CoA_desaturases_g02193_i4	Acafer
OG0000663_00	LOCUS10615	Laspla
OG0000664_00	G6Z76_0002463	Acrcha
OG0000666_00	ACFW04_009126	Catnig
OG0000667_00	G6Z76_0000650	Acrcha
OG0000668_00	LOCUS7104	Laspla
OG0000669_00	LOCUS12271	Laspla
OG0000670_00	LOCUS1205-2	Laspla
OG0000671_00	LOCUS7843	Laspla
OG0000672_00	Cytochrome_P450_g02804_i1	Acafer
OG0000675_00	LOCUS10061-2	Laspla
OG0000676_00	HN011_005936	Ecibur
OG0000677_00	LOCUS405	Laspla
OG0000678_00	LOCUS1121	Laspla
OG0000679_00	LOCUS8981	Laspla
OG0000680_00	LOCUS11137	Laspla
OG0000682_00	LOCUS3326	Laspla
OG0000683_00	G6Z76_0009162	Acrcha
OG0000684_00	LOCUS3143	Laspla
OG0000685_00	Peptidase_S1_S6_chymotrypsin_Hap_g01076_i1	Acafer
OG0000687_00	LOCUS222	Laspla
OG0000688_00	G6Z76_0004475	Acrcha
OG0000692_00	G6Z76_0012071	Acrcha
OG0000693_00	LOCUS13996	Laspla
OG0000694_00	LOCUS8124	Laspla
OG0000695_00	LOCUS10979	Laspla
OG0000696_00	G6Z76_0003765	Acrcha
OG0000697_00	LOCUS6145-2	Laspla
OG0000698_00	Peptidase_M12B_ADAM-TS_g09168_i1	Acafer
OG0000699_00	LOCUS11855	Laspla
OG0000700_00	LOCUS12730	Laspla
OG0000701_00	groucho_g17196_i1	Acafer
OG0000702_00	G6Z76_0012078	Acrcha
OG0000703_00	G6Z76_0006645	Acrcha
OG0000704_00	LOCUS3632	Laspla
OG0000705_00	Adipokinetic_hormone_receptor_g11878_i2	Acafer
OG0000706_00	LOCUS4609	Laspla
OG0000707_00	LOCUS6951	Laspla
OG0000708_00	LOCUS13854	Laspla
OG0000709_00	LOCUS7982	Laspla
OG0000711_00	LOCUS7320	Laspla
OG0000712_00	LOCUS5775	Laspla
OG0000713_00	LOCUS9987	Laspla
OG0000714_00	LOCUS3429	Laspla
OG0000715_00	HN011_008598	Ecibur
OG0000716_00	G6Z76_0013499	Acrcha
OG0000716_01	LOCUS11441	Laspla
OG0000717_00	LOCUS9410-2	Laspla
OG0000718_00	LOCUS7762	Laspla
OG0000719_00	HMG_Coenzyme-A_reductase_g09431_i1	Acafer
OG0000720_00	LOCUS1277-2	Laspla
OG0000721_00	LOCUS12342-2	Laspla
OG0000722_00	LOCUS12449	Laspla
OG0000723_00	LOCUS2300	Laspla
OG0000724_00	Alpha_beta_hydrolase_fold-1_g07409_i1	Acafer
OG0000725_00	LOCUS11861	Laspla
OG0000726_00	LOCUS7497	Laspla
OG0000727_00	LOCUS2139	Laspla
OG0000728_00	G6Z76_0007316	Acrcha
OG0000729_00	LOCUS3662	Laspla
OG0000730_00	Peptidase_C65_otubain_g07183_i1	Acafer
OG0000731_00	G6Z76_0007337	Acrcha
OG0000732_00	LOCUS13296	Laspla
OG0000733_00	LOCUS1920	Laspla
OG0000734_00	LOCUS10967	Laspla
OG0000735_00	LOCUS10772	Laspla
OG0000736_00	LOCUS2386	Laspla
OG0000737_00	LOCUS2512-2	Laspla
OG0000738_00	LOCUS3613	Laspla
OG0000739_00	LOCUS10885	Laspla
OG0000740_00	LOCUS10290	Laspla
OG0000741_00	Cytochrome_P450_g14781_i1	Acafer
OG0000742_00	LOCUS11692	Laspla
OG0000744_00	LOCUS12790	Laspla
OG0000745_00	LOCUS159	Laspla
OG0000746_00	LOCUS10874	Laspla
OG0000747_00	G6Z76_0000256	Acrcha
OG0000748_00	G6Z76_0014618	Acrcha
OG0000749_00	LOCUS3944	Laspla
OG0000750_00	LOCUS8004	Laspla
OG0000751_00	Carboxylesterase_type_B_g06413_i1	Acafer
OG0000752_00	LOCUS7164	Laspla
OG0000753_00	LOCUS10624	Laspla
OG0000754_00	LOCUS3407	Laspla
OG0000755_00	G6Z76_0005591	Acrcha
OG0000756_00	G6Z76_0013117	Acrcha
OG0000757_00	LOCUS8659-4	Laspla
OG0000758_00	LOCUS5800	Laspla
OG0000759_00	G6Z76_0010228	Acrcha
OG0000760_00	LOCUS8284	Laspla
OG0000761_00	LOCUS10616	Laspla
OG0000762_00	LOCUS8778	Laspla
OG0000763_00	LOCUS6954	Laspla
OG0000764_00	LOCUS1064	Laspla
OG0000765_00	LOCUS11322	Laspla
OG0000766_00	Peptidase_M1_membrane_alanine_aminopeptidase_N-terminal_g18396_i1	Acafer
OG0000768_00	LOCUS12731	Laspla
OG0000769_00	LOCUS8052	Laspla
OG0000770_00	LOCUS11356	Laspla
OG0000771_00	G6Z76_0008872	Acrcha
OG0000772_00	Peptidase_S1_S6_chymotrypsin_Hap_g03062_i1	Caresp
OG0000773_00	LOCUS7312	Laspla
OG0000774_00	LOCUS11763	Laspla
OG0000775_00	G6Z76_0003764	Acrcha
OG0000776_00	LOCUS10765	Laspla
OG0000777_00	G6Z76_0002420	Acrcha
OG0000778_00	LOCUS14582	Laspla
OG0000779_00	LOCUS10131	Laspla
OG0000780_00	LOCUS2550	Laspla
OG0000781_00	LOCUS7149	Laspla
OG0000782_00	JH_acid_methyltransferase_g00230_i1	Acafer
OG0000783_00	LOCUS13538	Laspla
OG0000785_00	G6Z77_0004383	Acrhey
OG0000786_00	Peptidase_S1_S6_chymotrypsin_Hap_g12935_i1	Acafer
OG0000787_00	LOCUS728	Laspla
OG0000788_00	ACFW04_007773	Catnig
OG0000789_00	LOCUS11642	Laspla
OG0000790_00	LOCUS13447	Laspla
OG0000791_00	LOCUS2355	Laspla
OG0000792_00	LOCUS915	Laspla
OG0000793_00	LOCUS10363	Laspla
OG0000794_00	LOCUS11300	Laspla
OG0000795_00	LOCUS8651	Laspla
OG0000796_00	LOCUS14405	Laspla
OG0000797_00	Peptidase_S1_S6_chymotrypsin_Hap_g13687_i1	Probru
OG0000798_00	LOCUS2918	Laspla
OG0000799_00	LOCUS3968	Laspla
OG0000800_00	LOCUS7713	Laspla
OG0000802_00	LOCUS2981	Laspla
OG0000804_00	LOCUS5351	Laspla
OG0000805_00	G6Z76_0000461	Acrcha
OG0000806_00	LOCUS11436	Laspla
OG0000807_00	LOCUS4276	Laspla
OG0000808_00	LOCUS7972	Laspla
OG0000809_00	LOCUS3921	Laspla
OG0000810_00	LOCUS8038-2	Laspla
OG0000811_00	LOCUS3596	Laspla
OG0000812_00	LOCUS9911	Laspla
OG0000814_00	LOCUS7024	Laspla
OG0000815_00	LOCUS5867	Laspla
OG0000816_00	LOCUS3840	Laspla
OG0000817_00	LOCUS13774	Laspla
OG0000818_00	LOCUS13563	Laspla
OG0000819_00	LOC126858504	Cathis
OG0000820_00	LOCUS12011	Laspla
OG0000821_00	LOCUS11280	Laspla
OG0000823_00	LOCUS11678	Laspla
OG0000824_00	LOCUS1986	Laspla
OG0000825_00	LOCUS10156-2	Laspla
OG0000826_00	LOCUS6213	Laspla
OG0000828_00	acyl-CoA_desaturases_g18397_i1	Acafer
OG0000830_00	LOCUS2503	Laspla
OG0000831_00	LOCUS5442	Laspla
OG0000832_00	G6Z76_0003636	Acrcha
OG0000833_00	LOCUS5770	Laspla
OG0000834_00	G6Z76_0003344	Acrcha
OG0000835_00	LOCUS1141	Laspla
OG0000836_00	LOCUS9394	Laspla
OG0000837_00	LOCUS6316	Laspla
OG0000838_00	LOCUS13672	Laspla
OG0000839_00	LOCUS2382	Laspla
OG0000840_00	LOCUS10022-2	Laspla
OG0000841_00	LOCUS13897	Laspla
OG0000843_00	G6Z75_0005084	Acrins
OG0000845_00	LOCUS2983	Laspla
OG0000846_00	LOCUS3892	Laspla
OG0000847_00	aub_g04314_i2_split1	Solinv
OG0000848_00	LOCUS13227	Laspla
OG0000849_00	LOCUS6416	Laspla
OG0000850_00	G6Z76_0008228	Acrcha
OG0000851_00	HOX_domain_g11653_i1	Myrmen
OG0000852_00	Peptidase_T2_asparaginase_2_g17819_i1	Acafer
OG0000853_00	LOCUS6209	Laspla
OG0000854_00	LOCUS10966	Laspla
OG0000855_00	LOCUS2160	Laspla
OG0000856_00	LOCUS833	Laspla
OG0000857_00	G6Z76_0001165	Acrcha
OG0000858_00	LOCUS9161	Laspla
OG0000859_00	LOCUS8196	Laspla
OG0000860_00	LOCUS10448	Laspla
OG0000861_00	G6Z77_0015427	Acrhey
OG0000862_00	G6Z77_0004354	Acrhey
OG0000864_00	cSerineProteases_g12249_i1_split2	Myrpil
OG0000865_00	Alpha_beta_hydrolase_fold-1_g16529_i1	Acroct
OG0000866_00	LOCUS12033	Laspla
OG0000867_00	LOCUS5919	Laspla
OG0000868_00	LOCUS10329	Laspla
OG0000869_00	LOCUS11261	Laspla
OG0000870_00	LOCUS7508	Laspla
OG0000871_00	G6Z76_0008710	Acrcha
OG0000872_00	G6Z76_0014048	Acrcha
OG0000873_00	LOCUS6350	Laspla
OG0000874_00	G6Z76_0014644	Acrcha
OG0000875_00	LOCUS2306	Laspla
OG0000876_00	LOCUS8752-2	Laspla
OG0000877_00	LOCUS2634	Laspla
OG0000878_00	Beta-galactosidase_g15650_i1	Acafer
OG0000879_00	Peptidase_S1_S6_chymotrypsin_Hap_g07921_i1	Acafer
OG0000880_00	LOCUS2271	Laspla
OG0000881_00	LOCUS5986	Laspla
OG0000882_00	LOCUS10766	Laspla
OG0000883_00	LOCUS1271	Laspla
OG0000884_00	LOCUS2387	Laspla
OG0000885_00	LOCUS9135	Laspla
OG0000886_00	LOCUS7132	Laspla
OG0000887_00	LOCUS14677	Laspla
OG0000888_00	Ankyrin_g00363_i1	Acafer
OG0000891_00	Peptidase_M13_g05328_i2	Acafer
OG0000892_00	Peptidase_M13_g15066_i1	Acafer
OG0000893_00	LOCUS10215	Laspla
OG0000895_00	LOCUS12055	Laspla
OG0000896_00	G6Z76_0000562	Acrcha
OG0000897_00	LOCUS7542-2	Laspla
OG0000898_00	ACFW04_007390	Catnig
OG0000899_00	LOCUS12531	Laspla
OG0000900_00	LOCUS13992	Laspla
OG0000901_00	Peptidase_S28_g14572_i1	Acafer
OG0000902_00	LOCUS10642	Laspla
OG0000903_00	LOCUS11085	Laspla
OG0000904_00	G6Z76_0002383	Acrcha
OG0000906_00	LOCUS9367	Laspla
OG0000907_00	LOCUS3423	Laspla
OG0000908_00	LOCUS8060	Laspla
OG0000909_00	LOCUS876	Laspla
OG0000910_00	LOCUS9189	Laspla
OG0000911_00	LOCUS6514	Laspla
OG0000911_01	Hsp40_g00333_i2	Acafer
OG0000912_00	LOCUS11857	Laspla
OG0000913_00	LOCUS4588	Laspla
OG0000914_00	ACFW04_006064	Catnig
OG0000915_00	LOCUS5396	Laspla
OG0000916_00	LOCUS8006	Laspla
OG0000917_00	LOCUS10751	Laspla
OG0000918_00	ACFW04_009780	Catnig
OG0000919_00	Chitinase_g07651_i1	Acafer
OG0000920_00	LOCUS13120-2	Laspla
OG0000921_00	LOCUS12405	Laspla
OG0000922_00	LOCUS9923	Laspla
OG0000923_00	LOCUS6097	Laspla
OG0000924_00	LOCUS2568	Laspla
OG0000925_00	LOCUS11778	Laspla
OG0000926_00	HOX_domain_g05127_i1	Acafer
OG0000927_00	LOCUS13661	Laspla
OG0000928_00	LOCUS8507	Laspla
OG0000929_00	LOCUS13888	Laspla
OG0000930_00	LOCUS13028	Laspla
OG0000931_00	LOCUS797	Laspla
OG0000932_00	G6Z76_0011733	Acrcha
OG0000933_00	LOCUS2447	Laspla
OG0000934_00	G6Z76_0008155	Acrcha
OG0000935_00	LOCUS1031	Laspla
OG0000936_00	LOCUS6969	Laspla
OG0000937_00	Peptidase_M16C_associated_g06283_i1	Anogra
OG0000939_00	P5V15_014569	Pogcal
OG0000942_00	LOCUS8831	Laspla
OG0000943_00	G6Z76_0002989	Acrcha
OG0000944_00	LOCUS384	Laspla
OG0000945_00	LOCUS13377	Laspla
OG0000946_00	LOCUS11138	Laspla
OG0000947_00	LOCUS3065	Laspla
OG0000948_00	LOCUS8242	Laspla
OG0000949_00	Peptidase_M28_g14441_i1	Acafer
OG0000950_00	LOCUS1152	Laspla
OG0000951_00	LOCUS4995	Laspla
OG0000952_00	LOCUS2172	Laspla
OG0000953_00	LOCUS2012-2	Laspla
OG0000954_00	LOCUS9079	Laspla
OG0000955_00	LOCUS969	Laspla
OG0000956_00	G6Z76_0009681	Acrcha
OG0000957_00	Kinase-S6K_g09403_i1	Acafer
OG0000958_00	LOCUS3140	Laspla
OG0000959_00	LOCUS10667	Laspla
OG0000960_00	LOCUS3062	Laspla
OG0000961_00	LOCUS5145	Laspla
OG0000962_00	G6Z76_0000626	Acrcha
OG0000963_00	LOCUS11318	Laspla
OG0000964_00	LOCUS10892	Laspla
OG0000965_00	LOCUS8214	Laspla
OG0000966_00	LOCUS10675	Laspla
OG0000967_00	acyl-CoA_desaturases_g15042_i1	Acafer
OG0000968_00	LOCUS3211	Laspla
OG0000969_00	LOCUS5774	Laspla
OG0000970_00	LOCUS11730	Laspla
OG0000971_00	LOCUS5765	Laspla
OG0000972_00	LOCUS4701	Laspla
OG0000973_00	LOCUS5185	Laspla
OG0000974_00	G6Z76_0000185	Acrcha
OG0000975_00	G6Z76_0005660	Acrcha
OG0000976_00	LOCUS6837	Laspla
OG0000977_00	LOCUS14006	Laspla
OG0000978_00	LOCUS10499	Laspla
OG0000979_00	LOCUS9926	Laspla
OG0000980_00	Peptidase_S1_S6_chymotrypsin_Hap_g15438_i2	Acafer
OG0000981_00	LOCUS11931	Laspla
OG0000981_01	LOCUS11932	Laspla
OG0000982_00	LOCUS8841	Laspla
OG0000983_00	LOCUS9210	Laspla
OG0000984_00	LOCUS13990	Laspla
OG0000985_00	LOCUS2470	Laspla
OG0000986_00	LOCUS7133	Laspla
OG0000987_00	LOCUS2446	Laspla
OG0000988_00	LOCUS12072	Laspla
OG0000989_00	LOCUS12066	Laspla
OG0000990_00	Peptidase_M12B_ADAM_reprolysin_g15321_i1	Lasneg
OG0000992_00	LOCUS7870	Laspla
OG0000993_00	LOCUS5925	Laspla
OG0000994_00	LOCUS13470	Laspla
OG0000997_00	beta-catenin_g01616_i1	Acafer
OG0000998_00	LOCUS1054	Laspla
OG0000999_00	LOCUS13127	Laspla
OG0001000_00	Peptidase_S59_nucleoporin_g06290_i1	Acafer
OG0001001_00	LOCUS3330	Laspla
OG0001002_00	LOCUS7813	Laspla
OG0001004_00	LOCUS8354	Laspla
OG0001005_00	LOCUS6334	Laspla
OG0001006_00	LOCUS2934	Laspla
OG0001007_00	LOCUS2738	Laspla
OG0001008_00	LOCUS6938	Laspla
OG0001009_00	LOCUS13951	Laspla
OG0001010_00	LOCUS6117	Laspla
OG0001011_00	LOCUS8153	Laspla
OG0001012_00	Peptidase_C19_ubiquitin_carboxyl-terminal_hydrolase_2_g00983_i1	Acafer
OG0001013_00	LOCUS13060	Laspla
OG0001014_00	LOCUS12317	Laspla
OG0001015_00	LOCUS2871	Laspla
OG0001016_00	G6Z76_0006650	Acrcha
OG0001017_00	LOCUS2380	Laspla
OG0001018_00	LOCUS10077	Laspla
OG0001019_00	LOCUS5309	Laspla
OG0001020_00	LOCUS5505	Laspla
OG0001021_00	LOCUS2806	Laspla
OG0001022_00	LOCUS10627	Laspla
OG0001023_00	LOCUS6971	Laspla
OG0001024_00	LOCUS7565	Laspla
OG0001027_00	LOCUS9887	Laspla
OG0001028_00	LOCUS2471	Laspla
OG0001029_00	LOCUS6303	Laspla
OG0001030_00	G6Z76_0013547	Acrcha
OG0001031_00	LOCUS6723	Laspla
OG0001032_00	LOCUS1313	Laspla
OG0001033_00	LOCUS7973	Laspla
OG0001034_00	LOCUS13667	Laspla
OG0001035_00	LOCUS10743	Laspla
OG0001036_00	G6Z76_0013561	Acrcha
OG0001037_00	LOCUS12881	Laspla
OG0001038_00	LOCUS6489	Laspla
OG0001039_00	LOCUS11709	Laspla
OG0001040_00	LOCUS3473	Laspla
OG0001041_00	LOCUS5621	Laspla
OG0001042_00	LOCUS13160	Laspla
OG0001043_00	LOCUS563-5	Laspla
OG0001044_00	LOCUS7205	Laspla
OG0001045_00	LOCUS6933	Laspla
OG0001046_00	G6Z76_0006651	Acrcha
OG0001047_00	LOCUS5618	Laspla
OG0001048_00	LOCUS8878	Laspla
OG0001049_00	LOCUS10019	Laspla
OG0001050_00	LOCUS10056	Laspla
OG0001052_00	G6Z76_0014185	Acrcha
OG0001053_00	G6Z76_0009287	Acrcha
OG0001054_00	LOCUS6955	Laspla
OG0001055_00	LOCUS11144	Laspla
OG0001056_00	G6Z77_0013844	Acrhey
OG0001057_00	LOCUS1172	Laspla
OG0001061_00	Chromo-domain_g15165_i1	Acafer
OG0001062_00	LOCUS7698	Laspla
OG0001063_00	ACFW04_009829	Catnig
OG0001064_00	LOCUS6884	Laspla
OG0001065_00	G6Z76_0011574	Acrcha
OG0001066_00	acyl-CoA_desaturases_g18400_i1	Acafer
OG0001067_00	LOCUS5600	Laspla
OG0001068_00	G6Z76_0011942	Acrcha
OG0001069_00	LOCUS13969	Laspla
OG0001070_00	LOCUS521	Laspla
OG0001071_00	LOCUS8296	Laspla
OG0001072_00	LOCUS2112	Laspla
OG0001073_00	G6Z76_0006044	Acrcha
OG0001073_01	ACFW04_009515	Catnig
OG0001074_00	LOCUS12520	Laspla
OG0001075_00	C-5_Dnmt_g11890_i1	Acafer
OG0001076_00	LOCUS7034	Laspla
OG0001077_00	LOCUS7476	Laspla
OG0001078_00	LOCUS6193	Laspla
OG0001079_00	LOCUS6388	Laspla
OG0001080_00	LOCUS9346	Laspla
OG0001081_00	LOCUS8701	Laspla
OG0001082_00	G6Z76_0006098	Acrcha
OG0001083_00	LOCUS4738	Laspla
OG0001084_00	G6Z76_0013513	Acrcha
OG0001085_00	LOCUS6435-2	Laspla
OG0001086_00	G6Z76_0012135	Acrcha
OG0001087_00	LOCUS6619	Laspla
OG0001088_00	LOCUS12036	Laspla
OG0001089_00	LOCUS14580	Laspla
OG0001090_00	LOCUS1308	Laspla
OG0001091_00	LOCUS13135	Laspla
OG0001093_00	LOCUS813	Laspla
OG0001094_00	LOCUS2805	Laspla
OG0001095_00	LOCUS13889	Laspla
OG0001096_00	LOCUS11086	Laspla
OG0001097_00	LOCUS10223	Laspla
OG0001098_00	LOCUS6286-2	Laspla
OG0001099_00	G6Z76_0008426	Acrcha
OG0001100_00	Alpha_beta_hydrolase_fold-1_g07659_i1	Acafer
OG0001101_00	Peptidase_M12A_astacin_g14842_i1	Acafer
OG0001102_00	LOCUS5845	Laspla
OG0001104_00	LOCUS3889	Laspla
OG0001105_00	LOCUS10173	Laspla
OG0001106_00	LOCUS3743	Laspla
OG0001107_00	LOCUS4605	Laspla
OG0001108_00	LOCUS2681	Laspla
OG0001109_00	G6Z76_0006474	Acrcha
OG0001110_00	LOCUS8838	Laspla
OG0001111_00	LOCUS3461	Laspla
OG0001112_00	LOCUS9523	Laspla
OG0001113_00	LOCUS10628	Laspla
OG0001114_00	LOCUS2404	Laspla
OG0001115_00	LOCUS3511	Laspla
OG0001116_00	LOCUS1012	Laspla
OG0001117_00	LOCUS7592	Laspla
OG0001118_00	LOCUS2039	Laspla
OG0001119_00	LOCUS13007	Laspla
OG0001120_00	Arrestin_g10106_i2	Acafer
OG0001121_00	LOCUS13479	Laspla
OG0001122_00	LOCUS13504	Laspla
OG0001123_00	LOCUS14715	Laspla
OG0001124_00	LOCUS12211	Laspla
OG0001125_00	G6Z76_0010260	Acrcha
OG0001126_00	LOCUS6838	Laspla
OG0001127_00	G6Z76_0011550	Acrcha
OG0001128_00	G6Z76_0003371	Acrcha
OG0001129_00	LOCUS11104	Laspla
OG0001130_00	LOCUS13445	Laspla
OG0001131_00	LOCUS6543-2	Laspla
OG0001132_00	LOCUS6313	Laspla
OG0001133_00	G6Z77_0003775	Acrhey
OG0001134_00	LOCUS2309	Laspla
OG0001135_00	LOCUS7864	Laspla
OG0001136_00	LOCUS565	Laspla
OG0001137_00	G6Z76_0006306	Acrcha
OG0001138_00	LOCUS8266	Laspla
OG0001139_00	LOCUS9331	Laspla
OG0001140_00	G6Z76_0007432	Acrcha
OG0001141_00	HOX_domain_g07758_i1	Caralt
OG0001142_00	LOCUS10034	Laspla
OG0001143_00	G6Z76_0005696	Acrcha
OG0001144_00	LOCUS8294	Laspla
OG0001145_00	LOCUS1036	Laspla
OG0001146_00	LOCUS6477	Laspla
OG0001147_00	LOCUS11136	Laspla
OG0001148_00	LOCUS8472	Laspla
OG0001149_00	LOCUS14047	Laspla
OG0001150_00	Carboxylesterase_type_B_g01771_i1	Acafer
OG0001151_00	LOCUS7801	Laspla
OG0001152_00	LOCUS3113	Laspla
OG0001154_00	abd-A_g02219_i1	Acafer
OG0001155_00	LOCUS12067	Laspla
OG0001156_00	LOCUS11080	Laspla
OG0001157_00	LOCUS11495	Laspla
OG0001159_00	LOCUS12834	Laspla
OG0001160_00	Peptidase_S8_S53_subtilisin_kexin_sedolisin_g04219_i1	Acafer
OG0001161_00	LOCUS12503	Laspla
OG0001162_00	LOCUS3756	Laspla
OG0001163_00	LOCUS2333-4	Laspla
OG0001164_00	LOCUS12616	Laspla
OG0001165_00	G6Z76_0009695	Acrcha
OG0001166_00	LOCUS14540	Laspla
OG0001167_00	LOCUS7157	Laspla
OG0001168_00	LOCUS4675	Laspla
OG0001169_00	LOCUS13136	Laspla
OG0001170_00	LOCUS11427-2	Laspla
OG0001171_00	LOCUS2017	Laspla
OG0001172_00	G6Z76_0013520	Acrcha
OG0001173_00	LOCUS4988	Laspla
OG0001174_00	LOCUS11664	Laspla
OG0001175_00	LOCUS5188	Laspla
OG0001176_00	LOCUS9550	Laspla
OG0001177_00	LOCUS1287	Laspla
OG0001178_00	Alpha_beta_hydrolase_fold-1_g08808_i1	Proito
OG0001179_00	LOCUS11398	Laspla
OG0001180_00	LOCUS6001	Laspla
OG0001181_00	LOCUS13276	Laspla
OG0001182_00	G6Z76_0009901	Acrcha
OG0001183_00	G6Z76_0006598	Acrcha
OG0001184_00	LOCUS5636-3	Laspla
OG0001185_00	LOCUS6762	Laspla
OG0001186_00	LOCUS2027	Laspla
OG0001187_00	LOCUS4698	Laspla
OG0001188_00	LOCUS4720	Laspla
OG0001189_00	ACFW04_005506	Catnig
OG0001190_00	LOCUS10497	Laspla
OG0001191_00	LOCUS6367	Laspla
OG0001192_00	LOCUS8176	Laspla
OG0001193_00	Peptidase_C19_ubiquitin_carboxyl-terminal_hydrolase_2_g18711_i1	Acafer
OG0001195_00	LOCUS10293	Laspla
OG0001197_00	LOCUS9537	Laspla
OG0001198_00	LOCUS3612	Laspla
OG0001200_00	LOCUS10977	Laspla
OG0001201_00	LOCUS13071	Laspla
OG0001202_00	G6Z76_0012822	Acrcha
OG0001203_00	LOCUS5205	Laspla
OG0001204_00	Cytochrome_P450_g16686_i1	Acafer
OG0001205_00	LOCUS1976	Laspla
OG0001206_00	LOCUS2621	Laspla
OG0001207_00	LOCUS14647	Laspla
OG0001208_00	LOCUS11827	Laspla
OG0001209_00	LOCUS12708	Laspla
OG0001210_00	G6Z76_0006748	Acrcha
OG0001211_00	LOCUS10623	Laspla
OG0001212_00	LOCUS10244	Laspla
OG0001214_00	G6Z76_0011856	Acrcha
OG0001215_00	LOCUS6115	Laspla
OG0001216_00	LOCUS990	Laspla
OG0001217_00	Peptidase_M1_membrane_alanine_aminopeptidase_N-terminal_g18902_i1	Acafer
OG0001218_00	G6Z76_0011062	Acrcha
OG0001219_00	LOCUS10519	Laspla
OG0001220_00	LOCUS6701	Laspla
OG0001222_00	polyketide_synthase_enoylreductase_domain_g06364_i1	Acafer
OG0001223_00	LOCUS7579	Laspla
OG0001224_00	LOCUS11089	Laspla
OG0001225_00	LOCUS8417	Laspla
OG0001226_00	LOCUS10810	Laspla
OG0001227_00	LOCUS14575	Laspla
OG0001228_00	LOCUS6198	Laspla
OG0001229_00	LOCUS7324	Laspla
OG0001230_00	LOCUS2028	Laspla
OG0001231_00	LOCUS11209	Laspla
OG0001232_00	LOCUS1982	Laspla
OG0001233_00	NOS_g01705_i1	Acafer
OG0001234_00	LOCUS11285	Laspla
OG0001235_00	LOCUS11290	Laspla
OG0001236_00	LOCUS6195	Laspla
OG0001237_00	LOCUS2932	Laspla
OG0001238_00	LOCUS1226	Laspla
OG0001239_00	HN011_009258	Ecibur
OG0001240_00	LOCUS2819	Laspla
OG0001241_00	LOCUS924	Laspla
OG0001242_00	LOCUS2837	Laspla
OG0001243_00	LOCUS2829	Laspla
OG0001244_00	G6Z76_0000737	Acrcha
OG0001245_00	LOCUS7255	Laspla
OG0001246_00	LOCUS5641	Laspla
OG0001247_00	LOCUS9302	Laspla
OG0001248_00	LOCUS8095	Laspla
OG0001249_00	LOCUS6383	Laspla
OG0001250_00	LOCUS14106	Laspla
OG0001251_00	LOCUS3915	Laspla
OG0001252_00	LOCUS7767	Laspla
OG0001253_00	LOCUS12070	Laspla
OG0001254_00	LOCUS7947	Laspla
OG0001255_00	G6Z76_0009781	Acrcha
OG0001256_00	PHD_finger_g07663_i1	Acafer
OG0001257_00	Peptidase_S28_g15134_i1	Acafer
OG0001260_00	LOCUS9336	Laspla
OG0001261_00	LOCUS9166	Laspla
OG0001263_00	LOCUS555	Laspla
OG0001264_00	LOCUS3636	Laspla
OG0001265_00	LOCUS8718	Laspla
OG0001266_00	LOCUS2727	Laspla
OG0001267_00	LOCUS8410	Laspla
OG0001268_00	LOCUS14390	Laspla
OG0001269_00	LOCUS9470	Laspla
OG0001270_00	G6Z76_0011705	Acrcha
OG0001271_00	G6Z76_0011372	Acrcha
OG0001272_00	LOCUS14066	Laspla
OG0001273_00	LOCUS2468	Laspla
OG0001274_00	LOCUS10322	Laspla
OG0001275_00	ACFW04_009752	Catnig
OG0001276_00	LOCUS13562	Laspla
OG0001277_00	LOCUS12166-2	Laspla
OG0001278_00	LOCUS1998	Laspla
OG0001279_00	LOCUS3058	Laspla
OG0001280_00	LOCUS5114	Laspla
OG0001281_00	LOCUS12638	Laspla
OG0001282_00	LOCUS2989	Laspla
OG0001283_00	LOCUS3876	Laspla
OG0001284_00	ACFW04_002506	Catnig
OG0001285_00	LOCUS5392	Laspla
OG0001286_00	G6Z76_0012239	Acrcha
OG0001287_00	LOCUS6612	Laspla
OG0001288_00	G6Z76_0005300	Acrcha
OG0001289_00	LOCUS12633	Laspla
OG0001290_00	LOCUS3651-2	Laspla
OG0001291_00	LOCUS7489	Laspla
OG0001292_00	LOCUS14055	Laspla
OG0001293_00	LOCUS8000	Laspla
OG0001294_00	LOCUS7993	Laspla
OG0001295_00	HOX_domain_g04813_i1	Acafer
OG0001296_00	G6Z76_0002456	Acrcha
OG0001296_01	G6Z76_0002457	Acrcha
OG0001297_00	LOCUS11466	Laspla
OG0001298_00	LOCUS7526	Laspla
OG0001299_00	ACFW04_007677	Catnig
OG0001300_00	LOCUS6194	Laspla
OG0001301_00	LOCUS12996	Laspla
OG0001302_00	LOCUS10713	Laspla
OG0001303_00	LOCUS3366	Laspla
OG0001305_00	LOCUS985	Laspla
OG0001306_00	G6Z76_0006677	Acrcha
OG0001307_00	LOCUS8733	Laspla
OG0001308_00	LOCUS9130-2	Laspla
OG0001309_00	LOCUS2302	Laspla
OG0001310_00	LOCUS14099-2	Laspla
OG0001311_00	LOCUS5531	Laspla
OG0001312_00	LOCUS12127	Laspla
OG0001313_00	LOCUS14118	Laspla
OG0001314_00	LOCUS3515	Laspla
OG0001315_00	LOCUS3842	Laspla
OG0001316_00	LOCUS10926	Laspla
OG0001317_00	LOCUS9958	Laspla
OG0001318_00	LOCUS12050	Laspla
OG0001319_00	Peptidase_C19_ubiquitin_carboxyl-terminal_hydrolase_2_g12775_i1	Acafer
OG0001320_00	Vitellogenin_g15409_i1	Acafer
OG0001321_00	LOCUS13531	Laspla
OG0001322_00	LOCUS10671	Laspla
OG0001323_00	HOX_domain_g01795_i1	Acrame
OG0001324_00	LOCUS4300	Laspla
OG0001325_00	LOCUS4627	Laspla
OG0001326_00	G6Z76_0003948	Acrcha
OG0001327_00	LOCUS1168	Laspla
OG0001328_00	LOCUS10632	Laspla
OG0001330_00	LOCUS10683	Laspla
OG0001331_00	Peptidase_M2_peptidyl-dipeptidase_A_g07609_i1	Acafer
OG0001332_00	G6Z77_0000776	Acrhey
OG0001333_00	LOCUS7861	Laspla
OG0001334_00	G6Z76_0009431	Acrcha
OG0001335_00	HOX_domain_g14052_i1	Temamb
OG0001336_00	G6Z76_0013138	Acrcha
OG0001337_00	Chromo-domain_g07439_i1	Acafer
OG0001338_00	LOCUS12785	Laspla
OG0001339_00	G6Z76_0008068	Acrcha
OG0001340_00	G6Z76_0002013	Acrcha
OG0001341_00	LOCUS14551	Laspla
OG0001342_00	ACFW04_007144	Catnig
OG0001343_00	G6Z76_0004783	Acrcha
OG0001344_00	G6Z76_0011438	Acrcha
OG0001345_00	LOCUS10172	Laspla
OG0001346_00	Peptidase_M12B_ADAM_reprolysin_g13558_i1	Probru
OG0001348_00	LOCUS420	Laspla
OG0001349_00	LOCUS7860	Laspla
OG0001350_00	LOCUS1153	Laspla
OG0001351_00	LOCUS6821	Laspla
OG0001352_00	LOCUS487	Laspla
OG0001353_00	G6Z77_0002574	Acrhey
OG0001354_00	LOCUS270	Laspla
OG0001355_00	Toll_g16558_i1	Forjap
OG0001356_00	HOX_domain_g13708_i1	Acafer
OG0001357_00	LOCUS6637	Laspla
OG0001358_00	G6Z76_0014009	Acrcha
OG0001359_00	G6Z76_0007260	Acrcha
OG0001360_00	LOCUS5985	Laspla
OG0001361_00	Peptidase_C19_ubiquitin_carboxyl-terminal_hydrolase_2_g10134_i2	Ectoja
OG0001362_00	LOCUS2587	Laspla
OG0001363_00	LOCUS8873	Laspla
OG0001364_00	LOCUS3516	Laspla
OG0001365_00	LOCUS11317	Laspla
OG0001366_00	LOCUS10965	Laspla
OG0001367_00	LOCUS2058	Laspla
OG0001369_00	LOCUS6773	Laspla
OG0001370_00	LOCUS6776	Laspla
OG0001371_00	LOCUS6335	Laspla
OG0001372_00	LOCUS6311	Laspla
OG0001373_00	LOCUS6506	Laspla
OG0001374_00	LOCUS535	Laspla
OG0001375_00	LOCUS3409	Laspla
OG0001376_00	LOCUS7789	Laspla
OG0001377_00	LOCUS7880	Laspla
OG0001378_00	Peptidase_C19_ubiquitin_carboxyl-terminal_hydrolase_2_g14814_i1	Gonhis
OG0001379_00	LOCUS7754	Laspla
OG0001380_00	G6Z76_0011806	Acrcha
OG0001381_00	LOCUS9370	Laspla
OG0001382_00	LOCUS10362	Laspla
OG0001383_00	LOCUS3455	Laspla
OG0001384_00	LOCUS8938	Laspla
OG0001385_00	LOCUS9250	Laspla
OG0001386_00	LOCUS9221	Laspla
OG0001387_00	LOCUS4142	Laspla
OG0001388_00	LOCUS12474	Laspla
OG0001389_00	LOCUS6116	Laspla
OG0001390_00	LOCUS6557	Laspla
OG0001391_00	LOCUS12102	Laspla
OG0001392_00	LOCUS12591	Laspla
OG0001393_00	LOCUS4699	Laspla
OG0001394_00	G6Z76_0001518	Acrcha
OG0001395_00	LOCUS6804	Laspla
OG0001396_00	G6Z76_0004919	Acrcha
OG0001397_00	LOCUS9494	Laspla
OG0001398_00	LOCUS13933-2	Laspla
OG0001399_00	LOCUS8132	Laspla
OG0001400_00	LOCUS8138	Laspla
OG0001401_00	LOCUS3416	Laspla
OG0001402_00	LOCUS13932	Laspla
OG0001407_00	LOCUS11430	Laspla
OG0001408_00	LOCUS8539	Laspla
OG0001409_00	Peptidase_S9_prolyl_oligopeptidase_catalytic_domain_g13047_i1	Diskam
OG0001410_00	LOCUS3551	Laspla
OG0001411_00	LOCUS1000	Laspla
OG0001412_00	LOCUS14714	Laspla
OG0001413_00	LOCUS10750	Laspla
OG0001414_00	LOCUS11324	Laspla
OG0001415_00	LOCUS6219	Laspla
OG0001416_00	acyl-CoA_desaturases_g18703_i1	Acafer
OG0001417_00	G6Z76_0005125	Acrcha
OG0001418_00	LOCUS11800	Laspla
OG0001419_00	G6Z76_0002943	Acrcha
OG0001420_00	G6Z76_0009300	Acrcha
OG0001421_00	LOCUS12042-2	Laspla
OG0001422_00	LOCUS7651	Laspla
OG0001423_00	LOCUS10867	Laspla
OG0001424_00	LOCUS8802	Laspla
OG0001425_00	LOCUS4049	Laspla
OG0001426_00	LOCUS735	Laspla
OG0001427_00	G6Z76_0011315	Acrcha
OG0001428_00	LOCUS3045	Laspla
OG0001429_00	Peptidase_S1_S6_chymotrypsin_Hap_g13455_i1	Acrame
OG0001430_00	LOCUS13018	Laspla
OG0001431_00	LOCUS12639	Laspla
OG0001432_00	G6Z76_0006517	Acrcha
OG0001433_00	LOCUS8770	Laspla
OG0001434_00	LOCUS9038	Laspla
OG0001435_00	LOCUS5801	Laspla
OG0001436_00	LOCUS2195	Laspla
OG0001437_00	LOCUS9379	Laspla
OG0001438_00	LOCUS7119	Laspla
OG0001439_00	LOCUS3007	Laspla
OG0001440_00	LOCUS3152	Laspla
OG0001441_00	LOCUS13130	Laspla
OG0001442_00	ACFW04_001898	Catnig
OG0001443_00	LOCUS14603	Laspla
OG0001444_00	LOCUS8931	Laspla
OG0001445_00	LOCUS13925	Laspla
OG0001446_00	LOCUS4659	Laspla
OG0001447_00	LOCUS7510	Laspla
OG0001448_00	LOCUS7632	Laspla
OG0001449_00	LOCUS13156	Laspla
OG0001450_00	G6Z76_0003762	Acrcha
OG0001451_00	LOCUS9894	Laspla
OG0001452_00	G6Z76_0004889	Acrcha
OG0001453_00	LOCUS10410	Laspla
OG0001454_00	LOCUS4953-3	Laspla
OG0001455_00	LOCUS2115	Laspla
OG0001456_00	G6Z77_0014094	Acrhey
OG0001457_00	LOCUS6431	Laspla
OG0001458_00	G6Z76_0012142	Acrcha
OG0001459_00	LOCUS3002	Laspla
OG0001460_00	G6Z76_0007231	Acrcha
OG0001461_00	LOCUS10657	Laspla
OG0001462_00	LOCUS13488	Laspla
OG0001463_00	G6Z76_0007146	Acrcha
OG0001464_00	LOCUS7863	Laspla
OG0001465_00	LOCUS456	Laspla
OG0001466_00	LOCUS378	Laspla
OG0001467_00	LOCUS10658	Laspla
OG0001468_00	LOCUS11458	Laspla
OG0001469_00	LOCUS5587	Laspla
OG0001470_00	LOCUS5639	Laspla
OG0001471_00	LOCUS9309	Laspla
OG0001472_00	LOCUS8102	Laspla
OG0001473_00	LOCUS8075	Laspla
OG0001474_00	LOCUS2597	Laspla
OG0001475_00	G6Z76_0009261	Acrcha
OG0001476_00	G6Z76_0007945	Acrcha
OG0001477_00	LOCUS12188	Laspla
OG0001478_00	LOCUS11862	Laspla
OG0001479_00	LOCUS4900	Laspla
OG0001480_00	LOCUS12588	Laspla
OG0001481_00	LOCUS3805	Laspla
OG0001482_00	LOCUS7032	Laspla
OG0001483_00	LOCUS9886-2	Laspla
OG0001484_00	LOCUS4998	Laspla
OG0001485_00	LOCUS8698	Laspla
OG0001486_00	P53_g12689_i1	Acafer
OG0001487_00	Peptidase_C19_ubiquitin-specific_peptidase_DUSP_domain_g05320_i1	Acafer
OG0001488_00	LOCUS13968	Laspla
OG0001490_00	LOCUS13539	Laspla
OG0001491_00	LOCUS3909	Laspla
OG0001493_00	LOCUS1131	Laspla
OG0001494_00	G6Z76_0010964	Acrcha
OG0001495_00	LOCUS9266	Laspla
OG0001496_00	LOCUS5611	Laspla
OG0001497_00	LOCUS6866	Laspla
OG0001498_00	G6Z76_0013040	Acrcha
OG0001499_00	LOCUS12009	Laspla
OG0001500_00	LOCUS13194	Laspla
OG0001502_00	LOCUS10891-2	Laspla
OG0001503_00	LOCUS9934	Laspla
OG0001504_00	LOCUS8311	Laspla
OG0001505_00	LOCUS3021-2	Laspla
OG0001506_00	LOCUS10113	Laspla
OG0001507_00	LOCUS12031	Laspla
OG0001508_00	LOCUS11215	Laspla
OG0001509_00	LOCUS12988	Laspla
OG0001510_00	LOCUS7673	Laspla
OG0001511_00	LOCUS12886	Laspla
OG0001512_00	LOCUS11170	Laspla
OG0001513_00	LOCUS14004	Laspla
OG0001514_00	G6Z76_0014273	Acrcha
OG0001515_00	LOCUS13615	Laspla
OG0001516_00	LOCUS7012	Laspla
OG0001517_00	LOCUS7826-2	Laspla
OG0001518_00	LOCUS12803	Laspla
OG0001519_00	LOCUS9154	Laspla
OG0001520_00	LOCUS11675	Laspla
OG0001521_00	LOCUS3759	Laspla
OG0001522_00	LOCUS4096	Laspla
OG0001523_00	Ankyrin_g02506_i10	Creosa
OG0001524_00	LOCUS13995-2	Laspla
OG0001525_00	LOCUS7518	Laspla
OG0001526_00	G6Z76_0013839	Acrcha
OG0001527_00	LOCUS10796	Laspla
OG0001528_00	LOCUS12796	Laspla
OG0001529_00	LOCUS8015	Laspla
OG0001530_00	LOCUS9093	Laspla
OG0001531_00	LOCUS4309	Laspla
OG0001532_00	G6Z76_0005908	Acrcha
OG0001532_01	LOCUS4361	Laspla
OG0001533_00	LOCUS2434	Laspla
OG0001534_00	LOCUS4683	Laspla
OG0001535_00	LOCUS12117	Laspla
OG0001536_00	LOCUS908	Laspla
OG0001538_00	LOCUS6289	Laspla
OG0001539_00	LOCUS11282	Laspla
OG0001540_00	LOCUS12313	Laspla
OG0001541_00	LOCUS12406	Laspla
OG0001542_00	LOCUS5280	Laspla
OG0001543_00	LOC138940043	Polmex
OG0001544_00	LOCUS2655	Laspla
OG0001545_00	LOCUS10621	Laspla
OG0001546_00	LOCUS5652-2	Laspla
OG0001547_00	LOCUS1882	Laspla
OG0001548_00	LOCUS7002	Laspla
OG0001549_00	LOCUS10002-2	Laspla
OG0001550_00	LOCUS8983	Laspla
OG0001551_00	LOCUS8835	Laspla
OG0001552_00	LOCUS2148	Laspla
OG0001553_00	LOCUS4168	Laspla
OG0001554_00	LOCUS13959	Laspla
OG0001555_00	LOCUS12422	Laspla
OG0001556_00	LOCUS5427	Laspla
OG0001557_00	LOCUS5429	Laspla
OG0001558_00	LOCUS5507	Laspla
OG0001559_00	LOCUS3757	Laspla
OG0001560_00	LOCUS6114	Laspla
OG0001561_00	LOCUS3887	Laspla
OG0001562_00	LOCUS2432	Laspla
OG0001563_00	LOCUS9069	Laspla
OG0001564_00	LOCUS4650	Laspla
OG0001565_00	LOCUS12611	Laspla
OG0001566_00	LOCUS7365	Laspla
OG0001567_00	LOCUS1021	Laspla
OG0001568_00	LOCUS3787	Laspla
OG0001569_00	LOCUS7635	Laspla
OG0001570_00	LOCUS41	Laspla
OG0001571_00	LOCUS2042	Laspla
OG0001572_00	LOCUS3486	Laspla
OG0001573_00	LOCUS13791	Laspla
OG0001574_00	LOCUS8133	Laspla
OG0001575_00	LOCUS8134	Laspla
OG0001576_00	Allatostatin-A_g07360_i1	Acafer
OG0001577_00	Chromo-domain_g14771_i1	Acafer
OG0001578_00	Peptidase_M14_carboxypeptidase_A_g08339_i1	Acafer
OG0001579_00	LOCUS11059	Laspla
OG0001580_00	LOCUS11437	Laspla
OG0001581_00	LOCUS4967	Laspla
OG0001582_00	LOCUS5356	Laspla
OG0001583_00	LOCUS13359	Laspla
OG0001584_00	LOCUS8680	Laspla
OG0001585_00	Peptidase_S1_S6_chymotrypsin_Hap_g02362_i1	Acafer
OG0001586_00	LOCUS9064	Laspla
OG0001587_00	LOCUS12603	Laspla
OG0001588_00	G6Z76_0000508	Acrcha
OG0001589_00	LOCUS3839-6	Laspla
OG0001590_00	LOCUS14229-2	Laspla
OG0001591_00	LOCUS3617	Laspla
OG0001592_00	LOCUS5028	Laspla
OG0001593_00	LOCUS2265	Laspla
OG0001594_00	LOCUS6916	Laspla
OG0001595_00	LOCUS13753	Laspla
OG0001596_00	LOCUS4058	Laspla
OG0001597_00	LOCUS3772	Laspla
OG0001598_00	LOCUS13315	Laspla
OG0001599_00	LOCUS12304	Laspla
OG0001600_00	LOCUS2067	Laspla
OG0001601_00	LOCUS8665	Laspla
OG0001602_00	LOCUS5334	Laspla
OG0001603_00	LOCUS3924	Laspla
OG0001604_00	LOCUS5763	Laspla
OG0001606_00	LOCUS14400	Laspla
OG0001607_00	LOCUS2814	Laspla
OG0001608_00	LOCUS6176	Laspla
OG0001609_00	LOCUS3043	Laspla
OG0001610_00	G6Z76_0006687	Acrcha
OG0001611_00	LOCUS1891	Laspla
OG0001612_00	LOCUS10138-2	Laspla
OG0001613_00	LOCUS9353	Laspla
OG0001614_00	LOCUS2146	Laspla
OG0001615_00	LOCUS12441	Laspla
OG0001616_00	LOCUS13861	Laspla
OG0001617_00	LOCUS13769	Laspla
OG0001618_00	LOCUS2390	Laspla
OG0001619_00	LOCUS2353	Laspla
OG0001620_00	LOCUS3788	Laspla
OG0001621_00	LOCUS9921	Laspla
OG0001622_00	LOCUS10728	Laspla
OG0001623_00	LOCUS10943	Laspla
OG0001624_00	LOCUS6550	Laspla
OG0001625_00	LOCUS13155	Laspla
OG0001626_00	LOCUS13844	Laspla
OG0001627_00	LOCUS8044	Laspla
OG0001628_00	LOCUS3835	Laspla
OG0001629_00	Chaperonins_g10068_i1	Acafer
OG0001630_00	Peptidase_M41_FtsH_extracellular_g11059_i1	Acrame
OG0001631_00	acyl-CoA_desaturases_g18398_i3	Acafer
OG0001632_00	Peptidase_M14_carboxypeptidase_A_g05198_i1	Myrmcr
OG0001633_00	polyketide_synthase_enoylreductase_domain_g16071_i1	Acafer
OG0001634_00	LOCUS6536	Laspla
OG0001635_00	LOCUS7581	Laspla
OG0001636_00	G6Z76_0013817	Acrcha
OG0001637_00	LOCUS11387	Laspla
OG0001638_00	LOCUS11391	Laspla
OG0001639_00	LOCUS532	Laspla
OG0001640_00	LOCUS5968	Laspla
OG0001641_00	LOCUS2128	Laspla
OG0001642_00	P5V15_000787	Pogcal
OG0001643_00	LOCUS13364	Laspla
OG0001644_00	LOCUS3481	Laspla
OG0001645_00	LOCUS2949	Laspla
OG0001647_00	G6Z76_0014625	Acrcha
OG0001648_00	LOCUS9458	Laspla
OG0001649_00	LOCUS7028	Laspla
OG0001650_00	LOCUS7237	Laspla
OG0001651_00	LOCUS7249	Laspla
OG0001652_00	LOCUS9252	Laspla
OG0001653_00	G6Z76_0005233	Acrcha
OG0001654_00	LOCUS10354	Laspla
OG0001655_00	LOCUS8816	Laspla
OG0001656_00	LOCUS9102	Laspla
OG0001657_00	LOCUS12463	Laspla
OG0001658_00	LOCUS10233	Laspla
OG0001659_00	LOCUS7064	Laspla
OG0001660_00	LOCUS7219	Laspla
OG0001661_00	LOCUS5819	Laspla
OG0001662_00	LOCUS2729	Laspla
OG0001663_00	LOCUS4671	Laspla
OG0001664_00	LOCUS5103	Laspla
OG0001665_00	G6Z76_0007804	Acrcha
OG0001666_00	LOCUS6975	Laspla
OG0001667_00	LOCUS79	Laspla
OG0001668_00	LOCUS12868	Laspla
OG0001669_00	LOCUS10854	Laspla
OG0001670_00	LOCUS2107	Laspla
OG0001671_00	LOCUS12056	Laspla
OG0001672_00	LOCUS8068-2	Laspla
OG0001673_00	LOCUS3587	Laspla
OG0001674_00	LOCUS8308	Laspla
OG0001675_00	HOX_domain_g13470_i2	Acafer
OG0001676_00	PHD_finger_g06131_i1	Solinv
OG0001677_00	LOCUS5324	Laspla
OG0001678_00	Peptidase_M76_ATP23_g02330_i1	Acafer
OG0001679_00	LOCUS3109	Laspla
OG0001683_00	LOCUS8172-2	Laspla
OG0001686_00	LOCUS679	Laspla
OG0001687_00	LOCUS11108	Laspla
OG0001688_00	G6Z76_0001113	Acrcha
OG0001689_00	LOCUS2958	Laspla
OG0001690_00	LOCUS11701	Laspla
OG0001691_00	LOCUS9516	Laspla
OG0001692_00	LOCUS10402	Laspla
OG0001693_00	G6Z76_0012591	Acrcha
OG0001694_00	LOCUS10409	Laspla
OG0001695_00	G6Z76_0002434	Acrcha
OG0001696_00	LOCUS3386	Laspla
OG0001697_00	LOCUS12442	Laspla
OG0001698_00	PHD_finger_g13934_i18	Liomic
OG0001699_00	HOX_domain_g05323_i1	Acrech
OG0001700_00	LOCUS544	Laspla
OG0001701_00	Ankyrin_g15637_i1	Acafer
OG0001702_00	LOCUS7536	Laspla
OG0001703_00	LOCUS13922	Laspla
OG0001704_00	Ankyrin_g15227_i1	Acafer
OG0001705_00	G6Z76_0001133	Acrcha
OG0001706_00	LOCUS7871	Laspla
OG0001707_00	LOCUS4975	Laspla
OG0001708_00	LOCUS7700	Laspla
OG0001709_00	LOCUS10545	Laspla
OG0001710_00	LOCUS8468	Laspla
OG0001711_00	G6Z76_0008905	Acrcha
OG0001712_00	LOCUS6795	Laspla
OG0001713_00	LOCUS7835-2	Laspla
OG0001714_00	LOCUS14464	Laspla
OG0001715_00	LOCUS8258	Laspla
OG0001716_00	LOCUS10347	Laspla
OG0001717_00	LOCUS2477	Laspla
OG0001718_00	LOCUS12393	Laspla
OG0001719_00	LOCUS1383	Laspla
OG0001720_00	LOCUS6596-2	Laspla
OG0001721_00	LOCUS11308	Laspla
OG0001722_00	LOCUS543	Laspla
OG0001723_00	G6Z76_0013857	Acrcha
OG0001724_00	LOCUS14700	Laspla
OG0001725_00	LOCUS8727	Laspla
OG0001726_00	LOCUS8394	Laspla
OG0001727_00	LOCUS8667	Laspla
OG0001728_00	LOCUS2123	Laspla
OG0001729_00	LOCUS8699	Laspla
OG0001730_00	LOCUS12423	Laspla
OG0001731_00	LOCUS2487	Laspla
OG0001732_00	LOCUS7165	Laspla
OG0001733_00	LOCUS14058	Laspla
OG0001734_00	G6Z76_0007026	Acrcha
OG0001735_00	LOCUS10430	Laspla
OG0001736_00	LOCUS301	Laspla
OG0001737_00	Chaperonins_g09390_i1	Acafer
OG0001738_00	LOCUS10634	Laspla
OG0001739_00	LOCUS3164	Laspla
OG0001740_00	LOCUS3016	Laspla
OG0001741_00	G6Z76_0006865	Acrcha
OG0001742_00	LOCUS3642-2	Laspla
OG0001743_00	LOCUS14682	Laspla
OG0001744_00	LOCUS13598	Laspla
OG0001745_00	LOCUS13451-3	Laspla
OG0001746_00	LOCUS10988-2	Laspla
OG0001747_00	LOCUS13215	Laspla
OG0001748_00	LOCUS744	Laspla
OG0001749_00	LOCUS790	Laspla
OG0001750_00	LOCUS7300	Laspla
OG0001751_00	LOCUS7310	Laspla
OG0001752_00	LOCUS2873	Laspla
OG0001753_00	LOCUS10151	Laspla
OG0001754_00	LOCUS10248	Laspla
OG0001755_00	LOCUS9023	Laspla
OG0001756_00	LOCUS10082	Laspla
OG0001757_00	G6Z76_0004257	Acrcha
OG0001758_00	LOCUS9989	Laspla
OG0001759_00	LOCUS2615	Laspla
OG0001760_00	LOCUS10110	Laspla
OG0001761_00	LOCUS12147	Laspla
OG0001762_00	LOCUS12132	Laspla
OG0001763_00	LOCUS4312	Laspla
OG0001764_00	LOCUS5291	Laspla
OG0001765_00	LOCUS2565	Laspla
OG0001766_00	LOCUS4740	Laspla
OG0001767_00	LOCUS12286	Laspla
OG0001768_00	LOCUS4622	Laspla
OG0001769_00	LOCUS7629	Laspla
OG0001770_00	LOCUS9510	Laspla
OG0001771_00	LOCUS13739	Laspla
OG0001772_00	LOCUS6807	Laspla
OG0001773_00	LOCUS10923	Laspla
OG0001774_00	G6Z76_0009353	Acrcha
OG0001774_01	G6Z76_0009352	Acrcha
OG0001775_00	LOCUS10429	Laspla
OG0001776_00	G6Z76_0004953	Acrcha
OG0001777_00	LOCUS8474	Laspla
OG0001778_00	LOCUS3641	Laspla
OG0001779_00	G6Z76_0001251	Acrcha
OG0001780_00	LOCUS11074-3	Laspla
OG0001781_00	Peptidase_A22_presenilin_signal_peptide_g09618_i1	Acafer
OG0001782_00	Peptidase_S1_S6_chymotrypsin_Hap_g01577_i1	Acafer
OG0001783_00	LOCUS7971	Laspla
OG0001784_00	LOCUS5855	Laspla
OG0001786_00	Peptidase_M13_neprilysin_C-terminal_g05773_i1	Myrbin
OG0001787_00	LOCUS8348	Laspla
OG0001788_00	LOCUS9027	Laspla
OG0001789_00	LOCUS11421	Laspla
OG0001790_00	LOCUS12829	Laspla
OG0001791_00	LOCUS2933	Laspla
OG0001792_00	LOCUS5273	Laspla
OG0001793_00	LOCUS9882	Laspla
OG0001794_00	G6Z75_0014470	Acrins
OG0001795_00	LOCUS7371	Laspla
OG0001796_00	Glutathione_S-transferases_g10415_i1	Caresp
OG0001797_00	G6Z76_0001611	Acrcha
OG0001798_00	LOCUS9248	Laspla
OG0001799_00	LOCUS1294	Laspla
OG0001800_00	G6Z76_0008747	Acrcha
OG0001801_00	LOCUS12164	Laspla
OG0001803_00	LOCUS1034-2	Laspla
OG0001804_00	LOCUS3637	Laspla
OG0001805_00	LOCUS9204	Laspla
OG0001806_00	G6Z76_0001661	Acrcha
OG0001807_00	LOCUS14567	Laspla
OG0001808_00	G6Z76_0013149	Acrcha
OG0001809_00	Peptidase_S1_S6_chymotrypsin_Hap_g00514_i1	Acafer
OG0001810_00	LOCUS6751	Laspla
OG0001811_00	LOCUS7534	Laspla
OG0001812_00	LOCUS2305	Laspla
OG0001813_00	Glutathione_S-transferases_g10335_i3	Myrsqu
OG0001814_00	LOCUS5437	Laspla
OG0001815_00	LOCUS3052	Laspla
OG0001816_00	LOCUS14748	Laspla
OG0001817_00	G6Z76_0010348	Acrcha
OG0001818_00	LOCUS2641	Laspla
OG0001819_00	LOCUS2255	Laspla
OG0001820_00	LOCUS6812	Laspla
OG0001821_00	LOCUS3015	Laspla
OG0001822_00	LOCUS11264	Laspla
OG0001823_00	LOCUS4287-2	Laspla
OG0001824_00	LOCUS3882-3	Laspla
OG0001825_00	LOCUS12859	Laspla
OG0001826_00	LOCUS3044	Laspla
OG0001827_00	LOCUS3339	Laspla
OG0001828_00	LOCUS11269	Laspla
OG0001829_00	LOCUS7521	Laspla
OG0001830_00	LOCUS3411	Laspla
OG0001831_00	LOCUS383	Laspla
OG0001832_00	LOCUS8719	Laspla
OG0001833_00	LOCUS8083	Laspla
OG0001834_00	LOCUS2588	Laspla
OG0001835_00	LOCUS2167	Laspla
OG0001836_00	G6Z76_0014325	Acrcha
OG0001837_00	LOCUS12165	Laspla
OG0001838_00	LOCUS6754	Laspla
OG0001839_00	LOCUS2349	Laspla
OG0001840_00	LOCUS126	Laspla
OG0001841_00	LOCUS10461	Laspla
OG0001842_00	LOCUS10155	Laspla
OG0001843_00	PHD_finger_g17144_i1	Acafer
OG0001844_00	LOCUS8648	Laspla
OG0001845_00	LOCUS3144	Laspla
OG0001846_00	LOCUS7533	Laspla
OG0001847_00	LOCUS13102-3	Laspla
OG0001848_00	LOCUS6922	Laspla
OG0001849_00	LOCUS7761-2	Laspla
OG0001850_00	LOCUS14636	Laspla
OG0001851_00	LOCUS14561	Laspla
OG0001852_00	LOCUS7226	Laspla
OG0001853_00	G6Z76_0007391	Acrcha
OG0001854_00	LOCUS12113	Laspla
OG0001855_00	G6Z76_0002935	Acrcha
OG0001856_00	LOCUS12885	Laspla
OG0001857_00	LOCUS9065	Laspla
OG0001858_00	LOCUS12595	Laspla
OG0001859_00	LOCUS474	Laspla
OG0001860_00	LOCUS3804	Laspla
OG0001861_00	LOCUS11075	Laspla
OG0001862_00	LOCUS11223	Laspla
OG0001863_00	LOCUS10464	Laspla
OG0001864_00	G6Z76_0005081	Acrcha
OG0001864_01	LOCUS10466	Laspla
OG0001865_00	LOCUS1981	Laspla
OG0001866_00	LOCUS1992	Laspla
OG0001867_00	LOCUS9386	Laspla
OG0001868_00	Ankyrin_g14699_i1	Acafer
OG0001869_00	HOX_domain_g01477_i1	Acafer
OG0001870_00	PHD_finger_g08788_i1	Acafer
OG0001871_00	LOCUS5136	Laspla
OG0001872_00	LOCUS6409	Laspla
OG0001873_00	LOCUS6441	Laspla
OG0001874_00	G6Z76_0012330	Acrcha
OG0001875_00	LOCUS1953	Laspla
OG0001876_00	LOCUS1065	Laspla
OG0001877_00	G6Z76_0013414	Acrcha
OG0001878_00	LOCUS11492	Laspla
OG0001879_00	LOCUS7522	Laspla
OG0001880_00	G6Z76_0004178	Acrcha
OG0001881_00	LOCUS6208	Laspla
OG0001882_00	LOCUS13122	Laspla
OG0001883_00	LOCUS6201	Laspla
OG0001884_00	LOCUS1282	Laspla
OG0001885_00	LOCUS3063	Laspla
OG0001886_00	LOCUS13365	Laspla
OG0001887_00	G6Z76_0009339	Acrcha
OG0001888_00	LOCUS14659	Laspla
OG0001889_00	G6Z76_0000565	Acrcha
OG0001890_00	LOCUS7794	Laspla
OG0001891_00	LOCUS759	Laspla
OG0001892_00	LOCUS786	Laspla
OG0001893_00	LOCUS1280	Laspla
OG0001894_00	LOCUS6102	Laspla
OG0001895_00	LOCUS7236	Laspla
OG0001896_00	LOCUS5501	Laspla
OG0001897_00	LOCUS7999	Laspla
OG0001898_00	LOCUS5655	Laspla
OG0001899_00	LOCUS10254	Laspla
OG0001900_00	LOCUS10371	Laspla
OG0001901_00	LOCUS8785	Laspla
OG0001902_00	LOCUS12231	Laspla
OG0001903_00	LOCUS2166	Laspla
OG0001904_00	LOCUS14437	Laspla
OG0001905_00	LOCUS14432	Laspla
OG0001906_00	LOCUS12174	Laspla
OG0001907_00	LOCUS4289-3	Laspla
OG0001908_00	LOCUS3955	Laspla
OG0001909_00	G6Z76_0011709	Acrcha
OG0001910_00	LOCUS9066	Laspla
OG0001911_00	LOCUS12076	Laspla
OG0001912_00	LOCUS4628	Laspla
OG0001913_00	LOCUS3785	Laspla
OG0001914_00	LOCUS3825	Laspla
OG0001915_00	LOCUS3814	Laspla
OG0001916_00	LOCUS5051	Laspla
OG0001917_00	LOCUS7504	Laspla
OG0001918_00	LOCUS10917-2	Laspla
OG0001919_00	LOCUS3853	Laspla
OG0001920_00	LOCUS10476	Laspla
OG0001921_00	LOCUS9941	Laspla
OG0001922_00	LOCUS6480	Laspla
OG0001923_00	LOCUS8135	Laspla
OG0001924_00	LOCUS7023	Laspla
OG0001925_00	LOCUS8249	Laspla
OG0001926_00	LOCUS8523	Laspla
OG0001927_00	LOCUS12008	Laspla
OG0001928_00	LOCUS6186	Laspla
OG0001929_00	Carboxylesterase_type_B_g06618_i1	Acafer
OG0001930_00	LOCUS10496	Laspla
OG0001931_00	LOCUS2757	Laspla
OG0001932_00	PHD_finger_g07965_i1	Lasneg
OG0001933_00	Peptidase_S9_prolyl_oligopeptidase_catalytic_domain_g12038_i1	Acafer
OG0001934_00	Vitellogenin_g06128_i1	Acafer
OG0001935_00	LOCUS10985	Laspla
OG0001937_00	LOCUS12813	Laspla
OG0001938_00	LOCUS2699	Laspla
OG0001939_00	G6Z76_0002740	Acrcha
OG0001940_00	LOCUS377	Laspla
OG0001941_00	LOCUS11997-2	Laspla
OG0001942_00	LOCUS9245	Laspla
OG0001943_00	LOCUS13109	Laspla
OG0001944_00	LOCUS9291	Laspla
OG0001945_00	LOCUS7640	Laspla
OG0001946_00	LOCUS10984	Laspla
OG0001947_00	LOCUS5000	Laspla
OG0001948_00	G6Z76_0005467	Acrcha
OG0001949_00	G6Z76_0009075	Acrcha
OG0001950_00	LOCUS2560	Laspla
OG0001952_00	LOCUS753	Laspla
OG0001953_00	G6Z76_0012419	Acrcha
OG0001954_00	LOCUS11393	Laspla
OG0001955_00	LOCUS7639-2	Laspla
OG0001956_00	LOCUS8141	Laspla
OG0001957_00	LOCUS577	Laspla
OG0001958_00	LOCUS3984	Laspla
OG0001959_00	LOCUS2559	Laspla
OG0001960_00	LOCUS13761	Laspla
OG0001961_00	LOCUS7283	Laspla
OG0001962_00	G6Z76_0003899	Acrcha
OG0001963_00	Ankyrin_g12042_i2	Acafer
OG0001964_00	Ankyrin_g17968_i1	Acafer
OG0001965_00	PHD_finger_g04125_i1	Acafer
OG0001966_00	LOCUS7582	Laspla
OG0001967_00	LOCUS7491	Laspla
OG0001968_00	LOCUS11304	Laspla
OG0001969_00	G6Z76_0012308	Acrcha
OG0001970_00	LOCUS11987	Laspla
OG0001971_00	LOCUS10701	Laspla
OG0001972_00	LOCUS12261	Laspla
OG0001973_00	LOCUS2081	Laspla
OG0001974_00	LOCUS3750-2	Laspla
OG0001975_00	LOCUS4061	Laspla
OG0001976_00	LOCUS3786	Laspla
OG0001977_00	G6Z76_0007610	Acrcha
OG0001978_00	Alpha_beta_hydrolase_fold-1_g09899_i2	Tapime
OG0001979_00	LOCUS12784	Laspla
OG0001980_00	5-HT1A_g01085_i1	Acafer
OG0001981_00	LOCUS3141-2	Laspla
OG0001982_00	LOCUS6748	Laspla
OG0001983_00	LOCUS7746	Laspla
OG0001984_00	LOCUS12228	Laspla
OG0001985_00	LOCUS542	Laspla
OG0001986_00	LOCUS14064	Laspla
OG0001987_00	LOCUS731	Laspla
OG0001988_00	LOCUS13191	Laspla
OG0001989_00	LOCUS573	Laspla
OG0001990_00	G6Z76_0013504	Acrcha
OG0001991_00	LOCUS5651	Laspla
OG0001992_00	LOCUS14649-3	Laspla
OG0001993_00	LOCUS8058	Laspla
OG0001994_00	LOCUS2085	Laspla
OG0001995_00	LOCUS9163	Laspla
OG0001996_00	LOCUS257	Laspla
OG0001997_00	LOCUS12096	Laspla
OG0001998_00	LOCUS2616	Laspla
OG0001999_00	LOCUS5514	Laspla
OG0002000_00	LOCUS3980-2	Laspla
OG0002001_00	LOCUS1055	Laspla
OG0002002_00	LOCUS11347	Laspla
OG0002003_00	LOCUS3066	Laspla
OG0002004_00	LOCUS9902	Laspla
OG0002005_00	LOCUS8450-2	Laspla
OG0002006_00	G6Z76_0005126	Acrcha
OG0002007_00	LOCUS2183	Laspla
OG0002008_00	G6Z76_0013544	Acrcha
OG0002009_00	LOCUS10441	Laspla
OG0002010_00	HOX_domain_g15005_i1	Acafer
OG0002011_00	PHD_finger_g04266_i1	Acafer
OG0002012_00	Peptidase_M1_membrane_alanine_aminopeptidase_N-terminal_g14306_i1	Acafer
OG0002013_00	Peptidase_S1_S6_chymotrypsin_Hap_g00261_i1	Acafer
OG0002014_00	Peptidase_S1_S6_chymotrypsin_Hap_g07366_i1	Acafer
OG0002015_00	LOCUS2579	Laspla
OG0002016_00	LOCUS6396	Laspla
OG0002017_00	LOCUS6395	Laspla
OG0002018_00	LOCUS2275	Laspla
OG0002019_00	LOCUS6495	Laspla
OG0002020_00	LOCUS3150	Laspla
OG0002021_00	LOCUS7541	Laspla
OG0002022_00	G6Z76_0013403	Acrcha
OG0002023_00	LOCUS12681	Laspla
OG0002024_00	LOCUS13181	Laspla
OG0002025_00	LOCUS13114	Laspla
OG0002026_00	LOCUS13263-2	Laspla
OG0002027_00	LOCUS13590	Laspla
OG0002028_00	LOCUS13098	Laspla
OG0002029_00	LOCUS13218	Laspla
OG0002030_00	LOCUS13207	Laspla
OG0002031_00	LOCUS13478	Laspla
OG0002032_00	LOCUS13172	Laspla
OG0002033_00	G6Z76_0006693	Acrcha
OG0002034_00	LOCUS834-3	Laspla
OG0002035_00	LOCUS7645	Laspla
OG0002036_00	LOCUS6107	Laspla
OG0002037_00	LOCUS4572	Laspla
OG0002038_00	LOCUS10763	Laspla
OG0002039_00	LOCUS2841	Laspla
OG0002040_00	LOCUS4092	Laspla
OG0002041_00	LOCUS14681	Laspla
OG0002042_00	LOCUS12786	Laspla
OG0002043_00	LOCUS10392	Laspla
OG0002044_00	LOCUS2592	Laspla
OG0002045_00	LOCUS11754	Laspla
OG0002046_00	LOCUS2122	Laspla
OG0002047_00	LOCUS10353	Laspla
OG0002048_00	LOCUS10361	Laspla
OG0002049_00	LOCUS8860	Laspla
OG0002050_00	LOCUS9094	Laspla
OG0002051_00	G6Z76_0001132	Acrcha
OG0002052_00	LOCUS2312	Laspla
OG0002053_00	LOCUS14032	Laspla
OG0002054_00	G6Z76_0000950	Acrcha
OG0002055_00	LOCUS7120	Laspla
OG0002056_00	LOCUS2339	Laspla
OG0002057_00	LOCUS5544	Laspla
OG0002058_00	LOCUS5518	Laspla
OG0002059_00	LOCUS11782	Laspla
OG0002060_00	LOCUS3758	Laspla
OG0002061_00	LOCUS4038	Laspla
OG0002062_00	G6Z76_0005689	Acrcha
OG0002063_00	G6Z76_0002934	Acrcha
OG0002064_00	G6Z76_0002839	Acrcha
OG0002065_00	LOCUS12515	Laspla
OG0002066_00	LOCUS4689	Laspla
OG0002067_00	LOCUS5023	Laspla
OG0002068_00	LOCUS11669	Laspla
OG0002069_00	LOCUS7980	Laspla
OG0002070_00	LOCUS10490	Laspla
OG0002071_00	LOCUS2036	Laspla
OG0002072_00	LOCUS9956	Laspla
OG0002073_00	G6Z76_0005045	Acrcha
OG0002074_00	LOCUS7112	Laspla
OG0002075_00	LOCUS8682	Laspla
OG0002076_00	LOCUS9303	Laspla
OG0002077_00	Ankyrin_g18366_i1	Acafer
OG0002078_00	LOCUS10308	Laspla
OG0002081_00	HOX_domain_g07877_i1	Campsp
OG0002082_00	Cytochrome_P450_g06820_i1	Acafer
OG0002083_00	LOCUS7231	Laspla
OG0002084_00	LOCUS7103	Laspla
OG0002085_00	LOCUS8668	Laspla
OG0002086_00	LOCUS13091	Laspla
OG0002087_00	LOCUS4820	Laspla
OG0002088_00	LOCUS12589	Laspla
OG0002089_00	LOCUS4597	Laspla
OG0002090_00	LOCUS11876	Laspla
OG0002091_00	LOCUS14572	Laspla
OG0002092_00	Arrestin_g11792_i10	Harsal
OG0002093_00	LOCUS14687	Laspla
OG0002094_00	G6Z76_0013027	Acrcha
OG0002095_00	G6Z76_0000510	Acrcha
OG0002096_00	G6Z76_0008577	Acrcha
OG0002097_00	Peptidase_C19_ubiquitin_carboxyl-terminal_hydrolase_2_g05135_i2	Acafer
OG0002098_00	LOCUS1987	Laspla
OG0002099_00	LOCUS4298	Laspla
OG0002100_00	LOCUS2301	Laspla
OG0002101_00	LOCUS922	Laspla
OG0002102_00	G6Z76_0007674	Acrcha
OG0002103_00	LOCUS5613	Laspla
OG0002104_00	LOCUS3615	Laspla
OG0002105_00	LOCUS13985	Laspla
OG0002106_00	LOCUS6816	Laspla
OG0002107_00	LOCUS11337	Laspla
OG0002108_00	LOCUS10489	Laspla
OG0002109_00	LOCUS8146	Laspla
OG0002110_00	LOCUS6652	Laspla
OG0002111_00	LOCUS7516	Laspla
OG0002112_00	LOCUS11779	Laspla
OG0002113_00	LOCUS8706	Laspla
OG0002114_00	LOCUS7705	Laspla
OG0002115_00	LOCUS3395	Laspla
OG0002116_00	LOCUS7775	Laspla
OG0002117_00	LOCUS2709	Laspla
OG0002118_00	LOCUS11684-2	Laspla
OG0002119_00	LOCUS3996	Laspla
OG0002120_00	LOCUS9384	Laspla
OG0002121_00	LOCUS3017	Laspla
OG0002122_00	LOCUS2310	Laspla
OG0002123_00	LOCUS12536	Laspla
OG0002124_00	G6Z76_0013848	Acrcha
OG0002125_00	LOCUS2845	Laspla
OG0002126_00	LOCUS5179	Laspla
OG0002127_00	LOCUS5654-2	Laspla
OG0002128_00	LOCUS8930	Laspla
OG0002129_00	G6Z76_0001717	Acrcha
OG0002130_00	LOCUS4679	Laspla
OG0002131_00	LOCUS7281	Laspla
OG0002132_00	LOCUS3854	Laspla
OG0002133_00	LOCUS3763	Laspla
OG0002134_00	LOCUS12992	Laspla
OG0002135_00	LOCUS13182	Laspla
OG0002136_00	Peptidase_S16_lon_N-terminal_g18764_i1	Acafer
OG0002137_00	LOCUS6318-2	Laspla
OG0002138_00	LOCUS3350	Laspla
OG0002139_00	LOCUS5970	Laspla
OG0002140_00	HN011_002209	Ecibur
OG0002140_01	LOCUS6163	Laspla
OG0002141_00	LOCUS13577	Laspla
OG0002142_00	LOCUS13574	Laspla
OG0002143_00	LOCUS14056	Laspla
OG0002144_00	LOCUS13020	Laspla
OG0002145_00	LOCUS13505	Laspla
OG0002146_00	LOCUS10622	Laspla
OG0002147_00	G6Z76_0010349	Acrcha
OG0002148_00	G6Z76_0010352	Acrcha
OG0002149_00	LOCUS5275	Laspla
OG0002150_00	LOCUS10043	Laspla
OG0002151_00	G6Z77_0009217	Acrhey
OG0002152_00	G6Z76_0008779	Acrcha
OG0002153_00	LOCUS12148	Laspla
OG0002154_00	G6Z76_0012198	Acrcha
OG0002155_00	G6Z76_0012187	Acrcha
OG0002156_00	LOCUS3513	Laspla
OG0002157_00	LOCUS5102	Laspla
OG0002158_00	LOCUS11069	Laspla
OG0002159_00	LOCUS10894	Laspla
OG0002160_00	LOCUS12123	Laspla
OG0002161_00	LOCUS10224	Laspla
OG0002162_00	LOCUS10530	Laspla
OG0002163_00	LOCUS9884	Laspla
OG0002164_00	Chromo-domain_g08638_i1	Acafer
OG0002165_00	Glutathione_S-transferases_g00313_i1	Acafer
OG0002166_00	Hsp90_100_g00942_i1	Acrame
OG0002167_00	PHD_finger_g10779_i1	Acafer
OG0002168_00	Peptidase_C19_ubiquitin_carboxyl-terminal_hydrolase_2_g04119_i1	Acafer
OG0002169_00	Peptidase_C2_calpain_g09301_i1	Acafer
OG0002170_00	Peptidase_M3A_M3B_thimet_oligopeptidase_F_g04843_i1	Acafer
OG0002171_00	Peptidase_M49_dipeptidyl-peptidase_III_g14737_i2	Acafer
OG0002172_00	transferrin_g00543_i1	Acafer
OG0002173_00	LOCUS14014-2	Laspla
OG0002174_00	LOCUS6339	Laspla
OG0002175_00	LOCUS6440-2	Laspla
OG0002176_00	LOCUS6447	Laspla
OG0002177_00	LOCUS6491	Laspla
OG0002178_00	LOCUS6623	Laspla
OG0002179_00	LOCUS6592	Laspla
OG0002180_00	LOCUS3207	Laspla
OG0002181_00	LOCUS2892	Laspla
OG0002182_00	LOCUS11250	Laspla
OG0002183_00	LOCUS6169	Laspla
OG0002184_00	LOCUS13640	Laspla
OG0002185_00	LOCUS7490	Laspla
OG0002186_00	LOCUS1285-2	Laspla
OG0002187_00	LOCUS5138	Laspla
OG0002188_00	G6Z76_0000631	Acrcha
OG0002189_00	LOCUS11045	Laspla
OG0002190_00	LOCUS726	Laspla
OG0002191_00	LOCUS13559	Laspla
OG0002192_00	LOCUS7881	Laspla
OG0002193_00	LOCUS913	Laspla
OG0002194_00	LOCUS4570	Laspla
OG0002195_00	LOCUS2830	Laspla
OG0002196_00	LOCUS5614	Laspla
OG0002197_00	LOCUS4085	Laspla
OG0002198_00	LOCUS14683	Laspla
OG0002199_00	LOCUS1182	Laspla
OG0002200_00	LOCUS1881	Laspla
OG0002201_00	LOCUS5632	Laspla
OG0002202_00	LOCUS8370	Laspla
OG0002203_00	LOCUS8771	Laspla
OG0002204_00	LOCUS12795	Laspla
OG0002205_00	LOCUS8069	Laspla
OG0002206_00	LOCUS4024	Laspla
OG0002207_00	LOCUS9352	Laspla
OG0002208_00	LOCUS8757	Laspla
OG0002209_00	LOCUS2314	Laspla
OG0002210_00	LOCUS2576	Laspla
OG0002211_00	LOCUS14022	Laspla
OG0002212_00	LOCUS694	Laspla
OG0002213_00	LOCUS5303	Laspla
OG0002214_00	LOCUS14448	Laspla
OG0002215_00	LOCUS5510	Laspla
OG0002216_00	LOCUS9557	Laspla
OG0002217_00	LOCUS3850	Laspla
OG0002218_00	LOCUS3847	Laspla
OG0002219_00	LOCUS3755	Laspla
OG0002220_00	LOCUS3999	Laspla
OG0002221_00	LOCUS8289	Laspla
OG0002222_00	LOCUS7131	Laspla
OG0002223_00	G6Z76_0002864	Acrcha
OG0002224_00	LOCUS2407	Laspla
OG0002225_00	LOCUS2365	Laspla
OG0002226_00	LOCUS8827	Laspla
OG0002227_00	LOCUS4637	Laspla
OG0002228_00	LOCUS525	Laspla
OG0002229_00	LOCUS12246-2	Laspla
OG0002230_00	LOCUS6953	Laspla
OG0002231_00	LOCUS14728	Laspla
OG0002232_00	LOCUS1010	Laspla
OG0002233_00	LOCUS467	Laspla
OG0002234_00	LOCUS5037	Laspla
OG0002235_00	LOCUS13820	Laspla
OG0002236_00	LOCUS36	Laspla
OG0002237_00	LOCUS11063	Laspla
OG0002238_00	LOCUS10983	Laspla
OG0002239_00	LOCUS11153	Laspla
OG0002240_00	LOCUS11204	Laspla
OG0002241_00	G6Z76_0002001	Acrcha
OG0002242_00	LOCUS1943	Laspla
OG0002243_00	LOCUS1160	Laspla
OG0002244_00	LOCUS13032	Laspla
OG0002245_00	LOCUS10482	Laspla
OG0002246_00	LOCUS10474	Laspla
OG0002247_00	G6Z76_0009098	Acrcha
OG0002248_00	LOCUS10541	Laspla
OG0002249_00	LOCUS10533	Laspla
OG0002250_00	LOCUS2069	Laspla
OG0002251_00	LOCUS8492	Laspla
OG0002252_00	LOCUS6362-2	Laspla
OG0002253_00	LOCUS6287	Laspla
OG0002254_00	LOCUS8697-5	Laspla
OG0002255_00	LOCUS8067	Laspla
OG0002256_00	LOCUS8173	Laspla
OG0002257_00	LOCUS2152	Laspla
OG0002258_00	LOCUS8009	Laspla
OG0002259_00	Beta-ketoacyl_synthase_g00156_i1	Acafer
OG0002260_00	G6Z76_0005090	Acrcha
OG0002261_00	Chromo-domain_g06837_i1	Acafer
OG0002262_00	LOCUS1132-2	Laspla
OG0002263_00	LOCUS11363	Laspla
OG0002264_00	LOCUS3153	Laspla
OG0002265_00	Peptidase_M12B_ADAM_reprolysin_g13103_i1	Acafer
OG0002266_00	Peptidase_M13_neprilysin_C-terminal_g06727_i1	Gigdes
OG0002267_00	Peptidase_M24_structural_domain_g08318_i1	Acafer
OG0002268_00	Peptidase_M24_structural_domain_g10065_i1	Acafer
OG0002269_00	Peptidase_S1_S6_chymotrypsin_Hap_g15983_i1	Acafer
OG0002270_00	LOCUS10444	Laspla
OG0002271_00	LOCUS2454	Laspla
OG0002274_00	LOCUS10963	Laspla
OG0002275_00	LOCUS7140	Laspla
OG0002276_00	LOCUS5385	Laspla
OG0002277_00	LOCUS3342	Laspla
OG0002278_00	LOCUS12068	Laspla
OG0002279_00	LOCUS10176	Laspla
OG0002280_00	LOCUS10062	Laspla
OG0002281_00	Carboxylesterase_type_B_g03057_i1	Acafer
OG0002282_00	LOCUS11523	Laspla
OG0002283_00	LOCUS10835	Laspla
OG0002284_00	LOCUS11658	Laspla
OG0002285_00	G6Z76_0009790	Acrcha
OG0002286_00	LOCUS7317	Laspla
OG0002287_00	LOCUS12247	Laspla
OG0002288_00	LOCUS10686	Laspla
OG0002289_00	LOCUS122	Laspla
OG0002291_00	LOCUS14688	Laspla
OG0002292_00	LOCUS5874	Laspla
OG0002293_00	LOCUS13310	Laspla
OG0002294_00	LOCUS3310	Laspla
OG0002295_00	PK1-R_g18395_i1	Acafer
OG0002296_00	LOCUS10335	Laspla
OG0002297_00	LOCUS6370-2	Laspla
OG0002298_00	LOCUS7755	Laspla
OG0002299_00	LOCUS2911	Laspla
OG0002300_00	LOCUS11696	Laspla
OG0002301_00	Lipin_g16130_i1	Acafer
OG0002302_00	LOCUS8030	Laspla
OG0002303_00	LOCUS7370	Laspla
OG0002304_00	LOCUS3767	Laspla
OG0002305_00	HOX_domain_g03092_i1	Acafer
OG0002306_00	HOX_domain_g15250_i1	Acafer
OG0002307_00	LOCUS6988	Laspla
OG0002308_00	LOCUS10759	Laspla
OG0002309_00	LOCUS14375	Laspla
OG0002310_00	LOCUS2064	Laspla
OG0002311_00	LOCUS6359	Laspla
OG0002312_00	Peptidase_S9A_prolyl_oligopeptidase_g11520_i1	Acafer
OG0002313_00	LOCUS5961	Laspla
OG0002314_00	LOCUS12019	Laspla
OG0002315_00	LOCUS1191	Laspla
OG0002316_00	LOCUS1240	Laspla
OG0002317_00	LOCUS13195	Laspla
OG0002318_00	LOCUS13166	Laspla
OG0002319_00	LOCUS7798	Laspla
OG0002320_00	LOCUS7815	Laspla
OG0002321_00	LOCUS9045	Laspla
OG0002322_00	LOCUS7189	Laspla
OG0002323_00	LOCUS3877	Laspla
OG0002324_00	LOCUS13806	Laspla
OG0002325_00	LOCUS8826-2	Laspla
OG0002326_00	LOCUS484	Laspla
OG0002327_00	LOCUS466	Laspla
OG0002328_00	LOCUS112	Laspla
OG0002329_00	LOCUS13814	Laspla
OG0002330_00	LOCUS13047	Laspla
OG0002331_00	LOCUS1983	Laspla
OG0002332_00	G6Z76_0009122	Acrcha
OG0002333_00	LOCUS1991	Laspla
OG0002334_00	LOCUS8524	Laspla
OG0002335_00	LOCUS8007	Laspla
OG0002336_00	Ftz-f1_g01006_i1	Acafer
OG0002337_00	JH_esterase_g03100_i1	Acafer
OG0002338_00	LOCUS7027	Laspla
OG0002339_00	LOCUS5851	Laspla
OG0002340_00	LOCUS6599	Laspla
OG0002341_00	LOCUS3438	Laspla
OG0002342_00	LOCUS3156	Laspla
OG0002343_00	LOCUS7484	Laspla
OG0002344_00	LOCUS11295	Laspla
OG0002345_00	ACFW04_005484	Catnig
OG0002346_00	LOCUS6177	Laspla
OG0002347_00	LOCUS6192	Laspla
OG0002348_00	LOCUS13597	Laspla
OG0002349_00	LOCUS10989	Laspla
OG0002350_00	LOCUS13108	Laspla
OG0002351_00	LOCUS5278	Laspla
OG0002352_00	LOCUS1312	Laspla
OG0002353_00	LOCUS13502	Laspla
OG0002354_00	LOCUS13509	Laspla
OG0002355_00	LOCUS7290	Laspla
OG0002356_00	LOCUS7295	Laspla
OG0002357_00	LOCUS7298	Laspla
OG0002358_00	LOCUS8274	Laspla
OG0002359_00	G6Z76_0013831	Acrcha
OG0002360_00	LOCUS11469	Laspla
OG0002361_00	LOCUS7006	Laspla
OG0002362_00	LOCUS5198	Laspla
OG0002363_00	LOCUS8340	Laspla
OG0002364_00	LOCUS14512	Laspla
OG0002365_00	LOCUS14526	Laspla
OG0002366_00	LOCUS1895	Laspla
OG0002367_00	LOCUS9283	Laspla
OG0002368_00	LOCUS10400	Laspla
OG0002369_00	LOCUS5656	Laspla
OG0002370_00	LOCUS2965	Laspla
OG0002371_00	LOCUS2008	Laspla
OG0002372_00	G6Z76_0006420	Acrcha
OG0002373_00	LOCUS10041	Laspla
OG0002374_00	LOCUS13786	Laspla
OG0002375_00	LOCUS2315	Laspla
OG0002376_00	LOCUS5708	Laspla
OG0002377_00	LOCUS14395	Laspla
OG0002378_00	LOCUS12099-3	Laspla
OG0002379_00	LOCUS12288	Laspla
OG0002380_00	LOCUS10234	Laspla
OG0002381_00	LOCUS6548	Laspla
OG0002382_00	LOCUS4175	Laspla
OG0002383_00	G6Z76_0005906	Acrcha
OG0002384_00	LOCUS4063	Laspla
OG0002385_00	LOCUS8351	Laspla
OG0002386_00	LOCUS4657-3	Laspla
OG0002387_00	LOCUS12617	Laspla
OG0002388_00	LOCUS9551	Laspla
OG0002389_00	LOCUS4721	Laspla
OG0002390_00	LOCUS3812	Laspla
OG0002391_00	LOCUS14403	Laspla
OG0002392_00	LOCUS3947	Laspla
OG0002393_00	LOCUS528	Laspla
OG0002394_00	LOCUS3634	Laspla
OG0002395_00	LOCUS5741	Laspla
OG0002396_00	LOCUS9979	Laspla
OG0002397_00	Peptidase_C12_ubiquitin_carboxyl-terminal_hydrolase_1_g08147_i1	Acafer
OG0002398_00	Peptidase_S1_S6_chymotrypsin_Hap_g04393_i1	Acafer
OG0002399_00	LOCUS2104	Laspla
OG0002400_00	LOCUS6772	Laspla
OG0002401_00	LOCUS6624	Laspla
OG0002402_00	LOCUS2270	Laspla
OG0002403_00	LOCUS6319	Laspla
OG0002404_00	LOCUS6757	Laspla
OG0002405_00	LOCUS3447-2	Laspla
OG0002406_00	LOCUS3348	Laspla
OG0002407_00	LOCUS3319	Laspla
OG0002408_00	LOCUS10690	Laspla
OG0002409_00	LOCUS11251	Laspla
OG0002410_00	LOCUS11296	Laspla
OG0002411_00	LOCUS11698	Laspla
OG0002412_00	LOCUS5977	Laspla
OG0002413_00	LOCUS2307	Laspla
OG0002414_00	LOCUS13423	Laspla
OG0002415_00	LOCUS13103	Laspla
OG0002416_00	G6Z76_0013846	Acrcha
OG0002417_00	LOCUS5248	Laspla
OG0002418_00	LOCUS5282	Laspla
OG0002419_00	LOCUS5126	Laspla
OG0002420_00	LOCUS1311	Laspla
OG0002421_00	LOCUS1265-2	Laspla
OG0002422_00	LOCUS13291	Laspla
OG0002423_00	LOCUS13482	Laspla
OG0002424_00	LOCUS3393	Laspla
OG0002425_00	LOCUS7812	Laspla
OG0002426_00	LOCUS7875	Laspla
OG0002427_00	G6Z76_0005204	Acrcha
OG0002428_00	LOCUS749	Laspla
OG0002429_00	LOCUS800	Laspla
OG0002430_00	LOCUS824	Laspla
OG0002431_00	LOCUS7646	Laspla
OG0002432_00	LOCUS6109	Laspla
OG0002433_00	G6Z76_0014284	Acrcha
OG0002434_00	G6Z76_0014522	Acrcha
OG0002435_00	G6Z76_0014479	Acrcha
OG0002436_00	LOCUS4488	Laspla
OG0002437_00	LOCUS4487	Laspla
OG0002438_00	G6Z76_0001914	Acrcha
OG0002439_00	LOCUS10802	Laspla
OG0002440_00	LOCUS10633	Laspla
OG0002441_00	LOCUS5090	Laspla
OG0002442_00	LOCUS5078-3	Laspla
OG0002443_00	LOCUS5186	Laspla
OG0002444_00	G6Z76_0000738	Acrcha
OG0002445_00	LOCUS1272	Laspla
OG0002446_00	LOCUS1158	Laspla
OG0002447_00	LOCUS14557	Laspla
OG0002448_00	LOCUS7243	Laspla
OG0002449_00	LOCUS1933	Laspla
OG0002450_00	LOCUS14741	Laspla
OG0002451_00	LOCUS5634	Laspla
OG0002452_00	LOCUS12787	Laspla
OG0002453_00	LOCUS10153	Laspla
OG0002454_00	LOCUS10135	Laspla
OG0002455_00	LOCUS6381	Laspla
OG0002456_00	LOCUS10247	Laspla
OG0002457_00	LOCUS10249	Laspla
OG0002458_00	G6Z76_0006457	Acrcha
OG0002459_00	LOCUS2014	Laspla
OG0002460_00	LOCUS9137	Laspla
OG0002461_00	LOCUS5565	Laspla
OG0002462_00	G6Z76_0013342	Acrcha
OG0002463_00	LOCUS8781	Laspla
OG0002464_00	LOCUS8709	Laspla
OG0002465_00	LOCUS8655	Laspla
OG0002466_00	LOCUS9078	Laspla
OG0002467_00	G6Z76_0001942	Acrcha
OG0002468_00	LOCUS13783	Laspla
OG0002469_00	LOCUS9216	Laspla
OG0002470_00	LOCUS8702	Laspla
OG0002471_00	LOCUS2311	Laspla
OG0002472_00	LOCUS2577	Laspla
OG0002473_00	LOCUS5690	Laspla
OG0002474_00	LOCUS5779	Laspla
OG0002475_00	LOCUS12445	Laspla
OG0002476_00	LOCUS12426	Laspla
OG0002477_00	LOCUS12420	Laspla
OG0002478_00	LOCUS2484	Laspla
OG0002479_00	LOCUS14435	Laspla
OG0002480_00	LOCUS7141	Laspla
OG0002481_00	LOCUS5401	Laspla
OG0002482_00	PHD_finger_g09980_i1	Linhum
OG0002483_00	LOCUS10097	Laspla
OG0002484_00	G6Z76_0007806	Acrcha
OG0002485_00	LOCUS9556	Laspla
OG0002486_00	LOCUS5820	Laspla
OG0002487_00	LOCUS4054	Laspla
OG0002488_00	LOCUS4002	Laspla
OG0002489_00	LOCUS3483	Laspla
OG0002490_00	LOCUS9539	Laspla
OG0002491_00	G6Z76_0009323	Acrcha
OG0002492_00	LOCUS9075	Laspla
OG0002493_00	LOCUS6952	Laspla
OG0002494_00	LOCUS6958	Laspla
OG0002495_00	LOCUS12623	Laspla
OG0002496_00	LOCUS3507	Laspla
OG0002497_00	LOCUS7343	Laspla
OG0002498_00	LOCUS12605	Laspla
OG0002499_00	G6Z76_0008160	Acrcha
OG0002500_00	LOCUS1061	Laspla
OG0002501_00	G6Z76_0011546	Acrcha
OG0002502_00	LOCUS3795	Laspla
OG0002503_00	LOCUS3463	Laspla
OG0002504_00	LOCUS11999	Laspla
OG0002505_00	LOCUS6580	Laspla
OG0002506_00	LOCUS6587	Laspla
OG0002507_00	LOCUS11097	Laspla
OG0002508_00	LOCUS10951-2	Laspla
OG0002509_00	LOCUS13952-2	Laspla
OG0002510_00	LOCUS14418	Laspla
OG0002511_00	LOCUS5786	Laspla
OG0002512_00	LOCUS3886	Laspla
OG0002513_00	LOCUS1902	Laspla
OG0002514_00	LOCUS9901	Laspla
OG0002515_00	G6Z76_0004848	Acrcha
OG0002516_00	G6Z76_0004883	Acrcha
OG0002517_00	LOCUS10503	Laspla
OG0002518_00	LOCUS10498	Laspla
OG0002519_00	G6Z76_0005074	Acrcha
OG0002520_00	LOCUS10558	Laspla
OG0002521_00	LOCUS10557	Laspla
OG0002522_00	LOCUS10459-2	Laspla
OG0002523_00	LOCUS9908	Laspla
OG0002524_00	LOCUS2062	Laspla
OG0002525_00	LOCUS2216	Laspla
OG0002526_00	LOCUS14054	Laspla
OG0002527_00	G6Z76_0007678	Acrcha
OG0002528_00	LOCUS8024	Laspla
OG0002529_00	LOCUS8230	Laspla
OG0002530_00	LOCUS8537	Laspla
OG0002531_00	LOCUS8048	Laspla
OG0002532_00	Ankyrin_g15737_i1	Acafer
OG0002533_00	LOCUS12950	Laspla
OG0002534_00	Broad-complex_g09452_i3	Acafer
OG0002535_00	Chaperonins_g17017_i1	Acafer
OG0002536_00	LOCUS12937	Laspla
OG0002537_00	HOX_domain_g06543_i1	Acafer
OG0002538_00	LOCUS6900	Laspla
OG0002539_00	LOCUS2120	Laspla
OG0002540_00	Peptidase_C1A_papain_C-terminal_g09759_i1	Acafer
OG0002541_00	Peptidase_M14_carboxypeptidase_A_g10468_i1	Acafer
OG0002542_00	LOCUS11263	Laspla
OG0002543_00	LOCUS2635	Laspla
OG0002544_00	LOCUS1086	Laspla
OG0002545_00	dpp_g08487_i1	Acrame
OG0002546_00	LOCUS9165	Laspla
OG0002547_00	LOCUS13966	Laspla
OG0002548_00	LOCUS526	Laspla
OG0002549_00	LOCUS10305	Laspla
OG0002550_00	LOCUS12375	Laspla
OG0002552_00	LOCUS11112	Laspla
OG0002553_00	LOCUS9543	Laspla
OG0002554_00	ACFW04_006554	Catnig
OG0002555_00	LOCUS7503	Laspla
OG0002556_00	LOCUS13600	Laspla
OG0002557_00	LOCUS6418	Laspla
OG0002558_00	LOCUS2405-2	Laspla
OG0002559_00	LOCUS10844	Laspla
OG0002560_00	LOCUS12142	Laspla
OG0002561_00	G6Z76_0000463	Acrcha
OG0002562_00	LOCUS8005	Laspla
OG0002563_00	LOCUS7778	Laspla
OG0002564_00	LOCUS6867	Laspla
OG0002565_00	LOCUS6014	Laspla
OG0002566_00	G6Z76_0010393	Acrcha
OG0002567_00	LOCUS11910	Laspla
OG0002568_00	LOCUS14100	Laspla
OG0002569_00	LOCUS907	Laspla
OG0002570_00	LOCUS4586	Laspla
OG0002571_00	LOCUS1192	Laspla
OG0002572_00	LOCUS3648	Laspla
OG0002573_00	LOCUS4731	Laspla
OG0002574_00	LOCUS8396	Laspla
OG0002575_00	LOCUS7319	Laspla
OG0002576_00	LOCUS10982	Laspla
OG0002577_00	LOCUS414	Laspla
OG0002578_00	Carboxylesterase_type_B_g03061_i1	Acafer
OG0002579_00	G6Z76_0003382	Acrcha
OG0002580_00	G6Z76_0005251	Acrcha
OG0002581_00	LOCUS12312	Laspla
OG0002582_00	G6Z76_0006303	Acrcha
OG0002583_00	LOCUS2091	Laspla
OG0002584_00	Peptidase_M13_neprilysin_C-terminal_g05501_i1	Gigdes
OG0002585_00	LOCUS11500	Laspla
OG0002586_00	LOCUS2033	Laspla
OG0002587_00	Peptidase_M24_methionine_aminopeptidase_g14343_i1	Acafer
OG0002588_00	LOCUS8844	Laspla
OG0002589_00	G6Z76_0012192	Acrcha
OG0002590_00	LOCUS6721	Laspla
OG0002591_00	LOCUS2150	Laspla
OG0002592_00	LOCUS2674-2	Laspla
OG0002593_00	LOCUS7216	Laspla
OG0002594_00	LOCUS10797	Laspla
OG0002595_00	LOCUS9175	Laspla
OG0002596_00	LOCUS3860	Laspla
OG0002597_00	LOCUS5113	Laspla
OG0002598_00	LOCUS10401	Laspla
OG0002599_00	LOCUS6852	Laspla
OG0002600_00	G6Z76_0002138	Acrcha
OG0002601_00	LOCUS3837-2	Laspla
OG0002602_00	G6Z76_0010377	Acrcha
OG0002603_00	G6Z76_0001584	Acrcha
OG0002604_00	G6Z76_0001726	Acrcha
OG0002605_00	LOCUS524	Laspla
OG0002606_00	LOCUS7617	Laspla
OG0002607_00	Peptidase_T1A_proteasome_beta-subunit_g08765_i1	Acafer
OG0002608_00	LOCUS6513	Laspla
OG0002609_00	LOCUS9279	Laspla
OG0002610_00	LOCUS4029-2	Laspla
OG0002611_00	LOCUS7278	Laspla
OG0002612_00	LOCUS5027	Laspla
OG0002613_00	LOCUS10463	Laspla
OG0002614_00	G6Z76_0008296	Acrcha
OG0002615_00	GSK-3_g12239_i1	Acafer
OG0002616_00	Peptidase_M16_N-terminal_g11381_i1	Acafer
OG0002617_00	Peptidase_T1A_proteasome_beta-subunit_g04871_i1	Acafer
OG0002618_00	G6Z76_0012409	Acrcha
OG0002619_00	G6Z76_0003635	Acrcha
OG0002620_00	LOCUS12852	Laspla
OG0002621_00	LOCUS6917	Laspla
OG0002622_00	LOCUS8753	Laspla
OG0002623_00	LOCUS197	Laspla
OG0002624_00	G6Z76_0002825	Acrcha
OG0002625_00	LOCUS6705	Laspla
OG0002626_00	LOCUS9223	Laspla
OG0002627_00	G6Z76_0005356	Acrcha
OG0002628_00	LOCUS5729	Laspla
OG0002629_00	LOCUS5726	Laspla
OG0002630_00	LOCUS7277	Laspla
OG0002631_00	LOCUS7148	Laspla
OG0002632_00	LOCUS14670	Laspla
OG0002633_00	LOCUS5508	Laspla
OG0002634_00	Peptidase_M12B_ADAM-TS_g03066_i1	Carobs
OG0002635_00	G6Z76_0001536	Acrcha
OG0002636_00	G6Z76_0012446	Acrcha
OG0002637_00	G6Z76_0002389	Acrcha
OG0002638_00	LOCUS11734	Laspla
OG0002639_00	LOCUS7997	Laspla
OG0002640_00	LOCUS348	Laspla
OG0002641_00	LOCUS285	Laspla
OG0002642_00	LOCUS8223	Laspla
OG0002643_00	G6Z76_0009016	Acrcha
OG0002644_00	G6Z76_0008907	Acrcha
OG0002645_00	Peptidase_C19_ubiquitin_carboxyl-terminal_hydrolase_2_g13068_i1	Acafer
OG0002646_00	polyketide_synthase_enoylreductase_domain_g00219_i2	Acafer
OG0002647_00	LOCUS13974	Laspla
OG0002649_00	LOCUS6438	Laspla
OG0002650_00	LOCUS6738	Laspla
OG0002651_00	LOCUS6458-2	Laspla
OG0002652_00	LOCUS6297	Laspla
OG0002653_00	LOCUS5821	Laspla
OG0002654_00	LOCUS10992	Laspla
OG0002655_00	LOCUS14568	Laspla
OG0002656_00	LOCUS13480	Laspla
OG0002657_00	LOCUS13294	Laspla
OG0002658_00	LOCUS7643	Laspla
OG0002659_00	LOCUS7833	Laspla
OG0002660_00	G6Z76_0011401	Acrcha
OG0002661_00	LOCUS461	Laspla
OG0002662_00	LOCUS12017	Laspla
OG0002663_00	LOCUS14583	Laspla
OG0002664_00	LOCUS5643	Laspla
OG0002665_00	LOCUS1870	Laspla
OG0002666_00	LOCUS191	Laspla
OG0002667_00	LOCUS8017	Laspla
OG0002668_00	LOCUS7330	Laspla
OG0002669_00	LOCUS9088	Laspla
OG0002670_00	LOCUS8629	Laspla
OG0002671_00	LOCUS8713	Laspla
OG0002672_00	LOCUS8853-2	Laspla
OG0002673_00	LOCUS8806	Laspla
OG0002674_00	LOCUS9203	Laspla
OG0002675_00	LOCUS13919	Laspla
OG0002676_00	LOCUS12201	Laspla
OG0002677_00	G6Z76_0014270	Acrcha
OG0002678_00	LOCUS14457	Laspla
OG0002679_00	LOCUS7161	Laspla
OG0002680_00	LOCUS14091	Laspla
OG0002681_00	LOCUS2126	Laspla
OG0002682_00	LOCUS7543	Laspla
OG0002683_00	LOCUS11765	Laspla
OG0002684_00	LOCUS5859	Laspla
OG0002685_00	LOCUS3867	Laspla
OG0002686_00	LOCUS4640	Laspla
OG0002687_00	LOCUS519	Laspla
OG0002688_00	Chaperonins_g04181_i1	Ochgla
OG0002689_00	LOCUS1104	Laspla
OG0002690_00	LOCUS4688	Laspla
OG0002691_00	PHD_finger_g09028_i1	Tetruf
OG0002692_00	LOCUS3822	Laspla
OG0002693_00	LOCUS7589	Laspla
OG0002694_00	LOCUS11082	Laspla
OG0002695_00	LOCUS11372	Laspla
OG0002696_00	LOCUS11360	Laspla
OG0002697_00	LOCUS10922	Laspla
OG0002698_00	LOCUS11212	Laspla
OG0002699_00	LOCUS11220	Laspla
OG0002700_00	LOCUS13947	Laspla
OG0002701_00	LOCUS10719	Laspla
OG0002702_00	LOCUS13998	Laspla
OG0002703_00	LOCUS10492-2	Laspla
OG0002704_00	LOCUS10536	Laspla
OG0002705_00	LOCUS6292	Laspla
OG0002706_00	LOCUS8405	Laspla
OG0002707_00	Alpha_beta_hydrolase_fold-1_g11291_i1	Acafer
OG0002708_00	LOCUS10821	Laspla
OG0002709_00	Chromo-domain_g15991_i1	Acafer
OG0002710_00	LOCUS3995	Laspla
OG0002711_00	Neuroparsin_g04683_i1	Acafer
OG0002712_00	Nucleoporin358_g15850_i1	Acafer
OG0002713_00	Peptidase_S8_S53_subtilisin_kexin_sedolisin_g01152_i1	Acafer
OG0002714_00	LOCUS8388	Laspla
OG0002715_00	LOCUS6410	Laspla
OG0002716_00	LOCUS6434	Laspla
OG0002717_00	LOCUS6766	Laspla
OG0002718_00	LOCUS6859	Laspla
OG0002719_00	LOCUS6464	Laspla
OG0002720_00	G6Z76_0012324	Acrcha
OG0002721_00	LOCUS6756	Laspla
OG0002722_00	LOCUS6346-3	Laspla
OG0002723_00	LOCUS3149	Laspla
OG0002724_00	LOCUS3047	Laspla
OG0002725_00	LOCUS3024	Laspla
OG0002726_00	LOCUS7689	Laspla
OG0002727_00	LOCUS10740	Laspla
OG0002728_00	LOCUS11390	Laspla
OG0002729_00	LOCUS12745	Laspla
OG0002730_00	LOCUS11123	Laspla
OG0002731_00	LOCUS4445	Laspla
OG0002732_00	LOCUS12226	Laspla
OG0002733_00	G6Z76_0000267	Acrcha
OG0002734_00	LOCUS6171	Laspla
OG0002735_00	G6Z76_0011132	Acrcha
OG0002736_00	LOCUS6143	Laspla
OG0002737_00	LOCUS2905	Laspla
OG0002738_00	LOCUS6817	Laspla
OG0002739_00	LOCUS6476	Laspla
OG0002740_00	LOCUS13061	Laspla
OG0002741_00	LOCUS13575	Laspla
OG0002742_00	LOCUS13121	Laspla
OG0002743_00	LOCUS2745	Laspla
OG0002744_00	LOCUS13106	Laspla
OG0002745_00	LOCUS3480	Laspla
OG0002746_00	LOCUS12035	Laspla
OG0002747_00	LOCUS2944	Laspla
OG0002748_00	LOCUS1200	Laspla
OG0002749_00	LOCUS14578	Laspla
OG0002750_00	LOCUS5127	Laspla
OG0002751_00	LOCUS7000	Laspla
OG0002752_00	ACFW04_001433	Catnig
OG0002753_00	LOCUS13216	Laspla
OG0002754_00	LOCUS13628-2	Laspla
OG0002755_00	LOCUS5265	Laspla
OG0002756_00	LOCUS3400	Laspla
OG0002757_00	LOCUS3413	Laspla
OG0002758_00	LOCUS7793	Laspla
OG0002759_00	LOCUS11021	Laspla
OG0002760_00	LOCUS938	Laspla
OG0002761_00	LOCUS757	Laspla
OG0002762_00	LOCUS851	Laspla
OG0002763_00	LOCUS809	Laspla
OG0002764_00	LOCUS6108	Laspla
OG0002765_00	LOCUS5836	Laspla
OG0002766_00	G6Z76_0014529	Acrcha
OG0002767_00	LOCUS4083	Laspla
OG0002768_00	LOCUS10571	Laspla
OG0002769_00	LOCUS10652	Laspla
OG0002770_00	LOCUS10712	Laspla
OG0002771_00	LOCUS11413	Laspla
OG0002772_00	LOCUS5156	Laspla
OG0002773_00	LOCUS1274	Laspla
OG0002774_00	LOCUS5276	Laspla
OG0002775_00	LOCUS5270	Laspla
OG0002776_00	G6Z76_0000359	Acrcha
OG0002777_00	LOCUS14563	Laspla
OG0002778_00	LOCUS2720	Laspla
OG0002779_00	LOCUS5494	Laspla
OG0002780_00	LOCUS14604	Laspla
OG0002781_00	LOCUS14655	Laspla
OG0002782_00	LOCUS8775	Laspla
OG0002783_00	LOCUS9371	Laspla
OG0002784_00	LOCUS9373	Laspla
OG0002785_00	LOCUS402	Laspla
OG0002786_00	LOCUS11009-4	Laspla
OG0002787_00	LOCUS195	Laspla
OG0002788_00	LOCUS208-3	Laspla
OG0002789_00	LOCUS12676	Laspla
OG0002790_00	LOCUS10469-2	Laspla
OG0002791_00	LOCUS10003	Laspla
OG0002792_00	LOCUS9159	Laspla
OG0002793_00	G6Z76_0009602	Acrcha
OG0002794_00	LOCUS8893	Laspla
OG0002795_00	LOCUS9366	Laspla
OG0002796_00	LOCUS8763	Laspla
OG0002797_00	LOCUS8676-2	Laspla
OG0002798_00	G6Z76_0005417	Acrcha
OG0002799_00	LOCUS9080	Laspla
OG0002800_00	LOCUS10060	Laspla
OG0002801_00	LOCUS10067	Laspla
OG0002802_00	LOCUS9980	Laspla
OG0002803_00	LOCUS10035	Laspla
OG0002804_00	LOCUS11717	Laspla
OG0002805_00	LOCUS2320	Laspla
OG0002806_00	LOCUS2313	Laspla
OG0002807_00	LOCUS12440	Laspla
OG0002808_00	LOCUS12431	Laspla
OG0002809_00	LOCUS2478	Laspla
OG0002810_00	LOCUS2495	Laspla
OG0002811_00	LOCUS5304	Laspla
OG0002812_00	LOCUS14443	Laspla
OG0002813_00	LOCUS14438	Laspla
OG0002814_00	LOCUS7158	Laspla
OG0002815_00	LOCUS5443	Laspla
OG0002816_00	LOCUS14098	Laspla
OG0002817_00	LOCUS14102	Laspla
OG0002818_00	LOCUS2124	Laspla
OG0002819_00	LOCUS12151	Laspla
OG0002820_00	LOCUS7637	Laspla
OG0002821_00	LOCUS9495	Laspla
OG0002822_00	LOCUS5907	Laspla
OG0002823_00	LOCUS3991	Laspla
OG0002824_00	LOCUS4367	Laspla
OG0002825_00	LOCUS14062	Laspla
OG0002826_00	LOCUS13764	Laspla
OG0002827_00	LOCUS7114	Laspla
OG0002828_00	G6Z76_0002873	Acrcha
OG0002829_00	LOCUS2401	Laspla
OG0002830_00	LOCUS11646	Laspla
OG0002831_00	LOCUS3766	Laspla
OG0002832_00	LOCUS12234	Laspla
OG0002833_00	LOCUS12521	Laspla
OG0002834_00	LOCUS12512	Laspla
OG0002835_00	G6Z76_0006832	Acrcha
OG0002836_00	LOCUS10626	Laspla
OG0002837_00	LOCUS12608	Laspla
OG0002838_00	LOCUS14727	Laspla
OG0002839_00	G6Z76_0008158	Acrcha
OG0002840_00	LOCUS1102-2	Laspla
OG0002841_00	LOCUS4633	Laspla
OG0002842_00	LOCUS3803	Laspla
OG0002843_00	LOCUS7511	Laspla
OG0002844_00	LOCUS7696	Laspla
OG0002845_00	LOCUS7599-3	Laspla
OG0002846_00	G6Z76_0001496	Acrcha
OG0002847_00	LOCUS11053	Laspla
OG0002848_00	LOCUS11094	Laspla
OG0002849_00	LOCUS11366	Laspla
OG0002850_00	LOCUS11312	Laspla
OG0002851_00	LOCUS10870	Laspla
OG0002852_00	LOCUS11103	Laspla
OG0002853_00	LOCUS11102	Laspla
OG0002854_00	LOCUS10958	Laspla
OG0002855_00	G6Z77_0006700	Acrhey
OG0002856_00	LOCUS11165-2	Laspla
OG0002857_00	LOCUS11172	Laspla
OG0002858_00	LOCUS3943	Laspla
OG0002859_00	LOCUS6551	Laspla
OG0002860_00	LOCUS11294	Laspla
OG0002861_00	LOCUS10517	Laspla
OG0002862_00	LOCUS2049	Laspla
OG0002863_00	LOCUS10422	Laspla
OG0002864_00	G6Z76_0005057	Acrcha
OG0002865_00	LOCUS1985	Laspla
OG0002866_00	LOCUS10216	Laspla
OG0002867_00	LOCUS2185	Laspla
OG0002868_00	G6Z76_0004986	Acrcha
OG0002869_00	LOCUS10191	Laspla
OG0002870_00	LOCUS10194	Laspla
OG0002871_00	LOCUS3604	Laspla
OG0002872_00	G6Z76_0009249	Acrcha
OG0002873_00	LOCUS3608	Laspla
OG0002874_00	LOCUS12054	Laspla
OG0002875_00	LOCUS13165	Laspla
OG0002876_00	G6Z76_0012299	Acrcha
OG0002877_00	LOCUS6290	Laspla
OG0002878_00	LOCUS9387	Laspla
OG0002879_00	LOCUS8066	Laspla
OG0002880_00	LOCUS8251	Laspla
OG0002881_00	LOCUS8550	Laspla
OG0002882_00	LOCUS10406	Laspla
OG0002883_00	LOCUS7991	Laspla
OG0002884_00	LOCUS13185	Laspla
OG0002885_00	Allatotropin_g06800_i2	Acafer
OG0002886_00	LOCUS13870	Laspla
OG0002887_00	Chitinase_g04781_i1	Acafer
OG0002888_00	Cytochrome_P450_g01601_i2	Acafer
OG0002889_00	Cytochrome_P450_g17447_i2	Acafer
OG0002890_00	Germ-cell_expressed_g15099_i1	Acafer
OG0002891_00	HOX_domain_g06392_i1	Acafer
OG0002892_00	LOCUS11670	Laspla
OG0002893_00	LOCUS3249	Laspla
OG0002894_00	MBD_g12809_i1	Acafer
OG0002895_00	Peptidase_C13_legumain_g15792_i1	Acafer
OG0002896_00	Peptidase_C19_ubiquitin_carboxyl-terminal_hydrolase_2_g01523_i1	Acafer
OG0002897_00	Peptidase_C2_calpain_g04824_i1	Acafer
OG0002898_00	Peptidase_M48_Ste24p_g16283_i1	Acafer
OG0002899_00	Peptidase_S1_S6_chymotrypsin_Hap_g07058_i1	Acafer
OG0002900_00	LOCUS4602	Laspla
OG0002901_00	LOCUS14015	Laspla
OG0002903_00	G6Z75_0008017	Acrins
OG0002906_00	G6Z76_0012018	Acrcha
OG0002907_00	LOCUS11423	Laspla
OG0002908_00	G6Z76_0013881	Acrcha
OG0002909_00	LOCUS10749	Laspla
OG0002910_00	G6Z76_0001506	Acrcha
OG0002911_00	LOCUS8558	Laspla
OG0002912_00	LOCUS767	Laspla
OG0002913_00	LOCUS7240	Laspla
OG0002914_00	LOCUS3510	Laspla
OG0002915_00	LOCUS7839	Laspla
OG0002916_00	LOCUS2846	Laspla
OG0002917_00	LOCUS498-2	Laspla
OG0002918_00	LOCUS9534	Laspla
OG0002919_00	LOCUS2031	Laspla
OG0002920_00	LOCUS1314	Laspla
OG0002921_00	LOCUS6981	Laspla
OG0002922_00	G6Z76_0010704	Acrcha
OG0002923_00	LOCUS9217	Laspla
OG0002924_00	LOCUS6147	Laspla
OG0002925_00	LOCUS2373	Laspla
OG0002926_00	LOCUS14452-3	Laspla
OG0002927_00	LOCUS13040	Laspla
OG0002928_00	LOCUS5630	Laspla
OG0002929_00	LOCUS9554	Laspla
OG0002930_00	Kinase-S6K_g11599_i1	Acafer
OG0002931_00	PHD_finger_g03736_i1	Acafer
OG0002932_00	LOCUS5134	Laspla
OG0002933_00	LOCUS10256	Laspla
OG0002934_00	LOCUS2025	Laspla
OG0002935_00	LOCUS2013	Laspla
OG0002936_00	LOCUS10479	Laspla
OG0002937_00	LOCUS11694	Laspla
OG0002938_00	LOCUS13039	Laspla
OG0002939_00	LOCUS8158	Laspla
OG0002940_00	LOCUS9505	Laspla
OG0002941_00	LOCUS14694	Laspla
OG0002942_00	G6Z76_0005384	Acrcha
OG0002943_00	LOCUS9125	Laspla
OG0002944_00	LOCUS8014	Laspla
OG0002945_00	LOCUS8375	Laspla
OG0002946_00	LOCUS14542	Laspla
OG0002947_00	LOCUS5252	Laspla
OG0002948_00	LOCUS14664	Laspla
OG0002949_00	LOCUS596	Laspla
OG0002950_00	LOCUS11093	Laspla
OG0002951_00	ACFW04_008240	Catnig
OG0002952_00	G6Z76_0004842	Acrcha
OG0002953_00	LOCUS13099	Laspla
OG0002954_00	LOCUS1301	Laspla
OG0002955_00	G6Z76_0000503	Acrcha
OG0002956_00	LOCUS14081	Laspla
OG0002957_00	LOCUS1174	Laspla
OG0002958_00	LOCUS8751	Laspla
OG0002959_00	LOCUS8988-2	Laspla
OG0002960_00	LOCUS2638	Laspla
OG0002961_00	LOCUS5900	Laspla
OG0002962_00	LOCUS7332	Laspla
OG0002963_00	LOCUS7331	Laspla
OG0002964_00	LOCUS12168-2	Laspla
OG0002965_00	LOCUS3885	Laspla
OG0002966_00	LOCUS9896	Laspla
OG0002967_00	LOCUS9893	Laspla
OG0002968_00	LOCUS7989	Laspla
OG0002969_00	LOCUS3717-2	Laspla
OG0002970_00	G6Z76_0010978	Acrcha
OG0002971_00	LOCUS11764	Laspla
OG0002972_00	LOCUS3333	Laspla
OG0002973_00	LOCUS11249	Laspla
OG0002974_00	LOCUS11494	Laspla
OG0002975_00	LOCUS5923	Laspla
OG0002976_00	LOCUS634	Laspla
OG0002977_00	LOCUS10651	Laspla
OG0002978_00	LOCUS11445	Laspla
OG0002979_00	LOCUS6985	Laspla
OG0002980_00	LOCUS14549	Laspla
OG0002981_00	LOCUS674	Laspla
OG0002982_00	LOCUS11758	Laspla
OG0002983_00	LOCUS2171	Laspla
OG0002984_00	LOCUS8920	Laspla
OG0002985_00	LOCUS2544	Laspla
OG0002986_00	LOCUS10107	Laspla
OG0002987_00	LOCUS5561	Laspla
OG0002988_00	LOCUS4722	Laspla
OG0002989_00	LOCUS4984	Laspla
OG0002990_00	G6Z76_0009279	Acrcha
OG0002991_00	LOCUS9057	Laspla
OG0002992_00	LOCUS9074	Laspla
OG0002993_00	LOCUS12239	Laspla
OG0002994_00	LOCUS4608	Laspla
OG0002995_00	LOCUS5057	Laspla
OG0002996_00	LOCUS7710	Laspla
OG0002997_00	LOCUS7487	Laspla
OG0002998_00	LOCUS37	Laspla
OG0002999_00	LOCUS12118	Laspla
OG0003000_00	LOCUS9952	Laspla
OG0003001_00	LOCUS10493	Laspla
OG0003002_00	G6Z76_0001912	Acrcha
OG0003003_00	LOCUS8143	Laspla
OG0003004_00	Cytochrome_P450_g01602_i1	Acafer
OG0003005_00	HDAC_g05000_i12	Aphexa
OG0003006_00	PHD_finger_g00978_i1	Acafer
OG0003007_00	PHD_finger_g09405_i1	Acafer
OG0003008_00	Peptidase_M1_membrane_alanine_aminopeptidase_N-terminal_g04562_i1	Acafer
OG0003009_00	LOCUS13260	Laspla
OG0003010_00	LOCUS5856	Laspla
OG0003011_00	LOCUS6778	Laspla
OG0003012_00	G6Z76_0012126	Acrcha
OG0003013_00	LOCUS6545	Laspla
OG0003014_00	LOCUS3000	Laspla
OG0003015_00	G6Z76_0006415	Acrcha
OG0003016_00	LOCUS3335	Laspla
OG0003017_00	LOCUS3323	Laspla
OG0003018_00	LOCUS3084-2	Laspla
OG0003019_00	LOCUS3316	Laspla
OG0003020_00	LOCUS11239	Laspla
OG0003021_00	LOCUS7525	Laspla
OG0003022_00	LOCUS12766	Laspla
OG0003023_00	LOCUS13064	Laspla
OG0003024_00	LOCUS13393	Laspla
OG0003025_00	G6Z76_0013048	Acrcha
OG0003026_00	LOCUS13452	Laspla
OG0003027_00	LOCUS421	Laspla
OG0003028_00	LOCUS2951	Laspla
OG0003029_00	LOCUS1193	Laspla
OG0003030_00	G6Z76_0002221	Acrcha
OG0003031_00	G6Z76_0007558	Acrcha
OG0003032_00	LOCUS13719	Laspla
OG0003033_00	LOCUS8265	Laspla
OG0003034_00	LOCUS10698	Laspla
OG0003035_00	LOCUS5082	Laspla
OG0003036_00	LOCUS8327	Laspla
OG0003037_00	LOCUS12864	Laspla
OG0003038_00	LOCUS7223	Laspla
OG0003039_00	LOCUS14525	Laspla
OG0003040_00	LOCUS12635	Laspla
OG0003041_00	LOCUS10152	Laspla
OG0003042_00	LOCUS8078	Laspla
OG0003043_00	LOCUS3247	Laspla
OG0003044_00	LOCUS9136	Laspla
OG0003045_00	LOCUS9162-2	Laspla
OG0003046_00	G6Z76_0013249	Acrcha
OG0003047_00	LOCUS8675	Laspla
OG0003048_00	LOCUS10232	Laspla
OG0003049_00	LOCUS2316	Laspla
OG0003050_00	G6Z76_0004032	Acrcha
OG0003051_00	LOCUS2117	Laspla
OG0003052_00	LOCUS3599	Laspla
OG0003052_01	G6Z76_0012607	Acrcha
OG0003053_00	LOCUS12130	Laspla
OG0003054_00	LOCUS6519	Laspla
OG0003055_00	LOCUS4199	Laspla
OG0003056_00	LOCUS4069	Laspla
OG0003057_00	LOCUS4018	Laspla
OG0003058_00	LOCUS3918	Laspla
OG0003059_00	G6Z76_0007656	Acrcha
OG0003060_00	LOCUS2558	Laspla
OG0003061_00	LOCUS1075	Laspla
OG0003062_00	G6Z76_0003804	Acrcha
OG0003063_00	LOCUS475	Laspla
OG0003064_00	LOCUS4744	Laspla
OG0003065_00	LOCUS4969	Laspla
OG0003066_00	LOCUS3832	Laspla
OG0003067_00	LOCUS7735	Laspla
OG0003068_00	LOCUS6583	Laspla
OG0003069_00	LOCUS33-2	Laspla
OG0003070_00	LOCUS11327	Laspla
OG0003071_00	LOCUS10971	Laspla
OG0003072_00	LOCUS13006	Laspla
OG0003073_00	LOCUS14626	Laspla
OG0003074_00	LOCUS13153	Laspla
OG0003075_00	G6Z76_0002373	Acrcha
OG0003076_00	LOCUS3603	Laspla
OG0003077_00	LOCUS2035	Laspla
OG0003078_00	LOCUS9957	Laspla
OG0003079_00	LOCUS9925	Laspla
OG0003080_00	LOCUS9903	Laspla
OG0003081_00	LOCUS1999	Laspla
OG0003082_00	LOCUS5742	Laspla
OG0003083_00	LOCUS6363	Laspla
OG0003084_00	LOCUS258	Laspla
OG0003085_00	LOCUS8063	Laspla
OG0003086_00	LOCUS10607	Laspla
OG0003087_00	LOCUS8012	Laspla
OG0003088_00	LOCUS7229	Laspla
OG0003089_00	LOCUS3583	Laspla
OG0003090_00	LOCUS2997	Laspla
OG0003091_00	Chromo-domain_g04117_i1	Acafer
OG0003092_00	LOCUS13217	Laspla
OG0003093_00	Neuropeptide_F_g01077_i1	Acafer
OG0003094_00	PHD_finger_g10115_i1	Acafer
OG0003095_00	Peptidase_T1A_proteasome_beta-subunit_g10015_i1	Acafer
OG0003096_00	LOCUS13773	Laspla
OG0003097_00	LOCUS11310	Laspla
OG0003098_00	LOCUS5157	Laspla
OG0003099_00	G6Z76_0013168	Acrcha
OG0003100_00	LOCUS11211	Laspla
OG0003101_00	LOCUS6743	Laspla
OG0003102_00	LOCUS6777	Laspla
OG0003103_00	LOCUS2277	Laspla
OG0003104_00	LOCUS6474	Laspla
OG0003105_00	LOCUS6542	Laspla
OG0003106_00	LOCUS6541	Laspla
OG0003107_00	LOCUS6323	Laspla
OG0003108_00	LOCUS6307	Laspla
OG0003109_00	LOCUS6304	Laspla
OG0003110_00	LOCUS6295	Laspla
OG0003111_00	LOCUS6622	Laspla
OG0003112_00	LOCUS3111	Laspla
OG0003113_00	LOCUS3145	Laspla
OG0003114_00	LOCUS10668	Laspla
OG0003115_00	LOCUS10665	Laspla
OG0003116_00	LOCUS11247	Laspla
OG0003117_00	LOCUS11253	Laspla
OG0003118_00	LOCUS10811	Laspla
OG0003119_00	LOCUS7482	Laspla
OG0003120_00	LOCUS6033	Laspla
OG0003121_00	LOCUS5958	Laspla
OG0003122_00	LOCUS7885	Laspla
OG0003123_00	LOCUS13636	Laspla
OG0003124_00	LOCUS13078	Laspla
OG0003125_00	G6Z76_0002240	Acrcha
OG0003126_00	LOCUS13213	Laspla
OG0003127_00	LOCUS10990	Laspla
OG0003128_00	LOCUS12034	Laspla
OG0003129_00	LOCUS539	Laspla
OG0003130_00	LOCUS537	Laspla
OG0003131_00	LOCUS1197	Laspla
OG0003132_00	LOCUS5277	Laspla
OG0003133_00	LOCUS14579	Laspla
OG0003134_00	LOCUS14569	Laspla
OG0003135_00	G6Z76_0000714	Acrcha
OG0003136_00	LOCUS14658	Laspla
OG0003137_00	LOCUS1252	Laspla
OG0003138_00	LOCUS1233	Laspla
OG0003139_00	LOCUS11046	Laspla
OG0003140_00	LOCUS13132	Laspla
OG0003141_00	LOCUS13295	Laspla
OG0003142_00	G6Z76_0000470	Acrcha
OG0003143_00	LOCUS5267	Laspla
OG0003144_00	LOCUS3534	Laspla
OG0003145_00	LOCUS3380	Laspla
OG0003146_00	LOCUS3401	Laspla
OG0003147_00	LOCUS2752	Laspla
OG0003148_00	LOCUS2469	Laspla
OG0003149_00	LOCUS7641	Laspla
OG0003150_00	LOCUS947	Laspla
OG0003151_00	LOCUS571	Laspla
OG0003152_00	LOCUS745	Laspla
OG0003153_00	LOCUS765	Laspla
OG0003154_00	LOCUS798	Laspla
OG0003155_00	G6Z76_0008090	Acrcha
OG0003156_00	LOCUS412	Laspla
OG0003157_00	LOCUS914	Laspla
OG0003158_00	LOCUS453	Laspla
OG0003159_00	LOCUS6111	Laspla
OG0003160_00	LOCUS12085	Laspla
OG0003161_00	LOCUS1973	Laspla
OG0003162_00	ACFW04_007808	Catnig
OG0003163_00	LOCUS4582	Laspla
OG0003164_00	LOCUS10756	Laspla
OG0003165_00	LOCUS10703	Laspla
OG0003166_00	LOCUS2843	Laspla
OG0003167_00	LOCUS9460	Laspla
OG0003168_00	LOCUS11816	Laspla
OG0003169_00	LOCUS5098	Laspla
OG0003170_00	G6Z76_0001164	Acrcha
OG0003171_00	LOCUS5196	Laspla
OG0003172_00	LOCUS5190	Laspla
OG0003173_00	LOCUS1270	Laspla
OG0003174_00	LOCUS1278	Laspla
OG0003175_00	LOCUS14632	Laspla
OG0003176_00	LOCUS9565	Laspla
OG0003177_00	G6Z76_0006068	Acrcha
OG0003178_00	LOCUS7245	Laspla
OG0003179_00	LOCUS9519	Laspla
OG0003180_00	LOCUS14651	Laspla
OG0003181_00	LOCUS5647	Laspla
OG0003182_00	LOCUS1899-2	Laspla
OG0003183_00	LOCUS288	Laspla
OG0003184_00	LOCUS8743	Laspla
OG0003185_00	LOCUS8728	Laspla
OG0003186_00	LOCUS2022	Laspla
OG0003187_00	LOCUS2385	Laspla
OG0003188_00	LOCUS6390	Laspla
OG0003189_00	LOCUS6386	Laspla
OG0003190_00	LOCUS12810	Laspla
OG0003191_00	LOCUS6682	Laspla
OG0003192_00	LOCUS10004	Laspla
OG0003193_00	LOCUS2149	Laspla
OG0003194_00	LOCUS10251	Laspla
OG0003195_00	LOCUS10252	Laspla
OG0003196_00	LOCUS10327	Laspla
OG0003197_00	LOCUS9091	Laspla
OG0003198_00	G6Z76_0009605	Acrcha
OG0003199_00	LOCUS8901	Laspla
OG0003200_00	LOCUS8769	Laspla
OG0003201_00	LOCUS8627	Laspla
OG0003202_00	LOCUS8650	Laspla
OG0003203_00	LOCUS9128	Laspla
OG0003204_00	LOCUS9118	Laspla
OG0003205_00	LOCUS9969	Laspla
OG0003206_00	LOCUS316	Laspla
OG0003207_00	LOCUS2642	Laspla
OG0003208_00	LOCUS5262	Laspla
OG0003209_00	LOCUS5714	Laspla
OG0003210_00	LOCUS5777	Laspla
OG0003211_00	LOCUS2676	Laspla
OG0003212_00	LOCUS2691	Laspla
OG0003213_00	LOCUS12191-2	Laspla
OG0003214_00	LOCUS12194	Laspla
OG0003215_00	LOCUS12455	Laspla
OG0003216_00	LOCUS12433	Laspla
OG0003217_00	LOCUS12412	Laspla
OG0003218_00	LOCUS12115	Laspla
OG0003219_00	LOCUS5315	Laspla
OG0003220_00	LOCUS5305	Laspla
OG0003221_00	LOCUS5301	Laspla
OG0003222_00	LOCUS14449	Laspla
OG0003223_00	LOCUS10084	Laspla
OG0003224_00	LOCUS12398	Laspla
OG0003225_00	LOCUS5868	Laspla
OG0003226_00	LOCUS6726-2	Laspla
OG0003227_00	LOCUS6733	Laspla
OG0003228_00	LOCUS6842	Laspla
OG0003229_00	LOCUS6558	Laspla
OG0003230_00	LOCUS6560	Laspla
OG0003231_00	LOCUS6549	Laspla
OG0003232_00	LOCUS3859	Laspla
OG0003233_00	LOCUS4307	Laspla
OG0003234_00	LOCUS4313	Laspla
OG0003235_00	LOCUS3977	Laspla
OG0003236_00	LOCUS4587	Laspla
OG0003237_00	LOCUS3920	Laspla
OG0003238_00	LOCUS14117	Laspla
OG0003239_00	LOCUS13871	Laspla
OG0003240_00	LOCUS13910	Laspla
OG0003241_00	LOCUS5292	Laspla
OG0003242_00	LOCUS5377	Laspla
OG0003243_00	LOCUS2362	Laspla
OG0003244_00	LOCUS7066	Laspla
OG0003245_00	LOCUS9056	Laspla
OG0003246_00	LOCUS6960	Laspla
OG0003247_00	LOCUS4741-2	Laspla
OG0003248_00	LOCUS520	Laspla
OG0003249_00	LOCUS11877	Laspla
OG0003250_00	LOCUS7338	Laspla
OG0003251_00	LOCUS12609	Laspla
OG0003252_00	LOCUS12610	Laspla
OG0003253_00	LOCUS1087	Laspla
OG0003254_00	LOCUS1011	Laspla
OG0003255_00	LOCUS1005	Laspla
OG0003256_00	LOCUS4625	Laspla
OG0003257_00	LOCUS478	Laspla
OG0003258_00	LOCUS465	Laspla
OG0003259_00	LOCUS6970	Laspla
OG0003260_00	G6Z76_0005874	Acrcha
OG0003261_00	LOCUS5019	Laspla
OG0003262_00	LOCUS3791-3	Laspla
OG0003263_00	LOCUS5064	Laspla
OG0003264_00	LOCUS3737	Laspla
OG0003265_00	LOCUS3685	Laspla
OG0003266_00	LOCUS5036	Laspla
OG0003267_00	LOCUS98	Laspla
OG0003268_00	LOCUS116-2	Laspla
OG0003269_00	LOCUS7732	Laspla
OG0003270_00	LOCUS7486	Laspla
OG0003271_00	LOCUS13851-2	Laspla
OG0003272_00	LOCUS31	Laspla
OG0003273_00	LOCUS11072	Laspla
OG0003274_00	LOCUS11087	Laspla
OG0003275_00	LOCUS10849	Laspla
OG0003276_00	LOCUS10822-2	Laspla
OG0003277_00	G6Z76_0006984	Acrcha
OG0003278_00	LOCUS10931	Laspla
OG0003279_00	LOCUS10905	Laspla
OG0003280_00	LOCUS10880	Laspla
OG0003281_00	LOCUS7285	Laspla
OG0003282_00	LOCUS4082	Laspla
OG0003283_00	LOCUS14624	Laspla
OG0003284_00	LOCUS14545	Laspla
OG0003285_00	LOCUS13307	Laspla
OG0003286_00	LOCUS13306	Laspla
OG0003287_00	LOCUS8456	Laspla
OG0003288_00	LOCUS9883	Laspla
OG0003289_00	LOCUS8422	Laspla
OG0003290_00	LOCUS10514	Laspla
OG0003291_00	LOCUS10502	Laspla
OG0003292_00	LOCUS2057-2	Laspla
OG0003293_00	LOCUS2044-2	Laspla
OG0003294_00	LOCUS2034	Laspla
OG0003295_00	LOCUS9955	Laspla
OG0003296_00	LOCUS8413	Laspla
OG0003297_00	LOCUS9931	Laspla
OG0003298_00	LOCUS7055	Laspla
OG0003299_00	LOCUS1996	Laspla
OG0003300_00	LOCUS9945	Laspla
OG0003301_00	LOCUS733	Laspla
OG0003302_00	LOCUS13224	Laspla
OG0003303_00	LOCUS3605	Laspla
OG0003304_00	LOCUS14035	Laspla
OG0003305_00	LOCUS12053	Laspla
OG0003306_00	LOCUS12044	Laspla
OG0003307_00	LOCUS6360	Laspla
OG0003308_00	LOCUS10374	Laspla
OG0003309_00	LOCUS8528	Laspla
OG0003310_00	LOCUS2024	Laspla
OG0003311_00	LOCUS7965	Laspla
OG0003312_00	LOCUS13183	Laspla
OG0003313_00	LOCUS13090	Laspla
OG0003314_00	Alpha_beta_hydrolase_fold-1_g00218_i1	Acafer
OG0003315_00	LOCUS10663	Laspla
OG0003316_00	LOCUS13916	Laspla
OG0003317_00	Chromo-domain_g16843_i1	Acafer
OG0003318_00	Peptidase_C14_caspase_non-catalytic_subunit_p10_g04175_i1	Temrug
OG0003319_00	LOCUS10105	Laspla
OG0003320_00	HOX_domain_g04814_i1	Acafer
OG0003321_00	HOX_domain_g08691_i1	Acafer
OG0003322_00	HOX_domain_g14969_i1	Anogra
OG0003323_00	HOX_domain_g14307_i1	Acafer
OG0003324_00	LOCUS9337	Laspla
OG0003325_00	LOCUS8716	Laspla
OG0003326_00	LOCUS4658	Laspla
OG0003327_00	PHD_finger_g14369_i1	Acafer
OG0003328_00	PHD_finger_g15906_i1	Acafer
OG0003329_00	Peptidase_C12_ubiquitin_carboxyl-terminal_hydrolase_1_g07291_i1	Acafer
OG0003330_00	Peptidase_C78_ubiquitin_fold_modifier-specific_peptidase_1_2_g05235_i1	Acafer
OG0003331_00	Peptidase_M13_neprilysin_C-terminal_g11559_i1	Bunamb
OG0003332_00	Peptidase_M22_glycoprotease_subgroup_g06368_i1	Acafer
OG0003333_00	Peptidase_M48_Ste24p_g09355_i1	Acafer
OG0003334_00	LOCUS2261	Laspla
OG0003335_00	LOCUS1037	Laspla
OG0003336_00	LOCUS6288	Laspla
OG0003337_00	LOCUS14690	Laspla
OG0003338_00	LOCUS3278	Laspla
OG0003339_00	G6Z76_0000302	Acrcha
OG0003340_00	LOCUS5852	Laspla
OG0003341_00	LOCUS13962	Laspla
OG0003344_00	LOCUS3893	Laspla
OG0003345_00	LOCUS8856	Laspla
OG0003346_00	LOCUS11307	Laspla
OG0003347_00	G6Z76_0008107	Acrcha
OG0003348_00	LOCUS12814	Laspla
OG0003349_00	G6Z75_0003574	Acrins
OG0003350_00	LOCUS12746	Laspla
OG0003351_00	LOCUS6149	Laspla
OG0003352_00	LOCUS8784-2	Laspla
OG0003353_00	LOCUS9312	Laspla
OG0003354_00	G6Z76_0009527	Acrcha
OG0003355_00	LOCUS12041-2	Laspla
OG0003356_00	Carboxylesterase_type_B_g00781_i1	Acafer
OG0003357_00	LOCUS12081	Laspla
OG0003358_00	LOCUS3849	Laspla
OG0003359_00	LOCUS3744	Laspla
OG0003360_00	LOCUS11774	Laspla
OG0003361_00	LOCUS3036	Laspla
OG0003362_00	G6Z76_0013036	Acrcha
OG0003363_00	Peptidase_S1_S6_chymotrypsin_Hap_g15034_i1	Acafer
OG0003364_00	LOCUS10408	Laspla
OG0003365_00	LOCUS448	Laspla
OG0003366_00	Hsp70_g13354_i1	Acafer
OG0003367_00	LOCUS2563	Laspla
OG0003368_00	LOCUS7697	Laspla
OG0003369_00	LOCUS10687	Laspla
OG0003370_00	LOCUS6488-2	Laspla
OG0003371_00	LOCUS481	Laspla
OG0003372_00	LOCUS9215	Laspla
OG0003373_00	LOCUS5247	Laspla
OG0003374_00	LOCUS10887	Laspla
OG0003375_00	G6Z76_0005488	Acrcha
OG0003376_00	LOCUS1019	Laspla
OG0003377_00	LOCUS14559	Laspla
OG0003378_00	G6Z76_0011627	Acrcha
OG0003379_00	LOCUS7992-2	Laspla
OG0003380_00	LOC126849878	Cathis
OG0003381_00	G6Z76_0003834	Acrcha
OG0003382_00	LOCUS9249	Laspla
OG0003383_00	Ponericin_W_g01130_i1	Aphexa
OG0003384_00	LOCUS3014	Laspla
OG0003386_00	LOCUS2330	Laspla
OG0003387_00	G6Z76_0014257	Acrcha
OG0003388_00	P5V15_009600	Pogcal
OG0003389_00	LOCUS1905	Laspla
OG0003390_00	LOCUS2677	Laspla
OG0003391_00	G6Z76_0002609	Acrcha
OG0003392_00	LOCUS6487	Laspla
OG0003393_00	G6Z76_0013644	Acrcha
OG0003394_00	LOCUS8808	Laspla
OG0003395_00	G6Z76_0006133	Acrcha
OG0003396_00	LOCUS4751	Laspla
OG0003396_01	G6Z76_0003671	Acrcha
OG0003397_00	LOCUS5002	Laspla
OG0003398_00	LOCUS1318	Laspla
OG0003399_00	LOCUS10356	Laspla
OG0003400_00	LOCUS14147	Laspla
OG0003401_00	LOCUS7116	Laspla
OG0003402_00	LOCUS10098	Laspla
OG0003403_00	LOCUS4035	Laspla
OG0003404_00	LOCUS12899	Laspla
OG0003405_00	LOCUS7883	Laspla
OG0003406_00	LOCUS13082	Laspla
OG0003407_00	LOCUS781	Laspla
OG0003408_00	LOCUS5116	Laspla
OG0003409_00	LOCUS2828	Laspla
OG0003410_00	LOCUS14708	Laspla
OG0003411_00	LOCUS5112	Laspla
OG0003412_00	LOCUS9348	Laspla
OG0003413_00	LOCUS14356	Laspla
OG0003414_00	LOCUS4677	Laspla
OG0003415_00	LOCUS11993	Laspla
OG0003416_00	LOCUS8329	Laspla
OG0003417_00	LOCUS12060	Laspla
OG0003418_00	LOCUS12111	Laspla
OG0003419_00	Peptidase_M12B_propeptide_g17941_i1	Acafer
OG0003420_00	LOCUS3208	Laspla
OG0003421_00	LOCUS12738	Laspla
OG0003422_00	G6Z76_0003981	Acrcha
OG0003423_00	LOCUS6233	Laspla
OG0003424_00	LOCUS6250	Laspla
OG0003425_00	LOCUS6162	Laspla
OG0003426_00	G6Z76_0011162	Acrcha
OG0003427_00	LOCUS13378	Laspla
OG0003428_00	LOCUS13011	Laspla
OG0003429_00	LOCUS13016	Laspla
OG0003430_00	LOCUS12533	Laspla
OG0003431_00	LOCUS13128	Laspla
OG0003432_00	LOCUS13614	Laspla
OG0003433_00	LOCUS13287	Laspla
OG0003434_00	LOCUS7315	Laspla
OG0003435_00	LOCUS335	Laspla
OG0003436_00	LOCUS5236	Laspla
OG0003437_00	LOCUS5914	Laspla
OG0003438_00	LOCUS204	Laspla
OG0003439_00	LOCUS8103	Laspla
OG0003440_00	LOCUS7983	Laspla
OG0003441_00	G6Z76_0005482	Acrcha
OG0003442_00	LOCUS10010	Laspla
OG0003443_00	G6Z76_0001758	Acrcha
OG0003444_00	LOCUS5311	Laspla
OG0003445_00	LOCUS2119	Laspla
OG0003446_00	LOCUS6839	Laspla
OG0003447_00	G6Z76_0001406	Acrcha
OG0003448_00	LOCUS598-2	Laspla
OG0003449_00	G6Z77_0007921	Acrhey
OG0003450_00	LOCUS4963	Laspla
OG0003451_00	LOCUS84	Laspla
OG0003452_00	G6Z76_0006232	Acrcha
OG0003453_00	LOCUS1980	Laspla
OG0003454_00	LOCUS10531	Laspla
OG0003455_00	LOCUS6552	Laspla
OG0003456_00	LOCUS293	Laspla
OG0003457_00	G6Z76_0009789	Acrcha
OG0003458_00	Ankyrin_g13684_i1	Acafer
OG0003459_00	LOCUS6348	Laspla
OG0003460_00	LOCUS3034	Laspla
OG0003461_00	LOCUS3119-2	Laspla
OG0003462_00	LOCUS10678	Laspla
OG0003463_00	LOCUS11233-2	Laspla
OG0003464_00	G6Z76_0013402	Acrcha
OG0003465_00	LOCUS11402	Laspla
OG0003466_00	LOCUS7-2	Laspla
OG0003467_00	LOCUS5830	Laspla
OG0003468_00	LOCUS5831	Laspla
OG0003469_00	LOCUS1874	Laspla
OG0003470_00	LOCUS13052	Laspla
OG0003471_00	LOCUS13081-2	Laspla
OG0003472_00	LOCUS13457	Laspla
OG0003473_00	LOCUS13456	Laspla
OG0003474_00	G6Z76_0011415	Acrcha
OG0003475_00	LOCUS5279	Laspla
OG0003476_00	LOCUS14581	Laspla
OG0003477_00	LOCUS13199	Laspla
OG0003478_00	ACFW04_009978	Catnig
OG0003479_00	LOCUS7832	Laspla
OG0003480_00	LOCUS946	Laspla
OG0003481_00	LOCUS814	Laspla
OG0003482_00	LOCUS988	Laspla
OG0003483_00	LOCUS6890	Laspla
OG0003484_00	G6Z76_0013471	Acrcha
OG0003485_00	LOCUS12845	Laspla
OG0003486_00	LOCUS7009	Laspla
OG0003487_00	LOCUS11813	Laspla
OG0003488_00	LOCUS8328	Laspla
OG0003489_00	LOCUS2730	Laspla
OG0003490_00	LOCUS14608	Laspla
OG0003491_00	LOCUS9280	Laspla
OG0003492_00	LOCUS12792	Laspla
OG0003493_00	LOCUS2581	Laspla
OG0003494_00	G6Z76_0007417	Acrcha
OG0003495_00	LOCUS12815	Laspla
OG0003496_00	LOCUS10360	Laspla
OG0003497_00	LOCUS9013	Laspla
OG0003498_00	LOCUS8861	Laspla
OG0003499_00	LOCUS8782	Laspla
OG0003500_00	LOCUS8646	Laspla
OG0003501_00	LOCUS9096	Laspla
OG0003502_00	LOCUS8818	Laspla
OG0003503_00	LOCUS10045	Laspla
OG0003504_00	LOCUS9177	Laspla
OG0003505_00	LOCUS5253	Laspla
OG0003506_00	LOCUS2548	Laspla
OG0003507_00	LOCUS255	Laspla
OG0003508_00	G6Z76_0014175	Acrcha
OG0003509_00	LOCUS12098	Laspla
OG0003510_00	LOCUS12301	Laspla
OG0003511_00	LOCUS12466	Laspla
OG0003512_00	LOCUS12457	Laspla
OG0003513_00	LOCUS12452	Laspla
OG0003514_00	LOCUS2161-2	Laspla
OG0003515_00	LOCUS2614	Laspla
OG0003516_00	G6Z76_0014425	Acrcha
OG0003517_00	LOCUS10095	Laspla
OG0003518_00	LOCUS14678	Laspla
OG0003519_00	LOCUS14546	Laspla
OG0003520_00	LOCUS12185	Laspla
OG0003521_00	LOCUS3972	Laspla
OG0003522_00	LOCUS13869	Laspla
OG0003523_00	LOCUS10599	Laspla
OG0003524_00	LOCUS2354	Laspla
OG0003525_00	LOCUS4748	Laspla
OG0003526_00	LOCUS4672	Laspla
OG0003527_00	LOCUS12272	Laspla
OG0003528_00	LOCUS11866	Laspla
OG0003529_00	LOCUS7026	Laspla
OG0003530_00	LOCUS3774	Laspla
OG0003531_00	LOCUS3725	Laspla
OG0003532_00	LOCUS3686	Laspla
OG0003533_00	LOCUS3815	Laspla
OG0003534_00	G6Z76_0012735	Acrcha
OG0003535_00	LOCUS11070	Laspla
OG0003536_00	LOCUS10848	Laspla
OG0003537_00	LOCUS11328	Laspla
OG0003538_00	LOCUS11217	Laspla
OG0003539_00	LOCUS11225	Laspla
OG0003540_00	G6Z76_0002028	Acrcha
OG0003541_00	LOCUS12997	Laspla
OG0003542_00	LOCUS2018	Laspla
OG0003543_00	LOCUS13154	Laspla
OG0003544_00	LOCUS8461	Laspla
OG0003545_00	LOCUS2048	Laspla
OG0003546_00	LOCUS1993	Laspla
OG0003547_00	LOCUS3846-2	Laspla
OG0003548_00	LOCUS6355	Laspla
OG0003549_00	LOCUS7927	Laspla
OG0003550_00	LOCUS8156	Laspla
OG0003551_00	LOCUS8162	Laspla
OG0003552_00	LOCUS7949	Laspla
OG0003553_00	LOCUS8043	Laspla
OG0003554_00	G6Z76_0013748	Acrcha
OG0003555_00	Chromo-domain_g09607_i1	Acafer
OG0003556_00	LOCUS5880-2	Laspla
OG0003557_00	PHD_finger_g14866_i1	Acafer
OG0003558_00	PHD_finger_g15618_i1	Acafer
OG0003559_00	Peptidase_C19_ubiquitin_carboxyl-terminal_hydrolase_2_g01450_i1	Acafer
OG0003560_00	Peptidase_C1A_papain_C-terminal_g18381_i1	Acafer
OG0003561_00	Peptidase_S1_S6_chymotrypsin_Hap_g01075_i1	Acafer
OG0003562_00	LOCUS14065	Laspla
OG0003563_00	LOCUS11719	Laspla
OG0003564_00	LOCUS567-2	Laspla
OG0003565_00	LOCUS6734	Laspla
OG0003566_00	LOCUS7817	Laspla
OG0003567_00	LOCUS2908	Laspla
OG0003568_00	LOCUS6336	Laspla
OG0003569_00	LOCUS6332	Laspla
OG0003570_00	LOCUS6465	Laspla
OG0003571_00	LOCUS6467	Laspla
OG0003572_00	LOCUS6473	Laspla
OG0003573_00	LOCUS6621	Laspla
OG0003574_00	LOCUS8307	Laspla
OG0003575_00	LOCUS5610	Laspla
OG0003576_00	LOCUS3133	Laspla
OG0003577_00	LOCUS3347	Laspla
OG0003578_00	G6Z76_0001297	Acrcha
OG0003579_00	LOCUS3085	Laspla
OG0003580_00	G6Z76_0001679	Acrcha
OG0003581_00	LOCUS2885	Laspla
OG0003582_00	LOCUS2884	Laspla
OG0003583_00	LOCUS7043	Laspla
OG0003584_00	LOCUS7583	Laspla
OG0003585_00	LOCUS14548	Laspla
OG0003586_00	LOCUS10666	Laspla
OG0003587_00	LOCUS10664	Laspla
OG0003588_00	LOCUS11252	Laspla
OG0003589_00	LOCUS11302	Laspla
OG0003590_00	LOCUS7505	Laspla
OG0003591_00	LOCUS7532-2	Laspla
OG0003592_00	G6Z76_0005833	Acrcha
OG0003593_00	LOCUS5422	Laspla
OG0003594_00	LOCUS10860-2	Laspla
OG0003595_00	LOCUS3574-2	Laspla
OG0003596_00	LOCUS3545	Laspla
OG0003597_00	LOCUS4703	Laspla
OG0003598_00	LOCUS6167	Laspla
OG0003599_00	LOCUS5960	Laspla
OG0003600_00	LOCUS5971	Laspla
OG0003601_00	LOCUS5990	Laspla
OG0003602_00	G6Z76_0003971	Acrcha
OG0003603_00	LOCUS5916	Laspla
OG0003604_00	LOCUS6231	Laspla
OG0003605_00	LOCUS6139	Laspla
OG0003606_00	G6Z76_0011140	Acrcha
OG0003607_00	LOCUS13649	Laspla
OG0003608_00	LOCUS12962	Laspla
OG0003609_00	LOCUS12964	Laspla
OG0003610_00	LOCUS13115	Laspla
OG0003611_00	LOCUS13116	Laspla
OG0003612_00	LOCUS13594	Laspla
OG0003613_00	LOCUS13101	Laspla
OG0003614_00	LOCUS13319	Laspla
OG0003615_00	LOCUS13314	Laspla
OG0003616_00	LOCUS13013	Laspla
OG0003617_00	LOCUS13015	Laspla
OG0003618_00	G6Z76_0002470	Acrcha
OG0003619_00	G6Z76_0002472	Acrcha
OG0003620_00	LOCUS12543	Laspla
OG0003621_00	G6Z76_0010623	Acrcha
OG0003622_00	LOCUS12351	Laspla
OG0003623_00	LOCUS2937	Laspla
OG0003624_00	G6Z76_0007327	Acrcha
OG0003625_00	LOCUS5237	Laspla
OG0003626_00	LOCUS1194	Laspla
OG0003627_00	LOCUS1207	Laspla
OG0003628_00	LOCUS5249	Laspla
OG0003629_00	LOCUS14576	Laspla
OG0003630_00	LOCUS6993	Laspla
OG0003631_00	LOCUS5147	Laspla
OG0003632_00	LOCUS1266	Laspla
OG0003633_00	LOCUS1253	Laspla
OG0003634_00	LOCUS581	Laspla
OG0003635_00	LOCUS13188	Laspla
OG0003636_00	LOCUS13471	Laspla
OG0003637_00	G6Z76_0002259	Acrcha
OG0003638_00	LOCUS13297	Laspla
OG0003639_00	LOCUS13486	Laspla
OG0003640_00	LOCUS13492	Laspla
OG0003641_00	LOCUS13510	Laspla
OG0003642_00	LOCUS13560	Laspla
OG0003643_00	LOCUS3424	Laspla
OG0003644_00	LOCUS11936	Laspla
OG0003645_00	LOCUS11914	Laspla
OG0003646_00	LOCUS2711	Laspla
OG0003647_00	LOCUS7784	Laspla
OG0003648_00	LOCUS7846	Laspla
OG0003649_00	LOCUS739	Laspla
OG0003650_00	G6Z76_0003158	Acrcha
OG0003651_00	LOCUS803	Laspla
OG0003652_00	LOCUS631	Laspla
OG0003653_00	LOCUS987	Laspla
OG0003654_00	LOCUS7294	Laspla
OG0003655_00	LOCUS6200	Laspla
OG0003656_00	LOCUS9465	Laspla
OG0003657_00	LOCUS6919	Laspla
OG0003658_00	LOCUS6920	Laspla
OG0003659_00	LOCUS6921	Laspla
OG0003660_00	G6Z76_0014528	Acrcha
OG0003661_00	LOCUS1962	Laspla
OG0003662_00	G6Z76_0014521	Acrcha
OG0003663_00	LOCUS7111	Laspla
OG0003664_00	G6Z76_0006876	Acrcha
OG0003665_00	HN011_008386	Ecibur
OG0003666_00	LOCUS10746	Laspla
OG0003667_00	LOCUS10752	Laspla
OG0003668_00	LOCUS8268	Laspla
OG0003669_00	Peptidase_C14_ICE_catalytic_subunit_p20_g16156_i1	Lasnig
OG0003670_00	LOCUS10791	Laspla
OG0003671_00	LOCUS11448	Laspla
OG0003672_00	LOCUS11420	Laspla
OG0003673_00	LOCUS11419	Laspla
OG0003674_00	LOCUS2832	Laspla
OG0003675_00	LOCUS2867	Laspla
OG0003676_00	LOCUS5575	Laspla
OG0003677_00	LOCUS11821	Laspla
OG0003678_00	LOCUS11681	Laspla
OG0003679_00	LOCUS5184	Laspla
OG0003680_00	LOCUS5155	Laspla
OG0003681_00	LOCUS5191	Laspla
OG0003682_00	LOCUS8298	Laspla
OG0003683_00	LOCUS14077	Laspla
OG0003684_00	LOCUS7239	Laspla
OG0003685_00	LOCUS1930	Laspla
OG0003686_00	LOCUS5472	Laspla
OG0003687_00	LOCUS5653	Laspla
OG0003688_00	LOCUS1855	Laspla
OG0003689_00	LOCUS11017	Laspla
OG0003690_00	LOCUS289	Laspla
OG0003691_00	LOCUS8729-2	Laspla
OG0003692_00	LOCUS9254	Laspla
OG0003693_00	LOCUS9299	Laspla
OG0003694_00	LOCUS9308	Laspla
OG0003695_00	LOCUS9313	Laspla
OG0003696_00	LOCUS2023	Laspla
OG0003697_00	LOCUS397	Laspla
OG0003698_00	LOCUS8401	Laspla
OG0003699_00	G6Z76_0008195	Acrcha
OG0003700_00	G6Z76_0002754	Acrcha
OG0003701_00	LOCUS2599	Laspla
OG0003702_00	LOCUS12817	Laspla
OG0003703_00	LOCUS12808	Laspla
OG0003704_00	LOCUS6666	Laspla
OG0003705_00	LOCUS6820	Laspla
OG0003706_00	LOCUS11757	Laspla
OG0003707_00	G6Z76_0001747	Acrcha
OG0003708_00	LOCUS10017	Laspla
OG0003709_00	LOCUS9026	Laspla
OG0003710_00	LOCUS8872-2	Laspla
OG0003711_00	LOCUS8980	Laspla
OG0003712_00	LOCUS8923	Laspla
OG0003713_00	LOCUS8892-2	Laspla
OG0003714_00	LOCUS9357	Laspla
OG0003715_00	LOCUS8714	Laspla
OG0003716_00	LOCUS8855	Laspla
OG0003717_00	LOCUS8792	Laspla
OG0003718_00	LOCUS9124	Laspla
OG0003719_00	LOCUS9109	Laspla
OG0003720_00	LOCUS9108-2	Laspla
OG0003721_00	LOCUS9179	Laspla
OG0003722_00	LOCUS14364	Laspla
OG0003723_00	LOCUS5678	Laspla
OG0003724_00	LOCUS5676	Laspla
OG0003725_00	G6Z76_0005663	Acrcha
OG0003726_00	LOCUS4120	Laspla
OG0003727_00	LOCUS4118	Laspla
OG0003728_00	LOCUS14397	Laspla
OG0003729_00	LOCUS12193	Laspla
OG0003730_00	LOCUS12461-5	Laspla
OG0003731_00	LOCUS12437	Laspla
OG0003732_00	G6Z76_0014253	Acrcha
OG0003733_00	LOCUS12112	Laspla
OG0003734_00	LOCUS5740	Laspla
OG0003735_00	G6Z76_0000143	Acrcha
OG0003736_00	LOCUS2572	Laspla
OG0003737_00	LOCUS2571-2	Laspla
OG0003738_00	LOCUS5335	Laspla
OG0003739_00	LOCUS3435	Laspla
OG0003740_00	LOCUS14425	Laspla
OG0003741_00	LOCUS1717	Laspla
OG0003742_00	LOCUS13735	Laspla
OG0003743_00	LOCUS7200	Laspla
OG0003744_00	LOCUS14104	Laspla
OG0003745_00	LOCUS14107	Laspla
OG0003746_00	LOCUS5536	Laspla
OG0003747_00	G6Z76_0006191	Acrcha
OG0003748_00	LOCUS10646	Laspla
OG0003749_00	G6Z76_0013621	Acrcha
OG0003750_00	G6Z76_0001220	Acrcha
OG0003751_00	LOCUS5889-2	Laspla
OG0003752_00	G6Z76_0000322	Acrcha
OG0003753_00	LOCUS4176	Laspla
OG0003754_00	LOCUS4320	Laspla
OG0003755_00	LOCUS3954	Laspla
OG0003756_00	LOCUS3949	Laspla
OG0003757_00	LOCUS4051	Laspla
OG0003758_00	LOCUS3857	Laspla
OG0003759_00	LOCUS14001	Laspla
OG0003760_00	LOCUS13768	Laspla
OG0003761_00	LOCUS13885	Laspla
OG0003762_00	LOCUS2327	Laspla
OG0003763_00	LOCUS2335	Laspla
OG0003764_00	LOCUS10586	Laspla
OG0003765_00	LOCUS4735	Laspla
OG0003766_00	LOCUS501-5	Laspla
OG0003767_00	LOCUS12625	Laspla
OG0003768_00	LOCUS12242	Laspla
OG0003769_00	LOCUS10210	Laspla
OG0003770_00	LOCUS11873	Laspla
OG0003771_00	LOCUS2808	Laspla
OG0003772_00	LOCUS13716	Laspla
OG0003773_00	LOCUS3506	Laspla
OG0003774_00	G6Z76_0011552	Acrcha
OG0003775_00	G6Z76_0003831	Acrcha
OG0003776_00	LOCUS4604	Laspla
OG0003777_00	LOCUS482	Laspla
OG0003778_00	LOCUS4678	Laspla
OG0003779_00	LOCUS4692	Laspla
OG0003780_00	LOCUS3673	Laspla
OG0003781_00	LOCUS7631	Laspla
OG0003782_00	LOCUS7707	Laspla
OG0003783_00	LOCUS7514	Laspla
OG0003784_00	LOCUS7633	Laspla
OG0003785_00	LOCUS5570	Laspla
OG0003786_00	LOCUS1942	Laspla
OG0003787_00	LOCUS30	Laspla
OG0003788_00	LOCUS11048	Laspla
OG0003789_00	LOCUS11373	Laspla
OG0003790_00	LOCUS11364	Laspla
OG0003791_00	LOCUS11331	Laspla
OG0003792_00	G6Z76_0011298	Acrcha
OG0003793_00	LOCUS11109	Laspla
OG0003794_00	G6Z76_0007007	Acrcha
OG0003795_00	LOCUS10930	Laspla
OG0003796_00	LOCUS10921	Laspla
OG0003797_00	LOCUS5394	Laspla
OG0003798_00	LOCUS13003	Laspla
OG0003799_00	LOCUS13565	Laspla
OG0003800_00	LOCUS11039	Laspla
OG0003801_00	LOCUS10229	Laspla
OG0003802_00	LOCUS10521	Laspla
OG0003803_00	LOCUS9881	Laspla
OG0003804_00	LOCUS10472	Laspla
OG0003805_00	LOCUS7981	Laspla
OG0003806_00	LOCUS8420	Laspla
OG0003807_00	LOCUS8425	Laspla
OG0003808_00	LOCUS10508	Laspla
OG0003809_00	LOCUS10462	Laspla
OG0003810_00	LOCUS10465	Laspla
OG0003811_00	LOCUS8407	Laspla
OG0003812_00	LOCUS8447	Laspla
OG0003813_00	LOCUS10478-4	Laspla
OG0003814_00	LOCUS10222	Laspla
OG0003815_00	LOCUS2071-2	Laspla
OG0003816_00	LOCUS9928	Laspla
OG0003817_00	LOCUS9927	Laspla
OG0003818_00	LOCUS14049	Laspla
OG0003819_00	LOCUS3609	Laspla
OG0003820_00	LOCUS3616	Laspla
OG0003821_00	LOCUS12064	Laspla
OG0003822_00	G6Z76_0012300	Acrcha
OG0003823_00	LOCUS6366	Laspla
OG0003824_00	LOCUS8681	Laspla
OG0003825_00	LOCUS8021	Laspla
OG0003826_00	LOCUS8233	Laspla
OG0003827_00	G6Z77_0004761	Acrhey
OG0003828_00	LOCUS8512	Laspla
OG0003829_00	LOCUS8216	Laspla
OG0003830_00	LOCUS531	Laspla
OG0003831_00	LOCUS13220	Laspla
OG0003832_00	LOCUS8723	Laspla
OG0003833_00	LOCUS4246	Laspla
OG0003834_00	LOCUS7985	Laspla
OG0003835_00	LOCUS8455	Laspla
OG0003836_00	Chaperonins_g06172_i1	Acafer
OG0003837_00	HOX_domain_g06545_i1	Acafer
OG0003838_00	LOCUS12410	Laspla
OG0003839_00	LOCUS10741	Laspla
OG0003840_00	LOCUS8880	Laspla
OG0003841_00	LOCUS6300	Laspla
OG0003842_00	PHD_finger_g17359_i2	Acafer
OG0003843_00	Peptidase_A22A_presenilin_g14474_i1	Acafer
OG0003844_00	Peptidase_C15_pyroglutamyl_peptidase_I_g07756_i1	Acafer
OG0003845_00	Peptidase_C50_separase_g09601_i1	Acafer
OG0003846_00	Peptidase_M1_membrane_alanine_aminopeptidase_N-terminal_g04561_i1	Acafer
OG0003847_00	Peptidase_M20_dimerisation_g05248_i1	Acrech
OG0003848_00	LOCUS10562	Laspla
OG0003849_00	LOCUS1186	Laspla
OG0003850_00	LOCUS12236	Laspla
OG0003851_00	cut_g04205_i1	Acafer
OG0003852_00	LOCUS3157	Laspla
OG0003853_00	LOCUS3700	Laspla
OG0003854_00	LOCUS11073	Laspla
OG0003855_00	Peptidase_S60_transferrin_lactoferrin_g08204_i1	Aphsmy
OG0003856_00	LOCUS6221	Laspla
OG0003857_00	LOCUS11682	Laspla
OG0003858_00	Peptidase_S60_transferrin_lactoferrin_g02148_i1	Cepmin
OG0003860_00	LOCUS12791	Laspla
OG0003861_00	G6Z76_0014652	Acrcha
OG0003862_00	ACFW04_005286	Catnig
OG0003863_00	LOCUS5948	Laspla
OG0003864_00	LOCUS10670	Laspla
OG0003865_00	groucho_g17198_i1	Acafer
OG0003866_00	LOCUS12356	Laspla
OG0003867_00	LOCUS6015	Laspla
OG0003868_00	LOCUS7257	Laspla
OG0003869_00	G6Z76_0001790	Acrcha
OG0003870_00	HOX_domain_g14923_i1	Acafer
OG0003871_00	LOCUS8732	Laspla
OG0003872_00	LOCUS3631	Laspla
OG0003873_00	LOCUS14028	Laspla
OG0003874_00	LOCUS14060	Laspla
OG0003875_00	LOCUS6302	Laspla
OG0003876_00	LOCUS3533	Laspla
OG0003877_00	LOCUS9933	Laspla
OG0003878_00	LOCUS13200	Laspla
OG0003879_00	LOCUS6700	Laspla
OG0003880_00	LOCUS8857	Laspla
OG0003881_00	LOCUS13632	Laspla
OG0003882_00	G6Z76_0011089	Acrcha
OG0003883_00	LOCUS3695	Laspla
OG0003884_00	LOCUS7554	Laspla
OG0003885_00	LOCUS12300-2	Laspla
OG0003886_00	LOCUS4093	Laspla
OG0003887_00	G6Z76_0002316	Acrcha
OG0003888_00	LOCUS5355	Laspla
OG0003889_00	LOCUS12335	Laspla
OG0003892_00	LOCUS4916	Laspla
OG0003893_00	LOCUS6669	Laspla
OG0003894_00	LOCUS9342	Laspla
OG0003895_00	LOCUS2753	Laspla
OG0003896_00	Peptidase_M2_peptidyl-dipeptidase_A_g01575_i1	Acafer
OG0003897_00	LOCUS5893	Laspla
OG0003898_00	LOCUS196	Laspla
OG0003899_00	LOCUS13272	Laspla
OG0003900_00	LOCUS5537	Laspla
OG0003901_00	LOCUS7865	Laspla
OG0003902_00	G6Z76_0000997	Acrcha
OG0003903_00	LOCUS3427	Laspla
OG0003904_00	G6Z76_0014369	Acrcha
OG0003905_00	LOCUS10393	Laspla
OG0003906_00	LOCUS6371	Laspla
OG0003907_00	LOCUS13283	Laspla
OG0003908_00	LOCUS6134	Laspla
OG0003909_00	LOCUS13140	Laspla
OG0003910_00	LOCUS14691	Laspla
OG0003911_00	LOCUS8509	Laspla
OG0003912_00	LOCUS4048	Laspla
OG0003913_00	LOCUS2377	Laspla
OG0003914_00	LOCUS4639	Laspla
OG0003915_00	LOCUS43	Laspla
OG0003916_00	LOCUS13084	Laspla
OG0003917_00	G6Z75_0008909	Acrins
OG0003918_00	LOCUS9236	Laspla
OG0003919_00	LOCUS12233	Laspla
OG0003920_00	LOCUS3730	Laspla
OG0003921_00	G6Z76_0003375	Acrcha
OG0003922_00	LOCUS11376	Laspla
OG0003923_00	LOCUS6317	Laspla
OG0003924_00	LOCUS3151	Laspla
OG0003925_00	LOCUS3456	Laspla
OG0003926_00	LOCUS6088	Laspla
OG0003927_00	LOCUS1211	Laspla
OG0003928_00	LOCUS13198-2	Laspla
OG0003929_00	LOCUS13832	Laspla
OG0003930_00	LOCUS2613	Laspla
OG0003931_00	G6Z76_0004799	Acrcha
OG0003932_00	LOCUS10548	Laspla
OG0003933_00	LOCUS3640	Laspla
OG0003934_00	LOCUS4098	Laspla
OG0003935_00	Peptidase_C19_ubiquitin_carboxyl-terminal_hydrolase_2_g02189_i1	Acafer
OG0003936_00	LOCUS6625	Laspla
OG0003937_00	G6Z76_0012372	Acrcha
OG0003938_00	LOCUS3210	Laspla
OG0003939_00	LOCUS11286-2	Laspla
OG0003940_00	LOCUS7564	Laspla
OG0003941_00	G6Z76_0002461	Acrcha
OG0003942_00	LOCUS13009	Laspla
OG0003943_00	LOCUS14068	Laspla
OG0003944_00	LOCUS1281	Laspla
OG0003945_00	LOCUS1237	Laspla
OG0003946_00	LOCUS11047	Laspla
OG0003947_00	LOCUS7513	Laspla
OG0003948_00	LOCUS10739	Laspla
OG0003949_00	LOCUS5199	Laspla
OG0003950_00	LOCUS2415	Laspla
OG0003951_00	LOCUS1929	Laspla
OG0003952_00	LOCUS1181	Laspla
OG0003953_00	LOCUS292	Laspla
OG0003954_00	LOCUS2383	Laspla
OG0003955_00	LOCUS10246	Laspla
OG0003956_00	LOCUS8761	Laspla
OG0003957_00	G6Z76_0009546	Acrcha
OG0003958_00	LOCUS12136	Laspla
OG0003959_00	LOCUS3966	Laspla
OG0003960_00	LOCUS6940	Laspla
OG0003961_00	LOCUS7704	Laspla
OG0003962_00	LOCUS11345	Laspla
OG0003963_00	LOCUS11162	Laspla
OG0003964_00	LOCUS10227	Laspla
OG0003965_00	LOCUS10470	Laspla
OG0003966_00	LOCUS8440	Laspla
OG0003967_00	G6Z76_0005035	Acrcha
OG0003968_00	LOCUS10217	Laspla
OG0003969_00	LOCUS2065	Laspla
OG0003970_00	LOCUS3628	Laspla
OG0003971_00	G6Z76_0003767	Acrcha
OG0003972_00	LOCUS13222	Laspla
OG0003973_00	Kinase-S6K_g16566_i1	Acafer
OG0003974_00	Peptidase_S14_ClpP_g15815_i1	Acafer
OG0003975_00	LOCUS1020-3	Laspla
OG0003976_00	LOCUS6655	Laspla
OG0003977_00	LOCUS6658	Laspla
OG0003978_00	LOCUS6401	Laspla
OG0003979_00	LOCUS6736	Laspla
OG0003980_00	LOCUS6626	Laspla
OG0003981_00	LOCUS6613	Laspla
OG0003982_00	LOCUS10661	Laspla
OG0003983_00	LOCUS11236	Laspla
OG0003984_00	LOCUS9-2	Laspla
OG0003985_00	G6Z76_0004734	Acrcha
OG0003986_00	LOCUS3566	Laspla
OG0003987_00	LOCUS2118	Laspla
OG0003988_00	LOCUS5927-2	Laspla
OG0003989_00	LOCUS6205	Laspla
OG0003990_00	LOCUS13446	Laspla
OG0003991_00	LOCUS12979	Laspla
OG0003992_00	LOCUS13010	Laspla
OG0003993_00	LOCUS13399	Laspla
OG0003994_00	LOCUS13664	Laspla
OG0003995_00	LOCUS5664	Laspla
OG0003996_00	LOCUS5135	Laspla
OG0003997_00	LOCUS5129	Laspla
OG0003998_00	G6Z76_0000594	Acrcha
OG0003999_00	LOCUS13464	Laspla
OG0004000_00	LOCUS13491	Laspla
OG0004001_00	LOCUS13500	Laspla
OG0004002_00	G6Z76_0010529	Acrcha
OG0004003_00	LOCUS2762	Laspla
OG0004004_00	LOCUS7800	Laspla
OG0004005_00	LOCUS7857	Laspla
OG0004006_00	LOCUS920	Laspla
OG0004007_00	LOCUS9464	Laspla
OG0004008_00	LOCUS6903	Laspla
OG0004009_00	G6Z76_0006880	Acrcha
OG0004010_00	LOCUS7507	Laspla
OG0004011_00	G6Z76_0013860	Acrcha
OG0004012_00	LOCUS8261	Laspla
OG0004013_00	LOCUS10779	Laspla
OG0004014_00	LOCUS11449	Laspla
OG0004015_00	LOCUS2835-2	Laspla
OG0004016_00	LOCUS11823	Laspla
OG0004017_00	LOCUS11812	Laspla
OG0004018_00	LOCUS7053	Laspla
OG0004019_00	LOCUS14638-2	Laspla
OG0004020_00	LOCUS1151	Laspla
OG0004021_00	LOCUS12225	Laspla
OG0004022_00	LOCUS8059	Laspla
OG0004023_00	LOCUS8071	Laspla
OG0004024_00	LOCUS9327	Laspla
OG0004025_00	LOCUS2019	Laspla
OG0004026_00	LOCUS8073	Laspla
OG0004027_00	LOCUS2381	Laspla
OG0004028_00	LOCUS2978	Laspla
OG0004029_00	LOCUS6760	Laspla
OG0004030_00	LOCUS10275	Laspla
OG0004031_00	LOCUS10316	Laspla
OG0004032_00	G6Z76_0006441	Acrcha
OG0004033_00	LOCUS2009	Laspla
OG0004034_00	LOCUS8871	Laspla
OG0004035_00	LOCUS8934	Laspla
OG0004036_00	LOCUS8922	Laspla
OG0004037_00	LOCUS8647	Laspla
OG0004038_00	Peptidase_M24B_X-Pro_dipeptidase_aminopeptidase_P_N-terminal_g14351_i1	Anogra
OG0004039_00	LOCUS5705	Laspla
OG0004040_00	LOCUS2605	Laspla
OG0004041_00	LOCUS254	Laspla
OG0004042_00	LOCUS12409	Laspla
OG0004043_00	LOCUS5326	Laspla
OG0004044_00	LOCUS7274	Laspla
OG0004045_00	G6Z76_0001768	Acrcha
OG0004046_00	LOCUS10099	Laspla
OG0004047_00	LOCUS5546	Laspla
OG0004048_00	LOCUS20	Laspla
OG0004049_00	LOCUS6976	Laspla
OG0004050_00	G6Z76_0012185	Acrcha
OG0004051_00	LOCUS3851	Laspla
OG0004052_00	LOCUS4040	Laspla
OG0004053_00	LOCUS3874	Laspla
OG0004054_00	LOCUS14084	Laspla
OG0004055_00	LOCUS6965	Laspla
OG0004056_00	LOCUS505	Laspla
OG0004057_00	LOCUS12077	Laspla
OG0004058_00	LOCUS7067	Laspla
OG0004059_00	LOCUS3509	Laspla
OG0004060_00	LOCUS7282	Laspla
OG0004061_00	LOCUS12029	Laspla
OG0004062_00	LOCUS1129	Laspla
OG0004063_00	G6Z76_0008163	Acrcha
OG0004064_00	LOCUS4727	Laspla
OG0004065_00	LOCUS3684	Laspla
OG0004066_00	LOCUS3678	Laspla
OG0004067_00	LOCUS3669	Laspla
OG0004068_00	LOCUS7769	Laspla
OG0004069_00	G6Z76_0001500	Acrcha
OG0004070_00	LOCUS7699	Laspla
OG0004071_00	LOCUS8368	Laspla
OG0004072_00	LOCUS11060	Laspla
OG0004073_00	G6Z75_0012614	Acrins
OG0004074_00	G6Z76_0011333	Acrcha
OG0004075_00	LOCUS11346	Laspla
OG0004076_00	LOCUS11110	Laspla
OG0004077_00	LOCUS11175	Laspla
OG0004078_00	LOCUS5386	Laspla
OG0004079_00	G6Z76_0004685	Acrcha
OG0004080_00	LOCUS971	Laspla
OG0004081_00	LOCUS10471	Laspla
OG0004082_00	LOCUS2054	Laspla
OG0004083_00	LOCUS9946	Laspla
OG0004084_00	LOCUS7664	Laspla
OG0004085_00	LOCUS8137	Laspla
OG0004086_00	LOCUS11755	Laspla
OG0004087_00	LOCUS8057	Laspla
OG0004088_00	LOCUS13221	Laspla
OG0004089_00	Alpha_beta_hydrolase_fold-1_g15773_i1	Acafer
OG0004090_00	LOCUS6113	Laspla
OG0004091_00	LOCUS14404	Laspla
OG0004092_00	Chaperonins_g06782_i1	Acafer
OG0004093_00	Chaperonins_g08126_i1	Acafer
OG0004094_00	Chromo-domain_g06634_i1	Acafer
OG0004095_00	Peptidase_C19_ubiquitin_carboxyl-terminal_hydrolase_2_g15738_i1	Acafer
OG0004096_00	Peptidase_M16C_associated_g05262_i1	Acafer
OG0004097_00	Peptidase_M24B_X-Pro_dipeptidase_aminopeptidase_P_N-terminal_g03705_i1	Acafer
OG0004098_00	Peptidase_M3A_M3B_thimet_oligopeptidase_F_g15624_i1	Acafer
OG0004099_00	Peptidase_M41_g17451_i1	Acafer
OG0004100_00	Peptidase_S8_S53_subtilisin_kexin_sedolisin_g14749_i2	Acafer
OG0004101_00	LOCUS4240	Laspla
OG0004102_00	acid_lipase_g02649_i11	Colosp
OG0004103_00	Peptidase_S1_S6_chymotrypsin_Hap_g07171_i1	Acroct
OG0004104_00	mad_g00024_i1	Acafer
OG0004105_00	LOCUS6227	Laspla
OG0004106_00	LOCUS13964	Laspla
OG0004107_00	LOCUS14021	Laspla
OG0004108_00	LOCUS11020	Laspla
OG0004109_00	LOCUS9127	Laspla
OG0004110_00	G6Z76_0001731	Acrcha
OG0004111_00	LOCUS6785	Laspla
OG0004112_00	LOCUS6405	Laspla
OG0004113_00	LOCUS6648	Laspla
OG0004114_00	LOCUS6742	Laspla
OG0004115_00	LOCUS6402	Laspla
OG0004116_00	LOCUS6856	Laspla
OG0004117_00	LOCUS6737	Laspla
OG0004118_00	LOCUS6749	Laspla
OG0004119_00	Polysaccharide_deacetylase_g17228_i1	Ectoja
OG0004120_00	LOCUS6454	Laspla
OG0004121_00	LOCUS6459	Laspla
OG0004122_00	LOCUS6534	Laspla
OG0004123_00	LOCUS6321	Laspla
OG0004124_00	LOCUS6320	Laspla
OG0004125_00	LOCUS6310	Laspla
OG0004126_00	LOCUS6309	Laspla
OG0004127_00	LOCUS3307	Laspla
OG0004128_00	G6Z76_0007229	Acrcha
OG0004129_00	LOCUS3167	Laspla
OG0004130_00	LOCUS3057	Laspla
OG0004131_00	G6Z76_0006414	Acrcha
OG0004132_00	LOCUS3102	Laspla
OG0004133_00	LOCUS2888	Laspla
OG0004134_00	LOCUS3121	Laspla
OG0004135_00	LOCUS7695	Laspla
OG0004136_00	LOCUS11232	Laspla
OG0004137_00	LOCUS11306	Laspla
OG0004138_00	LOCUS12759	Laspla
OG0004139_00	LOCUS12723	Laspla
OG0004140_00	HN011_003694	Ecibur
OG0004141_00	LOCUS12739	Laspla
OG0004142_00	LOCUS11793	Laspla
OG0004143_00	G6Z76_0003639	Acrcha
OG0004144_00	G6Z76_0009887	Acrcha
OG0004145_00	LOCUS5965	Laspla
OG0004146_00	LOCUS5978	Laspla
OG0004147_00	LOCUS6022	Laspla
OG0004148_00	LOCUS6085	Laspla
OG0004149_00	LOCUS5915-2	Laspla
OG0004150_00	LOCUS6137	Laspla
OG0004151_00	LOCUS6183	Laspla
OG0004152_00	LOCUS6189	Laspla
OG0004153_00	LOCUS6190	Laspla
OG0004154_00	LOCUS10781	Laspla
OG0004155_00	LOCUS13063-2	Laspla
OG0004156_00	LOCUS13062	Laspla
OG0004157_00	LOCUS13059	Laspla
OG0004158_00	LOCUS13658	Laspla
OG0004159_00	LOCUS13275	Laspla
OG0004160_00	LOCUS13396	Laspla
OG0004161_00	LOCUS13394	Laspla
OG0004162_00	LOCUS13380	Laspla
OG0004163_00	LOCUS13112	Laspla
OG0004164_00	LOCUS13580	Laspla
OG0004165_00	LOCUS13123-2	Laspla
OG0004166_00	LOCUS13321-2	Laspla
OG0004167_00	LOCUS13019	Laspla
OG0004168_00	LOCUS13266	Laspla
OG0004169_00	LOCUS13241	Laspla
OG0004170_00	LOCUS13086-3	Laspla
OG0004171_00	LOCUS13453-3	Laspla
OG0004172_00	LOCUS13448	Laspla
OG0004173_00	LOCUS9529	Laspla
OG0004174_00	LOCUS13110	Laspla
OG0004175_00	LOCUS11728	Laspla
OG0004176_00	LOCUS5665-2	Laspla
OG0004177_00	LOCUS12022	Laspla
OG0004178_00	LOCUS12310	Laspla
OG0004179_00	G6Z76_0003058	Acrcha
OG0004180_00	LOCUS2963	Laspla
OG0004181_00	LOCUS2940	Laspla
OG0004182_00	LOCUS2935	Laspla
OG0004183_00	LOCUS541	Laspla
OG0004184_00	G6Z76_0009341	Acrcha
OG0004185_00	LOCUS5137	Laspla
OG0004186_00	LOCUS14570	Laspla
OG0004187_00	LOCUS5125	Laspla
OG0004188_00	LOCUS6992	Laspla
OG0004189_00	LOCUS6991	Laspla
OG0004190_00	G6Z76_0000637	Acrcha
OG0004191_00	LOCUS5140	Laspla
OG0004192_00	LOCUS1304	Laspla
OG0004193_00	LOCUS1246	Laspla
OG0004194_00	LOCUS1244	Laspla
OG0004195_00	LOCUS1236	Laspla
OG0004196_00	LOCUS1234	Laspla
OG0004197_00	LOCUS1223	Laspla
OG0004198_00	LOCUS13463	Laspla
OG0004199_00	LOCUS13192	Laspla
OG0004200_00	LOCUS13208	Laspla
OG0004201_00	LOCUS13358	Laspla
OG0004202_00	G6Z76_0002281	Acrcha
OG0004203_00	LOCUS13481	Laspla
OG0004204_00	LOCUS13293	Laspla
OG0004205_00	LOCUS13233	Laspla
OG0004206_00	LOCUS14740	Laspla
OG0004207_00	LOCUS1140	Laspla
OG0004208_00	G6Z76_0001225	Acrcha
OG0004209_00	LOCUS3357	Laspla
OG0004210_00	LOCUS3402	Laspla
OG0004211_00	LOCUS3410	Laspla
OG0004212_00	LOCUS3421	Laspla
OG0004213_00	LOCUS11934	Laspla
OG0004214_00	LOCUS7780	Laspla
OG0004215_00	LOCUS7792	Laspla
OG0004216_00	LOCUS921-2	Laspla
OG0004217_00	LOCUS748	Laspla
OG0004218_00	LOCUS751	Laspla
OG0004219_00	LOCUS758	Laspla
OG0004220_00	LOCUS756	Laspla
OG0004221_00	LOCUS780	Laspla
OG0004222_00	LOCUS782	Laspla
OG0004223_00	LOCUS791	Laspla
OG0004224_00	LOCUS795	Laspla
OG0004225_00	LOCUS818-2	Laspla
OG0004226_00	LOCUS829	Laspla
OG0004227_00	LOCUS454	Laspla
OG0004228_00	LOCUS3661	Laspla
OG0004229_00	LOCUS3564	Laspla
OG0004230_00	LOCUS7293	Laspla
OG0004231_00	LOCUS2656	Laspla
OG0004232_00	LOCUS6112	Laspla
OG0004233_00	G6Z76_0014507	Acrcha
OG0004234_00	LOCUS8314	Laspla
OG0004235_00	LOCUS7110	Laspla
OG0004236_00	G6Z76_0006882	Acrcha
OG0004237_00	LOCUS7509	Laspla
OG0004238_00	LOCUS9388	Laspla
OG0004239_00	LOCUS10708	Laspla
OG0004240_00	LOCUS10648	Laspla
OG0004241_00	LOCUS7029	Laspla
OG0004242_00	LOCUS10618	Laspla
OG0004243_00	G6Z76_0011213	Acrcha
OG0004244_00	LOCUS10692	Laspla
OG0004245_00	LOCUS11412	Laspla
OG0004246_00	LOCUS2840	Laspla
OG0004247_00	LOCUS2861	Laspla
OG0004248_00	LOCUS14734	Laspla
OG0004249_00	LOCUS3352	Laspla
OG0004250_00	LOCUS5081	Laspla
OG0004251_00	LOCUS1156	Laspla
OG0004252_00	LOCUS6999	Laspla
OG0004253_00	LOCUS5133	Laspla
OG0004254_00	LOCUS5586	Laspla
OG0004255_00	G6Z76_0006084	Acrcha
OG0004256_00	LOCUS8300	Laspla
OG0004257_00	LOCUS14537	Laspla
OG0004258_00	LOCUS14490	Laspla
OG0004259_00	LOCUS14513	Laspla
OG0004260_00	LOCUS7260	Laspla
OG0004261_00	LOCUS7268	Laspla
OG0004262_00	LOCUS2413	Laspla
OG0004263_00	LOCUS14524	Laspla
OG0004264_00	LOCUS14533	Laspla
OG0004265_00	LOCUS1177	Laspla
OG0004266_00	LOCUS1900	Laspla
OG0004267_00	LOCUS1862	Laspla
OG0004268_00	LOCUS5637	Laspla
OG0004269_00	LOCUS5626	Laspla
OG0004270_00	LOCUS8035	Laspla
OG0004271_00	G6Z76_0003352	Acrcha
OG0004272_00	G6Z76_0003353	Acrcha
OG0004273_00	LOCUS8070	Laspla
OG0004274_00	LOCUS8385	Laspla
OG0004275_00	LOCUS8747	Laspla
OG0004276_00	LOCUS9275	Laspla
OG0004277_00	LOCUS9293	Laspla
OG0004278_00	LOCUS392-2	Laspla
OG0004279_00	LOCUS395	Laspla
OG0004280_00	LOCUS12307	Laspla
OG0004281_00	LOCUS12649-2	Laspla
OG0004282_00	LOCUS8397	Laspla
OG0004283_00	LOCUS10142	Laspla
OG0004284_00	LOCUS10399	Laspla
OG0004285_00	LOCUS8100	Laspla
OG0004286_00	LOCUS8076	Laspla
OG0004287_00	LOCUS8502	Laspla
OG0004288_00	LOCUS7322	Laspla
OG0004289_00	LOCUS7328	Laspla
OG0004290_00	LOCUS2583	Laspla
OG0004291_00	LOCUS562	Laspla
OG0004292_00	LOCUS3254	Laspla
OG0004293_00	LOCUS6377	Laspla
OG0004294_00	LOCUS6684	Laspla
OG0004295_00	LOCUS6683	Laspla
OG0004296_00	G6Z76_0013990	Acrcha
OG0004297_00	LOCUS10258	Laspla
OG0004298_00	LOCUS10326	Laspla
OG0004299_00	LOCUS9033-2	Laspla
OG0004300_00	LOCUS9142-2	Laspla
OG0004301_00	LOCUS8801-2	Laspla
OG0004302_00	LOCUS9012	Laspla
OG0004303_00	LOCUS9011	Laspla
OG0004304_00	LOCUS8979	Laspla
OG0004305_00	LOCUS8939	Laspla
OG0004306_00	LOCUS8916	Laspla
OG0004307_00	LOCUS8910	Laspla
OG0004308_00	LOCUS9350	Laspla
OG0004309_00	LOCUS9323	Laspla
OG0004310_00	G6Z76_0005461	Acrcha
OG0004311_00	LOCUS8883	Laspla
OG0004312_00	LOCUS9222	Laspla
OG0004313_00	LOCUS8787-2	Laspla
OG0004314_00	LOCUS8804	Laspla
OG0004315_00	LOCUS9119	Laspla
OG0004316_00	LOCUS9110	Laspla
OG0004317_00	LOCUS8842	Laspla
OG0004318_00	LOCUS8825	Laspla
OG0004319_00	LOCUS8662	Laspla
OG0004320_00	LOCUS10078	Laspla
OG0004321_00	LOCUS9967	Laspla
OG0004322_00	LOCUS9968	Laspla
OG0004323_00	LOCUS10018	Laspla
OG0004324_00	LOCUS10021	Laspla
OG0004325_00	LOCUS10047	Laspla
OG0004326_00	LOCUS9191	Laspla
OG0004327_00	LOCUS2317	Laspla
OG0004328_00	LOCUS2545	Laspla
OG0004329_00	LOCUS2685	Laspla
OG0004330_00	LOCUS14023	Laspla
OG0004331_00	LOCUS228	Laspla
OG0004332_00	LOCUS12204	Laspla
OG0004333_00	LOCUS12198	Laspla
OG0004334_00	LOCUS12190	Laspla
OG0004335_00	LOCUS12192	Laspla
OG0004336_00	LOCUS12298	Laspla
OG0004337_00	LOCUS12294-2	Laspla
OG0004338_00	LOCUS12429	Laspla
OG0004339_00	LOCUS690	Laspla
OG0004340_00	LOCUS5730	Laspla
OG0004341_00	LOCUS5728	Laspla
OG0004342_00	LOCUS2162	Laspla
OG0004343_00	LOCUS2474	Laspla
OG0004344_00	LOCUS2489	Laspla
OG0004345_00	LOCUS2490	Laspla
OG0004346_00	LOCUS2524	Laspla
OG0004347_00	LOCUS2532	Laspla
OG0004348_00	G6Z76_0002685	Acrcha
OG0004349_00	LOCUS2570	Laspla
OG0004350_00	LOCUS2248	Laspla
OG0004351_00	LOCUS5328	Laspla
OG0004352_00	LOCUS14447	Laspla
OG0004353_00	LOCUS7118	Laspla
OG0004354_00	LOCUS7155	Laspla
OG0004355_00	LOCUS7162	Laspla
OG0004356_00	LOCUS5426	Laspla
OG0004357_00	LOCUS5447	Laspla
OG0004358_00	LOCUS7196	Laspla
OG0004359_00	LOCUS3594	Laspla
OG0004360_00	LOCUS5556	Laspla
OG0004361_00	LOCUS12392	Laspla
OG0004362_00	LOCUS12154	Laspla
OG0004363_00	LOCUS12125	Laspla
OG0004364_00	G6Z76_0002622	Acrcha
OG0004365_00	LOCUS7638	Laspla
OG0004366_00	LOCUS5887	Laspla
OG0004367_00	LOCUS5883	Laspla
OG0004368_00	LOCUS5882	Laspla
OG0004369_00	LOCUS5878	Laspla
OG0004370_00	LOCUS5858	Laspla
OG0004371_00	LOCUS4197	Laspla
OG0004372_00	LOCUS3875	Laspla
OG0004373_00	LOCUS4253	Laspla
OG0004374_00	LOCUS4255	Laspla
OG0004375_00	LOCUS4280	Laspla
OG0004376_00	LOCUS4282	Laspla
OG0004377_00	LOCUS4294	Laspla
OG0004378_00	LOCUS4299	Laspla
OG0004379_00	LOCUS4341	Laspla
OG0004380_00	LOCUS3988	Laspla
OG0004381_00	G6Z76_0004643	Acrcha
OG0004382_00	LOCUS3951-4	Laspla
OG0004383_00	LOCUS9922	Laspla
OG0004384_00	LOCUS4055	Laspla
OG0004385_00	LOCUS4052	Laspla
OG0004386_00	LOCUS4044	Laspla
OG0004387_00	LOCUS4000	Laspla
OG0004388_00	LOCUS4005	Laspla
OG0004389_00	LOCUS3865	Laspla
OG0004390_00	LOCUS4064	Laspla
OG0004391_00	LOCUS4066	Laspla
OG0004392_00	LOCUS4070	Laspla
OG0004393_00	LOCUS4075	Laspla
OG0004394_00	LOCUS9484	Laspla
OG0004395_00	LOCUS3900	Laspla
OG0004396_00	LOCUS13874	Laspla
OG0004397_00	LOCUS13864	Laspla
OG0004398_00	LOCUS13928	Laspla
OG0004399_00	LOCUS13930	Laspla
OG0004400_00	G6Z76_0007642	Acrcha
OG0004401_00	LOCUS2337	Laspla
OG0004402_00	LOCUS8349	Laspla
OG0004403_00	LOCUS5380	Laspla
OG0004404_00	LOCUS5379	Laspla
OG0004405_00	G6Z76_0002654	Acrcha
OG0004406_00	G6Z76_0006339	Acrcha
OG0004407_00	LOCUS9068	Laspla
OG0004408_00	LOCUS9076	Laspla
OG0004409_00	LOCUS4736	Laspla
OG0004410_00	LOCUS503	Laspla
OG0004411_00	G6Z76_0003528	Acrcha
OG0004412_00	LOCUS12100	Laspla
OG0004413_00	G6Z76_0014213	Acrcha
OG0004414_00	LOCUS12248	Laspla
OG0004415_00	LOCUS2816	Laspla
OG0004416_00	LOCUS2807	Laspla
OG0004417_00	LOCUS7360	Laspla
OG0004418_00	LOCUS12596	Laspla
OG0004419_00	LOCUS6950	Laspla
OG0004420_00	LOCUS1099-2	Laspla
OG0004421_00	LOCUS1032	Laspla
OG0004422_00	LOCUS494	Laspla
OG0004423_00	G6Z76_0003513	Acrcha
OG0004424_00	LOCUS476	Laspla
OG0004425_00	LOCUS472	Laspla
OG0004426_00	LOCUS470	Laspla
OG0004427_00	LOCUS464	Laspla
OG0004428_00	LOCUS463	Laspla
OG0004429_00	LOCUS4719	Laspla
OG0004430_00	LOCUS4691	Laspla
OG0004431_00	ACFW04_002414	Catnig
OG0004432_00	LOCUS3784	Laspla
OG0004433_00	LOCUS3773	Laspla
OG0004434_00	G6Z76_0010479	Acrcha
OG0004435_00	LOCUS3733	Laspla
OG0004436_00	LOCUS3731	Laspla
OG0004437_00	LOCUS3724	Laspla
OG0004438_00	LOCUS3709	Laspla
OG0004439_00	LOCUS3708	Laspla
OG0004440_00	LOCUS3688	Laspla
OG0004441_00	LOCUS3681	Laspla
OG0004442_00	LOCUS3824	Laspla
OG0004443_00	LOCUS3823	Laspla
OG0004444_00	LOCUS3811	Laspla
OG0004445_00	LOCUS5029	Laspla
OG0004446_00	G6Z76_0012676	Acrcha
OG0004447_00	G6Z76_0012664	Acrcha
OG0004448_00	LOCUS7603	Laspla
OG0004449_00	LOCUS7620	Laspla
OG0004450_00	LOCUS7624	Laspla
OG0004451_00	LOCUS7630-2	Laspla
OG0004452_00	LOCUS8369	Laspla
OG0004453_00	LOCUS8321	Laspla
OG0004454_00	LOCUS9479	Laspla
OG0004455_00	LOCUS6588	Laspla
OG0004456_00	LOCUS13819	Laspla
OG0004457_00	LOCUS13927	Laspla
OG0004458_00	LOCUS8282	Laspla
OG0004459_00	LOCUS5797	Laspla
OG0004460_00	LOCUS11081	Laspla
OG0004461_00	LOCUS11051	Laspla
OG0004462_00	LOCUS11114	Laspla
OG0004463_00	LOCUS11000	Laspla
OG0004464_00	LOCUS4388	Laspla
OG0004465_00	LOCUS4387	Laspla
OG0004466_00	LOCUS10818	Laspla
OG0004467_00	LOCUS11336	Laspla
OG0004468_00	LOCUS11315	Laspla
OG0004469_00	LOCUS11099-2	Laspla
OG0004470_00	LOCUS10970	Laspla
OG0004471_00	LOCUS10932	Laspla
OG0004472_00	LOCUS10927	Laspla
OG0004473_00	LOCUS11206	Laspla
OG0004474_00	LOCUS11226	Laspla
OG0004475_00	LOCUS13946	Laspla
OG0004476_00	LOCUS13954	Laspla
OG0004477_00	LOCUS5391	Laspla
OG0004478_00	LOCUS12999	Laspla
OG0004479_00	LOCUS14625	Laspla
OG0004480_00	G6Z76_0007271	Acrcha
OG0004481_00	LOCUS13041	Laspla
OG0004482_00	LOCUS9890	Laspla
OG0004483_00	LOCUS10513	Laspla
OG0004484_00	LOCUS10509	Laspla
OG0004485_00	LOCUS10510	Laspla
OG0004486_00	LOCUS10511-2	Laspla
OG0004487_00	LOCUS2043	Laspla
OG0004488_00	LOCUS10419	Laspla
OG0004489_00	LOCUS8409	Laspla
OG0004490_00	LOCUS8432	Laspla
OG0004491_00	LOCUS1984	Laspla
OG0004492_00	LOCUS10561-2	Laspla
OG0004493_00	LOCUS10549	Laspla
OG0004494_00	LOCUS10535	Laspla
OG0004495_00	LOCUS10528	Laspla
OG0004496_00	G6Z76_0004950	Acrcha
OG0004497_00	LOCUS9904	Laspla
OG0004498_00	LOCUS2063	Laspla
OG0004499_00	LOCUS2061	Laspla
OG0004500_00	LOCUS2060-2	Laspla
OG0004501_00	LOCUS10475-2	Laspla
OG0004502_00	LOCUS1990	Laspla
OG0004503_00	LOCUS2188	Laspla
OG0004504_00	LOCUS2197	Laspla
OG0004505_00	LOCUS8479	Laspla
OG0004506_00	LOCUS13225	Laspla
OG0004507_00	LOCUS13008	Laspla
OG0004508_00	LOCUS13890	Laspla
OG0004509_00	LOCUS3611	Laspla
OG0004510_00	LOCUS12062	Laspla
OG0004511_00	LOCUS12046	Laspla
OG0004512_00	LOCUS13162	Laspla
OG0004513_00	LOCUS13163	Laspla
OG0004514_00	LOCUS13282	Laspla
OG0004515_00	LOCUS12994	Laspla
OG0004516_00	LOCUS6354	Laspla
OG0004517_00	LOCUS6484	Laspla
OG0004518_00	LOCUS276	Laspla
OG0004519_00	LOCUS8020	Laspla
OG0004520_00	LOCUS8023	Laspla
OG0004521_00	LOCUS10606	Laspla
OG0004522_00	LOCUS8235	Laspla
OG0004523_00	LOCUS8231	Laspla
OG0004524_00	LOCUS8224	Laspla
OG0004525_00	LOCUS10391	Laspla
OG0004526_00	LOCUS2016	Laspla
OG0004527_00	LOCUS10127	Laspla
OG0004528_00	LOCUS8513	Laspla
OG0004529_00	LOCUS8199	Laspla
OG0004530_00	LOCUS8215	Laspla
OG0004531_00	LOCUS13077	Laspla
OG0004532_00	Ankyrin_g05261_i1	Acafer
OG0004533_00	LOCUS11822	Laspla
OG0004534_00	LOCUS13803	Laspla
OG0004535_00	LOCUS8228	Laspla
OG0004536_00	LOCUS8045	Laspla
OG0004537_00	LOCUS11018	Laspla
OG0004538_00	Carboxylesterase_type_B_g03325_i1	Acafer
OG0004539_00	Carboxylesterase_type_B_g16521_i1	Acafer
OG0004540_00	Chitinase_g16492_i1	Acafer
OG0004541_00	Chitooligosaccharide_deacetylase_g06443_i1	Acafer
OG0004542_00	LOCUS13731	Laspla
OG0004543_00	LOCUS3676	Laspla
OG0004544_00	LOCUS7884	Laspla
OG0004545_00	LOCUS2836	Laspla
OG0004546_00	LOCUS8700	Laspla
OG0004547_00	LOCUS8690	Laspla
OG0004548_00	LOCUS6673	Laspla
OG0004549_00	LOCUS3969	Laspla
OG0004550_00	LOCUS3888	Laspla
OG0004551_00	LOCUS11880	Laspla
OG0004552_00	LOCUS12401	Laspla
OG0004553_00	LOCUS1864	Laspla
OG0004554_00	LOCUS12801	Laspla
OG0004555_00	LOCUS640	Laspla
OG0004556_00	PHD_finger_g00898_i1	Acafer
OG0004557_00	Peptidase_C19_ubiquitin_carboxyl-terminal_hydrolase_2_g14715_i1	Acafer
OG0004558_00	Peptidase_C19_ubiquitin_carboxyl-terminal_hydrolase_2_g17398_i1	Acafer
OG0004559_00	Peptidase_M12A_astacin_g01603_i1	Acafer
OG0004560_00	Peptidase_M24_methionine_aminopeptidase_g04752_i1	Acafer
OG0004561_00	Peptidase_S9B_dipeptidylpeptidase_IV_N-terminal_g16786_i1	Acafer
OG0004562_00	LOCUS9982	Laspla
OG0004563_00	LOCUS11865	Laspla
OG0004564_00	LOCUS2184	Laspla
OG0004565_00	Sox2_g15406_i1	Acafer
OG0004566_00	Sulfakinin_g11424_i1	Acafer
OG0004567_00	Toll_g06567_i1	Acafer
OG0004568_00	acid_lipase_g07224_i14	Pheyee
OG0004569_00	acyl_carrier_protein_domain_g09876_i1	Acafer
OG0004570_00	LOCUS6008	Laspla
OG0004571_00	female_lethal-2-d_g11577_i1	Acafer
OG0004572_00	LOCUS5848	Laspla
OG0004573_00	LOCUS6225	Laspla
OG0004574_00	LOCUS6530	Laspla
OG0004575_00	LOCUS13961	Laspla
OG0004576_00	G6Z77_0012813	Acrhey
OG0004577_00	LOCUS12468	Laspla
OG0004578_00	LOCUS8909-2	Laspla
OG0004579_00	LOCUS13752	Laspla
OG0004580_00	Peptidase_S1_S6_chymotrypsin_Hap_g12903_i1	Acafer
OG0004581_00	LOCUS11429	Laspla
OG0004582_00	LOCUS13808	Laspla
OG0004583_00	g11577_i1	Acrame
OG0004584_00	LOCUS10100	Laspla
OG0004585_00	LOCUS56	Laspla
OG0004586_00	G6Z76_0000790	Acrcha
OG0004587_00	LOCUS10201	Laspla
OG0004588_00	LOCUS5713	Laspla
OG0004589_00	G6Z76_0002061	Acrcha
OG0004590_00	G6Z77_0007330	Acrhey
OG0004591_00	Peptidase_M19_renal_dipeptidase_g01500_i1	Acafer
OG0004592_00	LOCUS1220	Laspla
OG0004593_00	LOCUS4169	Laspla
OG0004594_00	LOCUS12736	Laspla
OG0004595_00	LOCUS12735	Laspla
OG0004596_00	Peptidase_M10A_M12B_matrixin_adamalysin_g15257_i1	Acrame
OG0004598_00	LOCUS13179-2	Laspla
OG0004599_00	LOCUS8779	Laspla
OG0004600_00	Carboxylesterase_type_B_g02104_i1	Acafer
OG0004601_00	LOCUS13415	Laspla
OG0004602_00	Peptidase_S1_S6_chymotrypsin_Hap_g18515_i1	Acafer
OG0004604_00	G6Z76_0004117	Acrcha
OG0004605_00	G6Z76_0009767	Acrcha
OG0004607_00	LOCUS341	Laspla
OG0004608_00	LOCUS13785	Laspla
OG0004609_00	LOCUS8897	Laspla
OG0004610_00	G6Z76_0010315	Acrcha
OG0004611_00	LOCUS11083	Laspla
OG0004612_00	LOCUS2764-3	Laspla
OG0004613_00	LOCUS10819	Laspla
OG0004614_00	LOCUS5232	Laspla
OG0004615_00	LOCUS12529	Laspla
OG0004616_00	LOCUS10447	Laspla
OG0004617_00	LOCUS8286	Laspla
OG0004618_00	LOCUS12337	Laspla
OG0004619_00	LOCUS7615	Laspla
OG0004620_00	Peptidase_M12B_propeptide_g12876_i1	Acafer
OG0004621_00	LOCUS1056	Laspla
OG0004622_00	LOCUS13397	Laspla
OG0004623_00	LOCUS10398	Laspla
OG0004624_00	LOCUS5302	Laspla
OG0004625_00	LOCUS10789	Laspla
OG0004626_00	G6Z76_0006620	Acrcha
OG0004627_00	LOCUS10037	Laspla
OG0004628_00	LOCUS6075	Laspla
OG0004629_00	LOCUS823	Laspla
OG0004630_00	LOCUS10654	Laspla
OG0004631_00	LOCUS12155	Laspla
OG0004632_00	LOCUS1904-2	Laspla
OG0004633_00	LOCUS6656	Laspla
OG0004634_00	LOCUS14716	Laspla
OG0004635_00	LOCUS536	Laspla
OG0004636_00	LOCUS12105	Laspla
OG0004637_00	LOCUS13386	Laspla
OG0004638_00	LOCUS5234	Laspla
OG0004639_00	LOCUS3707	Laspla
OG0004640_00	LOCUS6037	Laspla
OG0004641_00	G6Z76_0011287	Acrcha
OG0004643_00	G6Z76_0004686	Acrcha
OG0004644_00	LOCUS6901	Laspla
OG0004645_00	LOCUS5766	Laspla
OG0004646_00	LOCUS8683	Laspla
OG0004647_00	LOCUS4247	Laspla
OG0004648_00	LOCUS13096	Laspla
OG0004649_00	G6Z76_0004731	Acrcha
OG0004650_00	LOCUS9456	Laspla
OG0004651_00	G6Z76_0007406	Acrcha
OG0004652_00	G6Z76_0007339	Acrcha
OG0004653_00	LOCUS9338	Laspla
OG0004654_00	LOCUS8643	Laspla
OG0004655_00	LOCUS5109	Laspla
OG0004656_00	Hsp40_g09893_i1	Acafer
OG0004657_00	LOCUS6502	Laspla
OG0004658_00	LOCUS13956	Laspla
OG0004659_00	G6Z76_0007774	Acrcha
OG0004660_00	LOCUS2721	Laspla
OG0004661_00	LOCUS3626	Laspla
OG0004662_00	LOCUS3639	Laspla
OG0004663_00	Ankyrin_g15230_i1	Acafer
OG0004664_00	OAMB_g12435_i1_split1	Acrsub
OG0004665_00	PHD_finger_g14957_i1	Acafer
OG0004666_00	LOCUS1062	Laspla
OG0004667_00	LOCUS6764	Laspla
OG0004668_00	LOCUS3006	Laspla
OG0004669_00	LOCUS5972	Laspla
OG0004670_00	G6Z76_0002519	Acrcha
OG0004671_00	LOCUS619	Laspla
OG0004672_00	LOCUS7246-3	Laspla
OG0004673_00	LOCUS10114	Laspla
OG0004674_00	G6Z76_0013900	Acrcha
OG0004675_00	LOCUS11688	Laspla
OG0004676_00	LOCUS6841	Laspla
OG0004677_00	G6Z76_0012063	Acrcha
OG0004678_00	LOCUS81	Laspla
OG0004679_00	LOCUS5788	Laspla
OG0004680_00	LOCUS12122	Laspla
OG0004681_00	LOCUS10553	Laspla
OG0004682_00	LOCUS13843	Laspla
OG0004683_00	Peptidase_M22_glycoprotease_subgroup_g10338_i1	Acafer
OG0004684_00	LOCUS11409	Laspla
OG0004685_00	LOCUS12109	Laspla
OG0004686_00	LOCUS3568	Laspla
OG0004687_00	G6Z76_0002551	Acrcha
OG0004688_00	LOCUS13256	Laspla
OG0004689_00	LOCUS14577	Laspla
OG0004690_00	LOCUS5128	Laspla
OG0004691_00	LOCUS11641	Laspla
OG0004692_00	G6Z76_0014603	Acrcha
OG0004693_00	G6Z76_0014613	Acrcha
OG0004694_00	LOCUS11028	Laspla
OG0004695_00	LOCUS771	Laspla
OG0004696_00	LOCUS10757	Laspla
OG0004697_00	G6Z76_0000810	Acrcha
OG0004698_00	LOCUS14558	Laspla
OG0004699_00	LOCUS14482	Laspla
OG0004700_00	LOCUS14531	Laspla
OG0004701_00	LOCUS9256	Laspla
OG0004702_00	LOCUS8815	Laspla
OG0004703_00	LOCUS7217	Laspla
OG0004704_00	LOCUS5539	Laspla
OG0004705_00	LOCUS12134	Laspla
OG0004706_00	LOCUS3941	Laspla
OG0004707_00	LOCUS5872	Laspla
OG0004708_00	LOCUS4238	Laspla
OG0004709_00	LOCUS3753	Laspla
OG0004710_00	LOCUS3994	Laspla
OG0004711_00	LOCUS4015	Laspla
OG0004712_00	LOCUS4747	Laspla
OG0004713_00	LOCUS515	Laspla
OG0004714_00	LOCUS10635	Laspla
OG0004715_00	LOCUS3718	Laspla
OG0004716_00	LOCUS5059	Laspla
OG0004717_00	LOCUS26	Laspla
OG0004718_00	LOCUS10847	Laspla
OG0004719_00	G6Z77_0014905	Acrhey
OG0004720_00	LOCUS14476	Laspla
OG0004721_00	LOCUS2750	Laspla
OG0004722_00	G6Z76_0005064	Acrcha
OG0004723_00	LOCUS13161	Laspla
OG0004724_00	LOCUS304	Laspla
OG0004725_00	LOCUS7968	Laspla
OG0004726_00	LOCUS10380	Laspla
OG0004727_00	LOCUS8046	Laspla
OG0004728_00	Alpha_beta_hydrolase_fold-1_g02948_i1	Acafer
OG0004729_00	Peptidase_C12_ubiquitin_carboxyl-terminal_hydrolase_1_g01727_i1	Acafer
OG0004730_00	Peptidase_C19_ubiquitin_carboxyl-terminal_hydrolase_2_g04008_i1	Acafer
OG0004731_00	LOCUS13150-2	Laspla
OG0004732_00	LOCUS7182	Laspla
OG0004733_00	LOCUS3796	Laspla
OG0004734_00	LOCUS6181	Laspla
OG0004735_00	LOCUS6324	Laspla
OG0004736_00	LOCUS6462	Laspla
OG0004737_00	LOCUS6312	Laspla
OG0004738_00	LOCUS6824	Laspla
OG0004739_00	LOCUS3302	Laspla
OG0004740_00	LOCUS3430	Laspla
OG0004741_00	LOCUS3184	Laspla
OG0004742_00	LOCUS3175-2	Laspla
OG0004743_00	LOCUS3136	Laspla
OG0004744_00	LOCUS3099	Laspla
OG0004745_00	LOCUS7745	Laspla
OG0004746_00	LOCUS11496	Laspla
OG0004747_00	LOCUS11386	Laspla
OG0004748_00	LOCUS11388	Laspla
OG0004749_00	LOCUS7449	Laspla
OG0004750_00	LOCUS7454-2	Laspla
OG0004751_00	LOCUS12780	Laspla
OG0004752_00	LOCUS6101-8	Laspla
OG0004753_00	LOCUS2904	Laspla
OG0004754_00	LOCUS13592	Laspla
OG0004755_00	LOCUS13588	Laspla
OG0004756_00	LOCUS13124	Laspla
OG0004757_00	LOCUS13450	Laspla
OG0004758_00	G6Z76_0002473	Acrcha
OG0004759_00	LOCUS1206	Laspla
OG0004760_00	LOCUS6995	Laspla
OG0004761_00	LOCUS1243	Laspla
OG0004762_00	LOCUS558	Laspla
OG0004763_00	LOCUS13189	Laspla
OG0004764_00	LOCUS13468-2	Laspla
OG0004765_00	LOCUS13175	Laspla
OG0004766_00	LOCUS13521	Laspla
OG0004767_00	LOCUS3356	Laspla
OG0004768_00	LOCUS3364	Laspla
OG0004769_00	LOCUS11935	Laspla
OG0004770_00	LOCUS7844	Laspla
OG0004771_00	LOCUS579	Laspla
OG0004772_00	LOCUS811	Laspla
OG0004773_00	G6Z76_0008038	Acrcha
OG0004774_00	LOCUS986	Laspla
OG0004775_00	LOCUS3563	Laspla
OG0004776_00	LOCUS2660	Laspla
OG0004777_00	LOCUS6902	Laspla
OG0004778_00	LOCUS10795	Laspla
OG0004779_00	LOCUS2842	Laspla
OG0004780_00	LOCUS2866	Laspla
OG0004781_00	LOCUS6932	Laspla
OG0004782_00	LOCUS14692	Laspla
OG0004783_00	LOCUS14701	Laspla
OG0004784_00	G6Z76_0000448	Acrcha
OG0004785_00	LOCUS14555	Laspla
OG0004786_00	LOCUS7250	Laspla
OG0004787_00	LOCUS2418	Laspla
OG0004788_00	LOCUS8717-2	Laspla
OG0004789_00	LOCUS11005	Laspla
OG0004790_00	LOCUS12764	Laspla
OG0004791_00	LOCUS8082	Laspla
OG0004792_00	LOCUS2968	Laspla
OG0004793_00	LOCUS3248	Laspla
OG0004794_00	LOCUS6379	Laspla
OG0004795_00	LOCUS8932	Laspla
OG0004796_00	LOCUS8839	Laspla
OG0004797_00	LOCUS8817	Laspla
OG0004798_00	LOCUS8626	Laspla
OG0004799_00	LOCUS8712	Laspla
OG0004800_00	LOCUS8791-2	Laspla
OG0004801_00	LOCUS8794	Laspla
OG0004802_00	LOCUS8795	Laspla
OG0004803_00	LOCUS10068	Laspla
OG0004804_00	LOCUS9214	Laspla
OG0004805_00	LOCUS11723	Laspla
OG0004806_00	LOCUS14389	Laspla
OG0004807_00	LOCUS14365	Laspla
OG0004808_00	LOCUS5254	Laspla
OG0004809_00	LOCUS2546	Laspla
OG0004810_00	LOCUS5778	Laspla
OG0004811_00	LOCUS4172	Laspla
OG0004812_00	G6Z76_0005651	Acrcha
OG0004813_00	LOCUS13915	Laspla
OG0004814_00	LOCUS12213	Laspla
OG0004815_00	LOCUS12206	Laspla
OG0004816_00	G6Z76_0002954	Acrcha
OG0004817_00	LOCUS14458	Laspla
OG0004818_00	LOCUS7163	Laspla
OG0004819_00	LOCUS5424	Laspla
OG0004820_00	LOCUS7186	Laspla
OG0004821_00	LOCUS7220	Laspla
OG0004822_00	LOCUS10108	Laspla
OG0004823_00	LOCUS2005	Laspla
OG0004824_00	LOCUS5517	Laspla
OG0004825_00	LOCUS12873	Laspla
OG0004826_00	LOCUS1906	Laspla
OG0004827_00	LOCUS5557	Laspla
OG0004828_00	LOCUS12145	Laspla
OG0004829_00	LOCUS11984	Laspla
OG0004830_00	LOCUS5904	Laspla
OG0004831_00	LOCUS6827	Laspla
OG0004832_00	LOCUS4047	Laspla
OG0004833_00	LOCUS3848	Laspla
OG0004834_00	LOCUS3863	Laspla
OG0004835_00	LOCUS11733	Laspla
OG0004836_00	LOCUS2299	Laspla
OG0004837_00	LOCUS2352	Laspla
OG0004838_00	LOCUS2445	Laspla
OG0004839_00	G6Z76_0001411	Acrcha
OG0004840_00	G6Z76_0000994	Acrcha
OG0004841_00	LOCUS2815	Laspla
OG0004842_00	LOCUS12580	Laspla
OG0004843_00	LOCUS12607	Laspla
OG0004844_00	LOCUS1119	Laspla
OG0004845_00	LOCUS1070	Laspla
OG0004846_00	LOCUS599	Laspla
OG0004847_00	LOCUS468	Laspla
OG0004848_00	LOCUS3739	Laspla
OG0004849_00	LOCUS3732	Laspla
OG0004850_00	LOCUS3679-2	Laspla
OG0004851_00	LOCUS3826	Laspla
OG0004852_00	LOCUS3819	Laspla
OG0004853_00	LOCUS3653	Laspla
OG0004854_00	LOCUS129	Laspla
OG0004855_00	LOCUS6885	Laspla
OG0004856_00	LOCUS6564	Laspla
OG0004857_00	LOCUS6579	Laspla
OG0004858_00	LOCUS27	Laspla
OG0004859_00	LOCUS5792	Laspla
OG0004860_00	G6Z76_0011434	Acrcha
OG0004861_00	LOCUS10853	Laspla
OG0004862_00	LOCUS11314	Laspla
OG0004863_00	LOCUS10873	Laspla
OG0004864_00	LOCUS10897	Laspla
OG0004865_00	LOCUS11146	Laspla
OG0004866_00	LOCUS11207	Laspla
OG0004867_00	LOCUS10878	Laspla
OG0004868_00	LOCUS13049	Laspla
OG0004869_00	LOCUS13566	Laspla
OG0004870_00	G6Z76_0003763	Acrcha
OG0004871_00	LOCUS10473	Laspla
OG0004872_00	G6Z76_0004857	Acrcha
OG0004873_00	LOCUS8428	Laspla
OG0004874_00	LOCUS1988	Laspla
OG0004875_00	LOCUS10221	Laspla
OG0004876_00	LOCUS9490	Laspla
OG0004877_00	LOCUS10564	Laspla
OG0004878_00	LOCUS2002	Laspla
OG0004879_00	LOCUS13934	Laspla
OG0004880_00	LOCUS5004	Laspla
OG0004881_00	LOCUS8246	Laspla
OG0004882_00	LOCUS2076	Laspla
OG0004883_00	LOCUS9973	Laspla
OG0004884_00	LOCUS5387	Laspla
OG0004885_00	LOCUS10450	Laspla
OG0004886_00	HOX_domain_g15987_i1	Acafer
OG0004887_00	Hsp40_g06183_i1	Acafer
OG0004888_00	Hsp40_g15078_i1	Acafer
OG0004889_00	LOCUS13243	Laspla
OG0004890_00	LOCUS11890-2	Laspla
OG0004891_00	LOCUS7092	Laspla
OG0004892_00	Peptidase_C19_ubiquitin_carboxyl-terminal_hydrolase_2_g01269_i1	Acafer
OG0004893_00	LOCUS10546	Laspla
OG0004894_00	LOCUS6427-2	Laspla
OG0004895_00	LOCUS6444	Laspla
OG0004896_00	adiponectin_g14013_i1	Acafer
OG0004897_00	eyes_absent_g13184_i2	Acafer
OG0004898_00	LOCUS2661	Laspla
OG0004899_00	LOCUS6224	Laspla
OG0004900_00	LOCUS13460	Laspla
OG0004901_00	G6Z76_0004907	Acrcha
OG0004902_00	LOCUS11210	Laspla
OG0004903_00	LOCUS6439	Laspla
OG0004904_00	LOCUS6631	Laspla
OG0004905_00	LOCUS6654	Laspla
OG0004906_00	G6Z76_0012232	Acrcha
OG0004907_00	LOCUS6397	Laspla
OG0004908_00	LOCUS6857	Laspla
OG0004909_00	LOCUS6858	Laspla
OG0004910_00	LOCUS6329	Laspla
OG0004911_00	LOCUS6629	Laspla
OG0004912_00	LOCUS6445	Laspla
OG0004913_00	LOCUS6466	Laspla
OG0004914_00	LOCUS6468	Laspla
OG0004915_00	LOCUS6469	Laspla
OG0004916_00	LOCUS6470	Laspla
OG0004917_00	LOCUS6755	Laspla
OG0004918_00	LOCUS6498	Laspla
OG0004919_00	LOCUS6501	Laspla
OG0004920_00	LOCUS6351	Laspla
OG0004921_00	LOCUS6606	Laspla
OG0004922_00	LOCUS6594	Laspla
OG0004923_00	LOCUS8305	Laspla
OG0004924_00	LOCUS3112	Laspla
OG0004925_00	LOCUS3198	Laspla
OG0004926_00	LOCUS3137	Laspla
OG0004927_00	LOCUS3135	Laspla
OG0004928_00	LOCUS3051	Laspla
OG0004929_00	LOCUS3046	Laspla
OG0004930_00	G6Z76_0001889	Acrcha
OG0004931_00	LOCUS3448-2	Laspla
OG0004932_00	LOCUS3454	Laspla
OG0004933_00	LOCUS3010	Laspla
OG0004934_00	G6Z76_0001351	Acrcha
OG0004935_00	LOCUS7692	Laspla
OG0004936_00	LOCUS7750-2	Laspla
OG0004937_00	LOCUS7744	Laspla
OG0004938_00	LOCUS10681	Laspla
OG0004939_00	LOCUS11231	Laspla
OG0004940_00	LOCUS11234	Laspla
OG0004941_00	LOCUS11245	Laspla
OG0004942_00	LOCUS11246	Laspla
OG0004943_00	LOCUS11298	Laspla
OG0004944_00	LOCUS11301	Laspla
OG0004945_00	LOCUS11465	Laspla
OG0004946_00	G6Z76_0008498	Acrcha
OG0004947_00	LOCUS12108	Laspla
OG0004948_00	LOCUS12749	Laspla
OG0004949_00	LOCUS12720	Laspla
OG0004950_00	LOCUS12727	Laspla
OG0004951_00	LOCUS9527	Laspla
OG0004952_00	LOCUS5840	Laspla
OG0004953_00	G6Z76_0009886	Acrcha
OG0004954_00	G6Z76_0009884	Acrcha
OG0004955_00	LOCUS5999	Laspla
OG0004956_00	LOCUS6080	Laspla
OG0004957_00	LOCUS6084	Laspla
OG0004958_00	LOCUS6207	Laspla
OG0004959_00	LOCUS5924	Laspla
OG0004960_00	LOCUS6206	Laspla
OG0004961_00	LOCUS6136	Laspla
OG0004962_00	LOCUS6140	Laspla
OG0004963_00	LOCUS6175	Laspla
OG0004964_00	LOCUS6182	Laspla
OG0004965_00	LOCUS6144	Laspla
OG0004966_00	G6Z76_0014634	Acrcha
OG0004967_00	LOCUS2907	Laspla
OG0004968_00	LOCUS2903	Laspla
OG0004969_00	LOCUS2323	Laspla
OG0004970_00	LOCUS10764	Laspla
OG0004971_00	G6Z76_0013824	Acrcha
OG0004972_00	LOCUS10783	Laspla
OG0004973_00	LOCUS13054	Laspla
OG0004974_00	LOCUS13655	Laspla
OG0004975_00	LOCUS13080	Laspla
OG0004976_00	LOCUS13438	Laspla
OG0004977_00	LOCUS12972	Laspla
OG0004978_00	LOCUS13578	Laspla
OG0004979_00	LOCUS13097	Laspla
OG0004980_00	LOCUS13100	Laspla
OG0004981_00	LOCUS13323	Laspla
OG0004982_00	LOCUS13311	Laspla
OG0004983_00	LOCUS13274-2	Laspla
OG0004984_00	LOCUS13236	Laspla
OG0004985_00	LOCUS13237	Laspla
OG0004986_00	LOCUS13459	Laspla
OG0004987_00	LOCUS10991	Laspla
OG0004988_00	LOCUS13662	Laspla
OG0004989_00	LOCUS5667	Laspla
OG0004990_00	LOCUS12532	Laspla
OG0004991_00	LOCUS12350	Laspla
OG0004992_00	LOCUS2964	Laspla
OG0004993_00	LOCUS2954	Laspla
OG0004994_00	LOCUS2953	Laspla
OG0004995_00	LOCUS2927	Laspla
OG0004996_00	LOCUS13775	Laspla
OG0004997_00	LOCUS13809	Laspla
OG0004998_00	LOCUS14067	Laspla
OG0004999_00	LOCUS1198	Laspla
OG0005000_00	LOCUS6989	Laspla
OG0005001_00	LOCUS14660	Laspla
OG0005002_00	LOCUS5150	Laspla
OG0005003_00	LOCUS1283	Laspla
OG0005004_00	LOCUS1262	Laspla
OG0005005_00	LOCUS1259	Laspla
OG0005006_00	LOCUS1242	Laspla
OG0005007_00	LOCUS1222	Laspla
OG0005008_00	LOCUS1221	Laspla
OG0005009_00	LOCUS13145	Laspla
OG0005010_00	G6Z76_0002516	Acrcha
OG0005011_00	LOCUS13134	Laspla
OG0005012_00	LOCUS13187	Laspla
OG0005013_00	LOCUS13209-2	Laspla
OG0005014_00	LOCUS13026	Laspla
OG0005015_00	LOCUS13467	Laspla
OG0005016_00	LOCUS13469	Laspla
OG0005017_00	LOCUS13477	Laspla
OG0005018_00	LOCUS13348	Laspla
OG0005019_00	LOCUS13167	Laspla
OG0005020_00	LOCUS13288	Laspla
OG0005021_00	LOCUS13290	Laspla
OG0005022_00	LOCUS13501	Laspla
OG0005023_00	G6Z76_0002226	Acrcha
OG0005024_00	LOCUS13305	Laspla
OG0005025_00	LOCUS7546	Laspla
OG0005026_00	LOCUS3363-2	Laspla
OG0005027_00	LOCUS3394	Laspla
OG0005028_00	LOCUS3397	Laspla
OG0005029_00	LOCUS11933-2	Laspla
OG0005030_00	LOCUS11905	Laspla
OG0005031_00	LOCUS7779	Laspla
OG0005032_00	LOCUS7788	Laspla
OG0005033_00	LOCUS7799	Laspla
OG0005034_00	LOCUS965	Laspla
OG0005035_00	LOCUS925	Laspla
OG0005036_00	LOCUS572	Laspla
OG0005037_00	LOCUS736	Laspla
OG0005038_00	LOCUS769	Laspla
OG0005039_00	LOCUS848	Laspla
OG0005040_00	LOCUS853	Laspla
OG0005041_00	G6Z76_0003136	Acrcha
OG0005042_00	LOCUS799	Laspla
OG0005043_00	LOCUS805	Laspla
OG0005044_00	LOCUS812	Laspla
OG0005045_00	LOCUS816	Laspla
OG0005046_00	G6Z76_0008089	Acrcha
OG0005047_00	G6Z77_0015295	Acrhey
OG0005048_00	LOCUS426	Laspla
OG0005049_00	LOCUS425	Laspla
OG0005050_00	LOCUS911	Laspla
OG0005051_00	LOCUS3665	Laspla
OG0005052_00	LOCUS7296	Laspla
OG0005053_00	G6Z76_0007890	Acrcha
OG0005054_00	LOCUS7305	Laspla
OG0005055_00	LOCUS12303	Laspla
OG0005056_00	LOCUS6897	Laspla
OG0005057_00	LOCUS13723	Laspla
OG0005058_00	LOCUS14725	Laspla
OG0005059_00	LOCUS13749	Laspla
OG0005060_00	LOCUS10644	Laspla
OG0005061_00	LOCUS13741	Laspla
OG0005062_00	LOCUS8276	Laspla
OG0005063_00	LOCUS11824	Laspla
OG0005064_00	LOCUS9525	Laspla
OG0005065_00	LOCUS8323	Laspla
OG0005066_00	LOCUS10709	Laspla
OG0005067_00	LOCUS10710	Laspla
OG0005068_00	G6Z76_0013864	Acrcha
OG0005069_00	LOCUS11768	Laspla
OG0005070_00	LOCUS10794	Laspla
OG0005071_00	LOCUS10803	Laspla
OG0005072_00	G6Z76_0000812	Acrcha
OG0005073_00	LOCUS11451	Laspla
OG0005074_00	LOCUS11417-2	Laspla
OG0005075_00	LOCUS2865	Laspla
OG0005076_00	LOCUS2868	Laspla
OG0005077_00	LOCUS6925	Laspla
OG0005078_00	LOCUS6923	Laspla
OG0005079_00	G6Z76_0006656	Acrcha
OG0005080_00	LOCUS5083	Laspla
OG0005081_00	G6Z76_0001163	Acrcha
OG0005082_00	LOCUS5221	Laspla
OG0005083_00	G6Z76_0000479	Acrcha
OG0005084_00	LOCUS5178	Laspla
OG0005085_00	LOCUS14633	Laspla
OG0005086_00	LOCUS1143	Laspla
OG0005087_00	LOCUS1169	Laspla
OG0005088_00	LOCUS5588	Laspla
OG0005089_00	LOCUS8297	Laspla
OG0005090_00	LOCUS14562	Laspla
OG0005091_00	LOCUS14538-2	Laspla
OG0005092_00	LOCUS14080	Laspla
OG0005093_00	LOCUS7241	Laspla
OG0005094_00	LOCUS7254	Laspla
OG0005095_00	LOC138935228	Polmex
OG0005096_00	LOCUS7264	Laspla
OG0005097_00	LOCUS10613	Laspla
OG0005098_00	LOCUS8288	Laspla
OG0005099_00	LOCUS5474	Laspla
OG0005100_00	LOCUS5476	Laspla
OG0005101_00	LOCUS5484	Laspla
OG0005102_00	LOCUS14606	Laspla
OG0005103_00	LOCUS14607	Laspla
OG0005104_00	LOCUS14654	Laspla
OG0005105_00	LOCUS14653	Laspla
OG0005106_00	LOCUS14652	Laspla
OG0005107_00	LOCUS14534	Laspla
OG0005108_00	LOCUS8564	Laspla
OG0005109_00	LOCUS8036	Laspla
OG0005110_00	LOCUS8037	Laspla
OG0005111_00	LOCUS8372	Laspla
OG0005112_00	LOCUS8373	Laspla
OG0005113_00	LOCUS8731	Laspla
OG0005114_00	LOCUS8722	Laspla
OG0005115_00	G6Z76_0001073	Acrcha
OG0005116_00	LOCUS9281	Laspla
OG0005117_00	LOCUS9304	Laspla
OG0005118_00	LOCUS9307	Laspla
OG0005119_00	LOCUS9310	Laspla
OG0005120_00	LOCUS9374	Laspla
OG0005121_00	G6Z76_0012945	Acrcha
OG0005122_00	LOCUS403	Laspla
OG0005123_00	LOCUS902	Laspla
OG0005124_00	LOCUS859	Laspla
OG0005125_00	LOCUS12659	Laspla
OG0005126_00	LOCUS12654	Laspla
OG0005127_00	LOCUS12797	Laspla
OG0005128_00	LOCUS8400	Laspla
OG0005129_00	LOCUS10150	Laspla
OG0005130_00	LOCUS10139	Laspla
OG0005131_00	G6Z76_0008968	Acrcha
OG0005132_00	G6Z76_0008971	Acrcha
OG0005133_00	LOCUS10130	Laspla
OG0005134_00	LOCUS8219	Laspla
OG0005135_00	LOCUS8026	Laspla
OG0005136_00	LOCUS8079	Laspla
OG0005137_00	LOCUS7323	Laspla
OG0005138_00	LOCUS7326	Laspla
OG0005139_00	LOCUS7329	Laspla
OG0005140_00	LOCUS6389-3	Laspla
OG0005141_00	LOCUS6382	Laspla
OG0005142_00	LOCUS12825	Laspla
OG0005143_00	LOCUS6692	Laspla
OG0005144_00	LOCUS6688	Laspla
OG0005145_00	LOCUS6665	Laspla
OG0005146_00	LOCUS6759	Laspla
OG0005147_00	LOCUS6818	Laspla
OG0005148_00	LOCUS11756	Laspla
OG0005149_00	LOCUS2168	Laspla
OG0005150_00	LOCUS10250	Laspla
OG0005151_00	LOCUS10352	Laspla
OG0005152_00	LOCUS10358	Laspla
OG0005153_00	LOCUS9032	Laspla
OG0005154_00	G6Z76_0011684	Acrcha
OG0005155_00	G6Z76_0008514	Acrcha
OG0005156_00	LOCUS9160	Laspla
OG0005157_00	Alpha_beta_hydrolase_fold-1_g07742_i1	Acrame
OG0005158_00	LOCUS8985	Laspla
OG0005159_00	LOCUS8984	Laspla
OG0005160_00	LOCUS24	Laspla
OG0005161_00	LOCUS8921	Laspla
OG0005162_00	LOCUS8957	Laspla
OG0005163_00	LOCUS9359	Laspla
OG0005164_00	LOCUS9364	Laspla
OG0005165_00	LOCUS8889	Laspla
OG0005166_00	LOCUS8886	Laspla
OG0005167_00	LOCUS8756	Laspla
OG0005168_00	LOCUS274	Laspla
OG0005169_00	LOCUS8715	Laspla
OG0005170_00	LOCUS8710	Laspla
OG0005171_00	LOCUS8810	Laspla
OG0005172_00	LOCUS8807	Laspla
OG0005173_00	LOCUS9095	Laspla
OG0005174_00	LOCUS8851	Laspla
OG0005175_00	LOCUS10076-2	Laspla
OG0005176_00	LOCUS2144	Laspla
OG0005177_00	LOCUS2147	Laspla
OG0005178_00	G6Z76_0010318	Acrcha
OG0005179_00	LOCUS13905	Laspla
OG0005180_00	LOCUS13779	Laspla
OG0005181_00	LOCUS8568	Laspla
OG0005182_00	LOCUS11722	Laspla
OG0005183_00	LOCUS11676-2	Laspla
OG0005184_00	LOCUS2637	Laspla
OG0005185_00	LOCUS14388	Laspla
OG0005186_00	LOCUS5264	Laspla
OG0005187_00	LOCUS5672	Laspla
OG0005188_00	LOCUS2601	Laspla
OG0005189_00	LOCUS13955	Laspla
OG0005190_00	LOCUS13957	Laspla
OG0005191_00	LOCUS13958	Laspla
OG0005192_00	LOCUS12210	Laspla
OG0005193_00	LOCUS12205	Laspla
OG0005194_00	LOCUS12232	Laspla
OG0005195_00	PHD_finger_g09192_i1	Diskam
OG0005196_00	LOCUS12296	Laspla
OG0005197_00	LOCUS12444	Laspla
OG0005198_00	LOCUS12438	Laspla
OG0005199_00	LOCUS12432	Laspla
OG0005200_00	LOCUS12424	Laspla
OG0005201_00	LOCUS12419	Laspla
OG0005202_00	LOCUS12415	Laspla
OG0005203_00	LOCUS691	Laspla
OG0005204_00	LOCUS10240	Laspla
OG0005205_00	G6Z76_0002707	Acrcha
OG0005206_00	LOCUS5330	Laspla
OG0005207_00	LOCUS5313	Laspla
OG0005208_00	LOCUS5308	Laspla
OG0005209_00	LOCUS7143	Laspla
OG0005210_00	LOCUS5407	Laspla
OG0005211_00	LOCUS2624	Laspla
OG0005212_00	LOCUS7221	Laspla
OG0005213_00	LOCUS14087	Laspla
OG0005214_00	LOCUS14103	Laspla
OG0005215_00	LOCUS14105	Laspla
OG0005216_00	LOCUS14115	Laspla
OG0005217_00	LOCUS2125	Laspla
OG0005218_00	LOCUS10096	Laspla
OG0005219_00	LOCUS10088	Laspla
OG0005220_00	LOCUS5530	Laspla
OG0005221_00	G6Z76_0006197	Acrcha
OG0005222_00	LOCUS12874	Laspla
OG0005223_00	LOCUS5560	Laspla
OG0005224_00	LOCUS18-4	Laspla
OG0005225_00	LOCUS19	Laspla
OG0005226_00	LOCUS12389	Laspla
OG0005227_00	LOCUS12163	Laspla
OG0005228_00	LOCUS12162	Laspla
OG0005229_00	G6Z76_0013911	Acrcha
OG0005230_00	G6Z76_0013902	Acrcha
OG0005231_00	LOCUS12189	Laspla
OG0005232_00	LOCUS12187	Laspla
OG0005233_00	LOCUS12184	Laspla
OG0005234_00	LOCUS12182	Laspla
OG0005235_00	LOCUS11833	Laspla
OG0005236_00	LOCUS12882	Laspla
OG0005237_00	G6Z76_0006757	Acrcha
OG0005238_00	LOCUS5897	Laspla
OG0005239_00	LOCUS5891	Laspla
OG0005240_00	LOCUS5890	Laspla
OG0005241_00	LOCUS5888	Laspla
OG0005242_00	LOCUS5886	Laspla
OG0005243_00	LOCUS5885	Laspla
OG0005244_00	LOCUS5870	Laspla
OG0005245_00	LOCUS5860	Laspla
OG0005246_00	LOCUS6559	Laspla
OG0005247_00	LOCUS6529	Laspla
OG0005248_00	LOCUS4185	Laspla
OG0005249_00	LOCUS4283	Laspla
OG0005250_00	LOCUS3978	Laspla
OG0005251_00	LOCUS3983	Laspla
OG0005252_00	LOCUS3967	Laspla
OG0005253_00	LOCUS3930	Laspla
OG0005254_00	LOCUS4004	Laspla
OG0005255_00	LOCUS4364	Laspla
OG0005256_00	LOCUS3856	Laspla
OG0005257_00	LOCUS3878-2	Laspla
OG0005258_00	LOCUS3919	Laspla
OG0005259_00	LOCUS3922	Laspla
OG0005260_00	LOCUS14110-2	Laspla
OG0005261_00	G6Z76_0009325	Acrcha
OG0005262_00	LOCUS13762	Laspla
OG0005263_00	G6Z76_0007660	Acrcha
OG0005264_00	LOCUS2325	Laspla
OG0005265_00	LOCUS2331	Laspla
OG0005266_00	LOCUS2338	Laspla
OG0005267_00	G6Z76_0008573	Acrcha
OG0005268_00	G6Z76_0008563	Acrcha
OG0005269_00	LOCUS14710	Laspla
OG0005270_00	G6Z76_0002921	Acrcha
OG0005271_00	LOCUS12894	Laspla
OG0005272_00	G6Z76_0002909	Acrcha
OG0005273_00	G6Z76_0002908	Acrcha
OG0005274_00	LOCUS7126	Laspla
OG0005275_00	LOCUS5378	Laspla
OG0005276_00	LOCUS2374	Laspla
OG0005277_00	G6Z76_0002658	Acrcha
OG0005278_00	LOCUS14085	Laspla
OG0005279_00	LOCUS2363	Laspla
OG0005280_00	LOCUS4739	Laspla
OG0005281_00	LOCUS512	Laspla
OG0005282_00	LOCUS508	Laspla
OG0005283_00	LOCUS504	Laspla
OG0005284_00	LOCUS500	Laspla
OG0005285_00	LOCUS12235	Laspla
OG0005286_00	LOCUS12528	Laspla
OG0005287_00	LOCUS10211	Laspla
OG0005288_00	LOCUS11867	Laspla
OG0005289_00	LOCUS11892	Laspla
OG0005290_00	LOCUS11893	Laspla
OG0005291_00	LOCUS14455	Laspla
OG0005292_00	LOCUS12602	Laspla
OG0005293_00	LOCUS12604	Laspla
OG0005294_00	G6Z76_0007810	Acrcha
OG0005295_00	LOCUS6947	Laspla
OG0005296_00	LOCUS1126	Laspla
OG0005297_00	LOCUS1008	Laspla
OG0005298_00	LOCUS1001	Laspla
OG0005299_00	G6Z75_0000643	Acrins
OG0005300_00	LOCUS4621	Laspla
OG0005301_00	G6Z76_0007775	Acrcha
OG0005302_00	LOCUS4686	Laspla
OG0005303_00	G6Z76_0012807	Acrcha
OG0005304_00	LOCUS3794-2	Laspla
OG0005305_00	LOCUS3779	Laspla
OG0005306_00	LOCUS3771	Laspla
OG0005307_00	LOCUS3745	Laspla
OG0005308_00	LOCUS5069	Laspla
OG0005309_00	LOCUS3742	Laspla
OG0005310_00	G6Z76_0004775	Acrcha
OG0005311_00	LOCUS3674	Laspla
OG0005312_00	LOCUS3671	Laspla
OG0005313_00	LOCUS3668-2	Laspla
OG0005314_00	LOCUS4973	Laspla
OG0005315_00	G6Z76_0009645	Acrcha
OG0005316_00	LOCUS3810	Laspla
OG0005317_00	LOCUS3809	Laspla
OG0005318_00	LOCUS5060	Laspla
OG0005319_00	LOCUS117	Laspla
OG0005320_00	LOCUS118	Laspla
OG0005321_00	G6Z76_0001503	Acrcha
OG0005322_00	G6Z76_0001470	Acrcha
OG0005323_00	LOCUS7628-2	Laspla
OG0005324_00	LOCUS7706	Laspla
OG0005325_00	LOCUS7572	Laspla
OG0005326_00	LOCUS7773	Laspla
OG0005327_00	LOCUS7772	Laspla
OG0005328_00	LOCUS12855	Laspla
OG0005329_00	LOCUS9545	Laspla
OG0005330_00	LOCUS9546	Laspla
OG0005331_00	LOCUS11994-2	Laspla
OG0005332_00	LOCUS11992	Laspla
OG0005333_00	LOCUS6562	Laspla
OG0005334_00	LOCUS6805	Laspla
OG0005335_00	LOCUS7727	Laspla
OG0005336_00	LOCUS13931	Laspla
OG0005337_00	LOCUS12158	Laspla
OG0005338_00	LOCUS5790	Laspla
OG0005339_00	LOCUS11043	Laspla
OG0005340_00	LOCUS10845	Laspla
OG0005341_00	LOCUS10831	Laspla
OG0005342_00	LOCUS10826	Laspla
OG0005343_00	LOCUS11359	Laspla
OG0005344_00	LOCUS11316	Laspla
OG0005345_00	LOCUS11313	Laspla
OG0005346_00	LOCUS10964	Laspla
OG0005347_00	LOCUS10952	Laspla
OG0005348_00	LOCUS10925	Laspla
OG0005349_00	LOCUS11143	Laspla
OG0005350_00	LOCUS11174	Laspla
OG0005351_00	LOCUS11205	Laspla
OG0005352_00	G6Z76_0011262	Acrcha
OG0005353_00	LOCUS11213	Laspla
OG0005354_00	LOCUS13945	Laspla
OG0005355_00	LOCUS2245	Laspla
OG0005356_00	LOCUS14473	Laspla
OG0005357_00	LOCUS5358	Laspla
OG0005358_00	LOCUS5382	Laspla
OG0005359_00	LOCUS7124	Laspla
OG0005360_00	G6Z76_0009989	Acrcha
OG0005361_00	LOCUS7123	Laspla
OG0005362_00	LOCUS7284	Laspla
OG0005363_00	LOCUS2157	Laspla
OG0005364_00	LOCUS6152	Laspla
OG0005365_00	LOCUS1189	Laspla
OG0005366_00	G6Z76_0002233	Acrcha
OG0005367_00	G6Z76_0002477	Acrcha
OG0005368_00	LOCUS10228	Laspla
OG0005369_00	G6Z76_0004804	Acrcha
OG0005370_00	LOCUS9892	Laspla
OG0005371_00	G6Z76_0004871	Acrcha
OG0005372_00	LOCUS10512	Laspla
OG0005373_00	LOCUS10507	Laspla
OG0005374_00	LOCUS2030	Laspla
OG0005375_00	LOCUS10414-2	Laspla
OG0005376_00	LOCUS10547	Laspla
OG0005377_00	LOCUS10458	Laspla
OG0005378_00	LOCUS10487	Laspla
OG0005379_00	LOCUS9936	Laspla
OG0005380_00	LOCUS9932	Laspla
OG0005381_00	LOCUS9930-2	Laspla
OG0005382_00	LOCUS9920	Laspla
OG0005383_00	LOCUS9912	Laspla
OG0005384_00	LOCUS8469	Laspla
OG0005385_00	LOCUS13230	Laspla
OG0005386_00	LOCUS13231	Laspla
OG0005387_00	LOCUS13935	Laspla
OG0005388_00	G6Z76_0009466	Acrcha
OG0005389_00	LOCUS14052	Laspla
OG0005390_00	LOCUS13896	Laspla
OG0005391_00	LOCUS14050	Laspla
OG0005392_00	LOCUS3623	Laspla
OG0005393_00	LOCUS3629	Laspla
OG0005394_00	LOCUS3646	Laspla
OG0005395_00	LOCUS12061	Laspla
OG0005396_00	LOCUS12051	Laspla
OG0005397_00	LOCUS12047	Laspla
OG0005398_00	G6Z76_0001249	Acrcha
OG0005399_00	G6Z76_0012301	Acrcha
OG0005400_00	LOCUS6483	Laspla
OG0005401_00	LOCUS8685	Laspla
OG0005402_00	LOCUS8110	Laspla
OG0005403_00	LOCUS8064	Laspla
OG0005404_00	LOCUS6980	Laspla
OG0005405_00	LOCUS8248	Laspla
OG0005406_00	LOCUS8241	Laspla
OG0005407_00	LOCUS8240	Laspla
OG0005408_00	LOCUS8239	Laspla
OG0005409_00	LOCUS8237	Laspla
OG0005410_00	LOCUS10128	Laspla
OG0005411_00	LOCUS8538	Laspla
OG0005412_00	LOCUS8200	Laspla
OG0005413_00	LOCUS9737	Laspla
OG0005414_00	LOCUS8013	Laspla
OG0005415_00	G6Z76_0008902	Acrcha
OG0005416_00	G6Z76_0008906	Acrcha
OG0005417_00	LOCUS7937	Laspla
OG0005418_00	LOCUS12013	Laspla
OG0005419_00	LOCUS13223	Laspla
OG0005420_00	LOCUS10889	Laspla
OG0005421_00	LOCUS5342	Laspla
OG0005422_00	LOCUS12146	Laspla
OG0005423_00	Ankyrin_g14712_i1	Acafer
OG0005424_00	LOCUS10924	Laspla
OG0005425_00	LOCUS13148	Laspla
OG0005426_00	LOCUS3764	Laspla
OG0005427_00	Carboxylesterase_type_B_g10526_i1	Acafer
OG0005428_00	Chaperonins_g13181_i1	Acafer
OG0005429_00	LOCUS10218	Laspla
OG0005430_00	LOCUS10653	Laspla
OG0005431_00	LOCUS5757	Laspla
OG0005432_00	HOX_domain_g00739_i1	Acafer
OG0005433_00	LOCUS13107-2	Laspla
OG0005434_00	HOX_domain_g06542_i1	Acafer
OG0005435_00	HOX_domain_g14260_i1	Acafer
OG0005436_00	HOX_domain_g18442_i1	Acafer
OG0005437_00	Hsp40_g03180_i1	Acafer
OG0005438_00	LOCUS574	Laspla
OG0005439_00	LOCUS8793	Laspla
OG0005440_00	LOCUS772	Laspla
OG0005441_00	LOCUS11889	Laspla
OG0005442_00	LOCUS6079	Laspla
OG0005443_00	Neuropeptide-like_peptide-1_g08102_i1	Acafer
OG0005444_00	PHD_finger_g06164_i1	Acafer
OG0005445_00	PHD_finger_g07071_i1	Acafer
OG0005446_00	Peptidase_C19_ubiquitin-specific_peptidase_DUSP_domain_g17269_i1	Acafer
OG0005447_00	Peptidase_C19_ubiquitin_carboxyl-terminal_hydrolase_2_g14986_i2	Acafer
OG0005448_00	Peptidase_C1A_papain_C-terminal_g13183_i1	Acafer
OG0005449_00	Peptidase_C54_g06213_i1	Acafer
OG0005450_00	Peptidase_M12B_ADAM_reprolysin_g13104_i1	Acafer
OG0005451_00	Peptidase_M2_peptidyl-dipeptidase_A_g18583_i1	Acafer
OG0005452_00	Peptidase_M50_g09224_i1	Acafer
OG0005453_00	Peptidase_S60_transferrin_lactoferrin_g01769_i1	Acafer
OG0005454_00	LOCUS11780	Laspla
OG0005455_00	LOCUS8736	Laspla
OG0005456_00	Tab2_g05242_i1	Acafer
OG0005457_00	acyl_carrier_protein_domain_g03649_i2	Acafer
OG0005458_00	LOCUS13591	Laspla
OG0005459_00	hep_g00052_i1	Acafer
OG0005460_00	hep_g05147_i1	Acafer
OG0005461_00	LOCUS12289	Laspla
OG0005462_00	LOCUS12954	Laspla
OG0005463_00	LOCUS10744	Laspla
OG0005464_00	LOCUS5857	Laspla
OG0005465_00	LOCUS5854-2	Laspla
OG0005466_00	LOCUS6226	Laspla
OG0005467_00	G6Z76_0007553	Acrcha
OG0005468_00	LOCUS11438	Laspla
OG0005470_00	LOCUS10301	Laspla
OG0005471_00	Peptidase_S1_S6_chymotrypsin_Hap_g07211_i10	Myrsqu
OG0005472_00	LOCUS12152-2	Laspla
OG0005473_00	LOCUS675	Laspla
OG0005474_00	LOCUS8227	Laspla
OG0005475_00	LOCUS4213	Laspla
OG0005476_00	LOCUS4151	Laspla
OG0005477_00	LOCUS3807	Laspla
OG0005478_00	LOCUS4104	Laspla
OG0005479_00	LOCUS11888	Laspla
OG0005480_00	G6Z76_0003071	Acrcha
OG0005481_00	LOCUS7578	Laspla
OG0005482_00	G6Z76_0004364	Acrcha
OG0005483_00	LOCUS11243	Laspla
OG0005484_00	LOCUS1852	Laspla
OG0005485_00	LOCUS5131	Laspla
OG0005486_00	LOCUS12737	Laspla
OG0005487_00	G6Z76_0012585	Acrcha
OG0005488_00	LOCUS14543-2	Laspla
OG0005489_00	LOCUS7586	Laspla
OG0005490_00	G6Z76_0011644	Acrcha
OG0005491_00	Chromo-domain_g14671_i2	Acafer
OG0005492_00	Dcg1_g12553_i1	Acafer
OG0005493_00	LOCUS12324	Laspla
OG0005494_00	LOCUS11434	Laspla
OG0005495_00	LOCUS2713	Laspla
OG0005496_00	doublesex_g06726_i1	Acafer
OG0005497_00	LOCUS522	Laspla
OG0005498_00	G6Z76_0006301	Acrcha
OG0005499_00	LOCUS5974	Laspla
OG0005500_00	LOCUS13406	Laspla
OG0005501_00	LOCUS12969	Laspla
OG0005502_00	LOCUS3458	Laspla
OG0005503_00	G6Z76_0002249	Acrcha
OG0005504_00	LOCUS7553	Laspla
OG0005505_00	LOCUS7551	Laspla
OG0005506_00	LOCUS727	Laspla
OG0005507_00	LOCUS3858	Laspla
OG0005508_00	G6Z76_0004868	Acrcha
OG0005509_00	LOCUS4060	Laspla
OG0005510_00	G6Z76_0001515	Acrcha
OG0005511_00	LOCUS4630	Laspla
OG0005512_00	LOCUS495	Laspla
OG0005513_00	HOX_domain_g07312_i1	Acafer
OG0005514_00	HOX_domain_g07313_i1	Acafer
OG0005515_00	LOCUS10976	Laspla
OG0005516_00	LOCUS10132	Laspla
OG0005517_00	LOCUS14440	Laspla
OG0005518_00	LOCUS8536	Laspla
OG0005519_00	LOCUS13408	Laspla
OG0005520_00	LOCUS4129	Laspla
OG0005521_00	LOCUS7273	Laspla
OG0005522_00	G6Z76_0013133	Acrcha
OG0005523_00	Ankyrin_g04783_i3	Monpha
OG0005524_00	LOCUS9048-2	Laspla
OG0005525_00	LOCUS12252	Laspla
OG0005526_00	LOCUS5459	Laspla
OG0005527_00	LOCUS10792	Laspla
OG0005528_00	LOCUS11894	Laspla
OG0005529_00	LOCUS642	Laspla
OG0005530_00	LOCUS8111	Laspla
OG0005531_00	serpin_g07382_i1	Phecap
OG0005532_00	LOCUS12169	Laspla
OG0005533_00	LOCUS6834	Laspla
OG0005534_00	LOCUS6844	Laspla
OG0005535_00	LOCUS12583	Laspla
OG0005536_00	G6Z76_0001387	Acrcha
OG0005537_00	LOCUS13376	Laspla
OG0005538_00	LOCUS10118	Laspla
OG0005539_00	LOCUS11374-3	Laspla
OG0005540_00	LOCUS12359	Laspla
OG0005541_00	LOCUS11808	Laspla
OG0005542_00	LOCUS1165	Laspla
OG0005543_00	LOCUS10195	Laspla
OG0005544_00	LOCUS10937	Laspla
OG0005545_00	LOCUS3866	Laspla
OG0005546_00	LOCUS8666	Laspla
OG0005547_00	LOCUS3902	Laspla
OG0005548_00	LOCUS8691-2	Laspla
OG0005549_00	LOCUS13104	Laspla
OG0005550_00	Peptidase_M12B_ADAM_reprolysin_g06785_i1	Formja
OG0005551_00	ACFW04_000359	Catnig
OG0005552_00	G6Z76_0000568	Acrcha
OG0005553_00	LOCUS1926	Laspla
OG0005554_00	LOCUS14600	Laspla
OG0005555_00	LOCUS12782	Laspla
OG0005556_00	G6Z76_0006756	Acrcha
OG0005557_00	LOCUS12023-2	Laspla
OG0005558_00	LOCUS10824	Laspla
OG0005559_00	LOCUS2045	Laspla
OG0005560_00	LOCUS14051	Laspla
OG0005561_00	LOCUS7571	Laspla
OG0005562_00	LOCUS6797	Laspla
OG0005563_00	LOCUS3146	Laspla
OG0005564_00	LOCUS12932	Laspla
OG0005565_00	LOCUS2922	Laspla
OG0005566_00	LOCUS13174	Laspla
OG0005567_00	LOCUS635	Laspla
OG0005568_00	LOCUS2848	Laspla
OG0005569_00	LOCUS9480	Laspla
OG0005570_00	LOCUS394	Laspla
OG0005571_00	LOCUS8885	Laspla
OG0005572_00	LOCUS13881	Laspla
OG0005574_00	G6Z76_0004014	Acrcha
OG0005575_00	G6Z76_0004027	Acrcha
OG0005576_00	LOCUS3880	Laspla
OG0005577_00	LOCUS13977	Laspla
OG0005578_00	LOCUS6986	Laspla
OG0005579_00	LOCUS2177	Laspla
OG0005580_00	LOCUS6499	Laspla
OG0005581_00	LOCUS3003	Laspla
OG0005582_00	LOCUS3049	Laspla
OG0005583_00	LOCUS3327	Laspla
OG0005584_00	LOCUS3088-2	Laspla
OG0005585_00	G6Z76_0013805	Acrcha
OG0005586_00	LOCUS12758	Laspla
OG0005587_00	LOCUS3060	Laspla
OG0005588_00	LOCUS13118	Laspla
OG0005589_00	LOCUS11652	Laspla
OG0005590_00	LOCUS5663	Laspla
OG0005591_00	G6Z76_0001446	Acrcha
OG0005592_00	LOCUS13083	Laspla
OG0005593_00	LOCUS747	Laspla
OG0005594_00	LOCUS750	Laspla
OG0005595_00	LOCUS754	Laspla
OG0005596_00	LOCUS821	Laspla
OG0005597_00	G6Z76_0008441	Acrcha
OG0005598_00	LOCUS5573	Laspla
OG0005599_00	G6Z76_0014511	Acrcha
OG0005600_00	LOCUS9468	Laspla
OG0005601_00	LOCUS8383	Laspla
OG0005602_00	LOCUS8077	Laspla
OG0005603_00	LOCUS8504	Laspla
OG0005604_00	LOCUS10349	Laspla
OG0005605_00	G6Z76_0013349	Acrcha
OG0005606_00	LOCUS9115	Laspla
OG0005607_00	LOCUS14322	Laspla
OG0005608_00	LOCUS12208	Laspla
OG0005609_00	LOCUS7168	Laspla
OG0005610_00	LOCUS7187	Laspla
OG0005611_00	LOCUS7198	Laspla
OG0005612_00	G6Z76_0008890	Acrcha
OG0005613_00	LOCUS12379	Laspla
OG0005614_00	G6Z76_0007455	Acrcha
OG0005615_00	LOCUS12171	Laspla
OG0005616_00	LOCUS4310	Laspla
OG0005617_00	G6Z76_0011933	Acrcha
OG0005618_00	LOCUS3894	Laspla
OG0005619_00	LOCUS2388	Laspla
OG0005620_00	G6Z76_0002841	Acrcha
OG0005621_00	LOCUS6963	Laspla
OG0005622_00	LOCUS12276	Laspla
OG0005623_00	LOCUS12277	Laspla
OG0005624_00	LOCUS1944	Laspla
OG0005625_00	LOCUS85	Laspla
OG0005626_00	LOCUS6879	Laspla
OG0005627_00	LOCUS6581	Laspla
OG0005628_00	LOCUS5794	Laspla
OG0005629_00	G6Z76_0012835	Acrcha
OG0005630_00	LOCUS10230	Laspla
OG0005631_00	LOCUS1989	Laspla
OG0005632_00	LOCUS5001	Laspla
OG0005633_00	LOCUS8696	Laspla
OG0005634_00	LOCUS10432	Laspla
OG0005635_00	LOCUS9985	Laspla
OG0005636_00	LOCUS13726	Laspla
OG0005637_00	LOCUS6408	Laspla
OG0005638_00	LOCUS6770	Laspla
OG0005639_00	G6Z76_0012230	Acrcha
OG0005640_00	LOCUS2996	Laspla
OG0005641_00	LOCUS3306	Laspla
OG0005642_00	transferrin_g13612_i1	Caresp
OG0005643_00	LOCUS3092	Laspla
OG0005644_00	G6Z76_0008469	Acrcha
OG0005645_00	LOCUS12781	Laspla
OG0005646_00	G6Z76_0003646	Acrcha
OG0005647_00	LOCUS6024	Laspla
OG0005648_00	LOCUS6068	Laspla
OG0005649_00	LOCUS6202	Laspla
OG0005650_00	LOCUS13053	Laspla
OG0005651_00	LOCUS13258	Laspla
OG0005652_00	LOCUS13320	Laspla
OG0005653_00	LOCUS5666	Laspla
OG0005654_00	LOCUS13997	Laspla
OG0005655_00	LOCUS12402	Laspla
OG0005656_00	LOCUS1203	Laspla
OG0005657_00	LOCUS14656	Laspla
OG0005658_00	G6Z76_0000561	Acrcha
OG0005659_00	LOCUS13137	Laspla
OG0005660_00	LOCUS13133	Laspla
OG0005661_00	LOCUS13611	Laspla
OG0005662_00	LOCUS14739	Laspla
OG0005663_00	G6Z76_0001226	Acrcha
OG0005664_00	LOCUS7867	Laspla
OG0005665_00	LOCUS7539	Laspla
OG0005666_00	LOCUS956	Laspla
OG0005667_00	LOCUS740	Laspla
OG0005668_00	LOCUS763	Laspla
OG0005669_00	G6Z76_0008088	Acrcha
OG0005670_00	LOCUS416-5	Laspla
OG0005671_00	LOCUS3660	Laspla
OG0005672_00	LOCUS7308	Laspla
OG0005673_00	LOCUS7309	Laspla
OG0005674_00	LOCUS10705	Laspla
OG0005675_00	LOCUS10693-2	Laspla
OG0005676_00	LOCUS10804	Laspla
OG0005677_00	LOCUS7013	Laspla
OG0005678_00	G6Z76_0006073	Acrcha
OG0005679_00	LOCUS14553	Laspla
OG0005680_00	LOCUS14539	Laspla
OG0005681_00	LOCUS14424	Laspla
OG0005682_00	LOCUS2414	Laspla
OG0005683_00	LOCUS5499	Laspla
OG0005684_00	LOCUS1187	Laspla
OG0005685_00	G6Z76_0004504	Acrcha
OG0005686_00	LOCUS5631	Laspla
OG0005687_00	LOCUS12308	Laspla
OG0005688_00	LOCUS12798	Laspla
OG0005689_00	LOCUS10143	Laspla
OG0005690_00	LOCUS10396	Laspla
OG0005691_00	LOCUS8218	Laspla
OG0005692_00	LOCUS8101	Laspla
OG0005693_00	LOCUS2384	Laspla
OG0005694_00	LOCUS3287	Laspla
OG0005695_00	LOCUS12807	Laspla
OG0005696_00	LOCUS6681	Laspla
OG0005697_00	G6Z76_0013962	Acrcha
OG0005698_00	LOCUS9087-2	Laspla
OG0005699_00	LOCUS9009	Laspla
OG0005700_00	LOCUS9349	Laspla
OG0005701_00	LOCUS9360-3	Laspla
OG0005702_00	LOCUS9322	Laspla
OG0005703_00	G6Z76_0011739	Acrcha
OG0005704_00	LOCUS9113	Laspla
OG0005705_00	LOCUS8669	Laspla
OG0005706_00	LOCUS10069	Laspla
OG0005707_00	LOCUS9981	Laspla
OG0005708_00	LOCUS10012	Laspla
OG0005709_00	LOCUS8703	Laspla
OG0005710_00	LOCUS14325	Laspla
OG0005711_00	LOCUS5712	Laspla
OG0005712_00	LOCUS226	Laspla
OG0005713_00	LOCUS12217	Laspla
OG0005714_00	LOCUS10231	Laspla
OG0005715_00	LOCUS2609	Laspla
OG0005716_00	LOCUS7188	Laspla
OG0005717_00	LOCUS3595	Laspla
OG0005718_00	G6Z76_0010258	Acrcha
OG0005719_00	LOCUS12129	Laspla
OG0005720_00	LOCUS6724	Laspla
OG0005721_00	LOCUS4288	Laspla
OG0005722_00	G6Z76_0004638	Acrcha
OG0005723_00	G6Z76_0004679	Acrcha
OG0005724_00	LOCUS4006	Laspla
OG0005725_00	LOCUS4022	Laspla
OG0005726_00	LOCUS13810	Laspla
OG0005727_00	LOCUS2329	Laspla
OG0005728_00	LOCUS2334	Laspla
OG0005729_00	LOCUS8295	Laspla
OG0005730_00	LOCUS5295	Laspla
OG0005731_00	LOCUS10630	Laspla
OG0005732_00	LOCUS7335	Laspla
OG0005733_00	LOCUS9058	Laspla
OG0005734_00	LOCUS12243	Laspla
OG0005735_00	LOCUS12253	Laspla
OG0005736_00	LOCUS12278-2	Laspla
OG0005737_00	LOCUS5101	Laspla
OG0005738_00	LOCUS1025	Laspla
OG0005739_00	LOCUS1022	Laspla
OG0005740_00	LOCUS1018	Laspla
OG0005741_00	LOCUS597	Laspla
OG0005742_00	LOCUS4729	Laspla
OG0005743_00	LOCUS3675	Laspla
OG0005744_00	LOCUS5030	Laspla
OG0005745_00	G6Z76_0012696	Acrcha
OG0005746_00	LOCUS7506	Laspla
OG0005747_00	LOCUS1938	Laspla
OG0005748_00	LOCUS142	Laspla
OG0005749_00	G6Z76_0011483	Acrcha
OG0005750_00	LOCUS11116	Laspla
OG0005751_00	LOCUS10846	Laspla
OG0005752_00	LOCUS10833	Laspla
OG0005753_00	LOCUS10928	Laspla
OG0005754_00	G6Z76_0012886	Acrcha
OG0005755_00	LOCUS10912	Laspla
OG0005756_00	LOCUS4480	Laspla
OG0005757_00	LOCUS14003	Laspla
OG0005758_00	LOCUS3071	Laspla
OG0005759_00	LOCUS13309	Laspla
OG0005760_00	LOCUS11041	Laspla
OG0005761_00	LOCUS9880	Laspla
OG0005762_00	G6Z76_0003894	Acrcha
OG0005763_00	G6Z76_0005065	Acrcha
OG0005764_00	G6Z76_0004906	Acrcha
OG0005765_00	LOCUS10563-2	Laspla
OG0005766_00	G6Z76_0003932	Acrcha
OG0005767_00	LOCUS13894	Laspla
OG0005768_00	LOCUS3627	Laspla
OG0005769_00	G6Z76_0012640	Acrcha
OG0005770_00	LOCUS6361	Laspla
OG0005771_00	LOCUS8424	Laspla
OG0005772_00	LOCUS12002	Laspla
OG0005773_00	LOCUS3581	Laspla
OG0005774_00	LOCUS7235	Laspla
OG0005775_00	LOCUS10454	Laspla
OG0005776_00	HOX_domain_g06390_i1	Acafer
OG0005777_00	LOCUS10434-2	Laspla
OG0005778_00	PHD_finger_g06566_i1	Acafer
OG0005779_00	PHD_finger_g13301_i2	Acafer
OG0005780_00	PHD_finger_g16065_i1	Acafer
OG0005781_00	PHD_finger_g16257_i1	Acafer
OG0005782_00	Peptidase_M14_carboxypeptidase_A_g06819_i1	Acafer
OG0005783_00	Peptidase_M19_renal_dipeptidase_g14097_i1	Acafer
OG0005784_00	Peptidase_M24_methionine_aminopeptidase_g14845_i1	Acafer
OG0005785_00	LOCUS6878	Laspla
OG0005786_00	LOCUS2297	Laspla
OG0005787_00	LOCUS6638	Laspla
OG0005788_00	polyketide_synthase_enoylreductase_domain_g14884_i1	Acafer
OG0005789_00	LOCUS6180	Laspla
OG0005790_00	spz_g05973_i1	Acafer
OG0005791_00	LOCUS3303	Laspla
OG0005792_00	LOCUS8112	Laspla
OG0005793_00	LOCUS6338	Laspla
OG0005794_00	G6Z76_0004361	Acrcha
OG0005795_00	G6Z76_0004390	Acrcha
OG0005796_00	G6Z76_0004391	Acrcha
OG0005797_00	G6Z76_0005587	Acrcha
OG0005798_00	LOCUS6647	Laspla
OG0005799_00	LOCUS6653	Laspla
OG0005800_00	G6Z76_0012228	Acrcha
OG0005801_00	G6Z76_0012227	Acrcha
OG0005802_00	LOCUS6394-2	Laspla
OG0005803_00	LOCUS6615-2	Laspla
OG0005804_00	LOCUS6448	Laspla
OG0005805_00	LOCUS6308	Laspla
OG0005806_00	LOCUS6306	Laspla
OG0005807_00	LOCUS6492	Laspla
OG0005808_00	LOCUS6497	Laspla
OG0005809_00	LOCUS6503	Laspla
OG0005810_00	LOCUS6505	Laspla
OG0005811_00	LOCUS6508	Laspla
OG0005812_00	LOCUS6620	Laspla
OG0005813_00	LOCUS3042	Laspla
OG0005814_00	LOCUS3039	Laspla
OG0005815_00	LOCUS3037	Laspla
OG0005816_00	LOCUS3442	Laspla
OG0005817_00	LOCUS3433	Laspla
OG0005818_00	LOCUS3110-3	Laspla
OG0005819_00	LOCUS3115	Laspla
OG0005820_00	LOCUS3197	Laspla
OG0005821_00	LOCUS3185	Laspla
OG0005822_00	LOCUS3172	Laspla
OG0005823_00	LOCUS3168	Laspla
OG0005824_00	G6Z76_0010196	Acrcha
OG0005825_00	LOCUS3059	Laspla
OG0005826_00	LOCUS3054	Laspla
OG0005827_00	LOCUS3032	Laspla
OG0005828_00	LOCUS3022	Laspla
OG0005829_00	LOCUS3349	Laspla
OG0005830_00	LOCUS3334	Laspla
OG0005831_00	LOCUS3103	Laspla
OG0005832_00	LOCUS3090	Laspla
OG0005833_00	LOCUS3445	Laspla
OG0005834_00	LOCUS3317	Laspla
OG0005835_00	LOCUS7036	Laspla
OG0005836_00	LOCUS8303	Laspla
OG0005837_00	LOCUS1954	Laspla
OG0005838_00	LOCUS10656	Laspla
OG0005839_00	LOCUS11389	Laspla
OG0005840_00	LOCUS11392	Laspla
OG0005841_00	LOCUS11394	Laspla
OG0005842_00	LOCUS12757	Laspla
OG0005843_00	LOCUS3572	Laspla
OG0005844_00	G6Z76_0003642	Acrcha
OG0005845_00	LOCUS4707	Laspla
OG0005846_00	G6Z76_0009890	Acrcha
OG0005847_00	LOCUS5959	Laspla
OG0005848_00	LOCUS5969	Laspla
OG0005849_00	G6Z76_0009869	Acrcha
OG0005850_00	LOCUS5987	Laspla
OG0005851_00	LOCUS6002	Laspla
OG0005852_00	G6Z76_0013697	Acrcha
OG0005853_00	LOCUS6069	Laspla
OG0005854_00	LOCUS6086	Laspla
OG0005855_00	LOCUS6217	Laspla
OG0005856_00	G6Z76_0003961	Acrcha
OG0005857_00	LOCUS5956	Laspla
OG0005858_00	LOCUS6131	Laspla
OG0005859_00	LOCUS2913	Laspla
OG0005860_00	LOCUS2912	Laspla
OG0005861_00	G6Z76_0013825	Acrcha
OG0005862_00	LOCUS13395	Laspla
OG0005863_00	G6Z76_0002460	Acrcha
OG0005864_00	LOCUS12966	Laspla
OG0005865_00	LOCUS12985	Laspla
OG0005866_00	LOCUS13117	Laspla
OG0005867_00	LOCUS13595	Laspla
OG0005868_00	LOCUS13017	Laspla
OG0005869_00	LOCUS13400	Laspla
OG0005870_00	LOCUS13405	Laspla
OG0005871_00	G6Z76_0013124	Acrcha
OG0005872_00	LOCUS13414	Laspla
OG0005873_00	LOCUS13242	Laspla
OG0005874_00	LOCUS13250	Laspla
OG0005875_00	G6Z76_0003783	Acrcha
OG0005876_00	LOCUS5299	Laspla
OG0005877_00	LOCUS13663	Laspla
OG0005878_00	LOCUS729	Laspla
OG0005879_00	G6Z76_0009518	Acrcha
OG0005880_00	LOCUS7675	Laspla
OG0005881_00	LOCUS12538	Laspla
OG0005882_00	LOCUS12311	Laspla
OG0005883_00	LOCUS13778	Laspla
OG0005884_00	LOCUS13777-2	Laspla
OG0005885_00	LOCUS12223	Laspla
OG0005886_00	LOCUS1196	Laspla
OG0005887_00	LOCUS5246	Laspla
OG0005888_00	LOCUS5245	Laspla
OG0005889_00	LOCUS5130	Laspla
OG0005890_00	LOCUS5144	Laspla
OG0005891_00	G6Z76_0000624	Acrcha
OG0005892_00	LOCUS1302	Laspla
OG0005893_00	LOCUS1295	Laspla
OG0005894_00	LOCUS1291	Laspla
OG0005895_00	LOCUS1317	Laspla
OG0005896_00	LOCUS1267	Laspla
OG0005897_00	LOCUS1264	Laspla
OG0005898_00	LOCUS1263	Laspla
OG0005899_00	LOCUS1260	Laspla
OG0005900_00	LOCUS1247	Laspla
OG0005901_00	LOCUS1224	Laspla
OG0005902_00	LOCUS11042	Laspla
OG0005903_00	LOCUS13119	Laspla
OG0005904_00	LOCUS13142	Laspla
OG0005905_00	LOCUS13202	Laspla
OG0005906_00	LOCUS13030	Laspla
OG0005907_00	LOCUS13021	Laspla
OG0005908_00	G6Z76_0002272	Acrcha
OG0005909_00	LOCUS13620	Laspla
OG0005910_00	LOCUS13630	Laspla
OG0005911_00	LOCUS13173	Laspla
OG0005912_00	LOCUS13485	Laspla
OG0005913_00	LOCUS13487	Laspla
OG0005914_00	G6Z76_0002160	Acrcha
OG0005915_00	LOCUS13523	Laspla
OG0005916_00	G6Z76_0002213	Acrcha
OG0005917_00	LOCUS3359	Laspla
OG0005918_00	LOCUS3367	Laspla
OG0005919_00	LOCUS3377	Laspla
OG0005920_00	LOCUS3378-2	Laspla
OG0005921_00	LOCUS3396	Laspla
OG0005922_00	LOCUS3406	Laspla
OG0005923_00	LOCUS3415	Laspla
OG0005924_00	LOCUS11915	Laspla
OG0005925_00	LOCUS11906-2	Laspla
OG0005926_00	LOCUS2755	Laspla
OG0005927_00	G6Z76_0014619	Acrcha
OG0005928_00	LOCUS7873	Laspla
OG0005929_00	LOCUS11025	Laspla
OG0005930_00	LOCUS7538	Laspla
OG0005931_00	LOCUS957	Laspla
OG0005932_00	LOCUS955	Laspla
OG0005933_00	G6Z76_0005216	Acrcha
OG0005934_00	LOCUS764-2	Laspla
OG0005935_00	G6Z76_0014372	Acrcha
OG0005936_00	G6Z76_0014374	Acrcha
OG0005937_00	LOCUS776	Laspla
OG0005938_00	G6Z76_0003167	Acrcha
OG0005939_00	LOCUS822	Laspla
OG0005940_00	LOCUS819	Laspla
OG0005941_00	G6Z76_0008113	Acrcha
OG0005942_00	G6Z76_0008086	Acrcha
OG0005943_00	LOCUS626	Laspla
OG0005944_00	LOCUS417	Laspla
OG0005945_00	LOCUS418	Laspla
OG0005946_00	LOCUS457	Laspla
OG0005947_00	LOCUS460	Laspla
OG0005948_00	LOCUS910	Laspla
OG0005949_00	G6Z76_0011392	Acrcha
OG0005950_00	LOCUS3659	Laspla
OG0005951_00	LOCUS3655	Laspla
OG0005952_00	LOCUS3546	Laspla
OG0005953_00	G6Z76_0007898	Acrcha
OG0005954_00	LOCUS7316	Laspla
OG0005955_00	LOCUS6106	Laspla
OG0005956_00	LOCUS12018	Laspla
OG0005957_00	LOCUS6907	Laspla
OG0005958_00	LOCUS3465	Laspla
OG0005959_00	G6Z76_0014498	Acrcha
OG0005960_00	G6Z76_0014500	Acrcha
OG0005961_00	G6Z76_0014504	Acrcha
OG0005962_00	LOCUS8277	Laspla
OG0005963_00	G6Z76_0014483	Acrcha
OG0005964_00	LOCUS4489	Laspla
OG0005965_00	LOCUS10726	Laspla
OG0005966_00	LOCUS4490	Laspla
OG0005967_00	LOCUS8264	Laspla
OG0005968_00	LOCUS10647	Laspla
OG0005969_00	LOCUS8257	Laspla
OG0005970_00	LOCUS8260	Laspla
OG0005971_00	LOCUS10748	Laspla
OG0005972_00	LOCUS10655	Laspla
OG0005973_00	LOCUS10700	Laspla
OG0005974_00	LOCUS10780	Laspla
OG0005975_00	LOCUS10799	Laspla
OG0005976_00	LOCUS11450	Laspla
OG0005977_00	LOCUS11443	Laspla
OG0005978_00	LOCUS11431	Laspla
OG0005979_00	LOCUS11416-4	Laspla
OG0005980_00	LOCUS2838	Laspla
OG0005981_00	LOCUS2872	Laspla
OG0005982_00	LOCUS9471	Laspla
OG0005983_00	LOCUS6926	Laspla
OG0005984_00	LOCUS12839	Laspla
OG0005985_00	LOCUS2879-2	Laspla
OG0005986_00	LOCUS2880	Laspla
OG0005987_00	LOCUS3353	Laspla
OG0005988_00	LOCUS5088	Laspla
OG0005989_00	LOCUS5077	Laspla
OG0005990_00	LOCUS5071	Laspla
OG0005991_00	LOCUS5235	Laspla
OG0005992_00	LOCUS5183	Laspla
OG0005993_00	LOCUS5154	Laspla
OG0005994_00	LOCUS6990	Laspla
OG0005995_00	LOCUS14709	Laspla
OG0005996_00	LOCUS14698	Laspla
OG0005997_00	LOCUS14703	Laspla
OG0005998_00	LOCUS14661	Laspla
OG0005999_00	LOCUS8326	Laspla
OG0006000_00	LOCUS5272	Laspla
OG0006001_00	G6Z76_0003037	Acrcha
OG0006002_00	LOCUS14527-2	Laspla
OG0006003_00	LOCUS1923	Laspla
OG0006004_00	G6Z76_0014579	Acrcha
OG0006005_00	G6Z76_0004542	Acrcha
OG0006006_00	LOCUS14650	Laspla
OG0006007_00	G6Z76_0004516	Acrcha
OG0006008_00	LOCUS5619	Laspla
OG0006009_00	LOCUS5616	Laspla
OG0006010_00	LOCUS5617-2	Laspla
OG0006011_00	G6Z77_0009747	Acrhey
OG0006012_00	LOCUS9372	Laspla
OG0006013_00	LOCUS121	Laspla
OG0006014_00	LOCUS9263	Laspla
OG0006015_00	LOCUS9333	Laspla
OG0006016_00	LOCUS8772-2	Laspla
OG0006017_00	LOCUS400	Laspla
OG0006018_00	LOCUS878	Laspla
OG0006019_00	LOCUS656	Laspla
OG0006020_00	LOCUS663	Laspla
OG0006021_00	G6Z76_0007523	Acrcha
OG0006022_00	LOCUS12662	Laspla
OG0006023_00	LOCUS10134	Laspla
OG0006024_00	LOCUS10397	Laspla
OG0006025_00	G6Z76_0011007	Acrcha
OG0006026_00	LOCUS13751	Laspla
OG0006027_00	LOCUS8093	Laspla
OG0006028_00	LOCUS8094	Laspla
OG0006029_00	LOCUS8503	Laspla
OG0006030_00	LOCUS2455	Laspla
OG0006031_00	LOCUS2596	Laspla
OG0006032_00	LOCUS2584-2	Laspla
OG0006033_00	LOCUS3268	Laspla
OG0006034_00	LOCUS3256	Laspla
OG0006035_00	LOCUS3234	Laspla
OG0006036_00	LOCUS6822	Laspla
OG0006037_00	LOCUS2155	Laspla
OG0006038_00	LOCUS10323	Laspla
OG0006039_00	G6Z76_0006469	Acrcha
OG0006040_00	LOCUS10370	Laspla
OG0006041_00	LOCUS2092	Laspla
OG0006042_00	G6Z76_0006421	Acrcha
OG0006043_00	LOCUS9025	Laspla
OG0006044_00	LOCUS9020-2	Laspla
OG0006045_00	LOCUS9019	Laspla
OG0006046_00	LOCUS9083	Laspla
OG0006047_00	LOCUS9148-2	Laspla
OG0006048_00	LOCUS8879	Laspla
OG0006049_00	LOCUS8866	Laspla
OG0006050_00	LOCUS8996	Laspla
OG0006051_00	G6Z76_0013251	Acrcha
OG0006052_00	LOCUS8940	Laspla
OG0006053_00	LOCUS8942	Laspla
OG0006054_00	LOCUS8937	Laspla
OG0006055_00	LOCUS8935	Laspla
OG0006056_00	LOCUS8919	Laspla
OG0006057_00	LOCUS8915	Laspla
OG0006058_00	LOCUS8913	Laspla
OG0006059_00	LOCUS8911	Laspla
OG0006060_00	LOCUS8907	Laspla
OG0006061_00	LOCUS8905	Laspla
OG0006062_00	LOCUS8976	Laspla
OG0006063_00	LOCUS9347	Laspla
OG0006064_00	LOCUS8891	Laspla
OG0006065_00	LOCUS8755	Laspla
OG0006066_00	LOCUS8678	Laspla
OG0006067_00	LOCUS9082	Laspla
OG0006068_00	LOCUS9117	Laspla
OG0006069_00	LOCUS8843	Laspla
OG0006070_00	LOCUS8661-2	Laspla
OG0006071_00	LOCUS8660	Laspla
OG0006072_00	LOCUS10058	Laspla
OG0006073_00	LOCUS9961-2	Laspla
OG0006074_00	G6Z76_0001705	Acrcha
OG0006075_00	LOCUS10009	Laspla
OG0006076_00	LOCUS10011	Laspla
OG0006077_00	LOCUS13909	Laspla
OG0006078_00	LOCUS13908	Laspla
OG0006079_00	LOCUS8497	Laspla
OG0006080_00	G6Z76_0001099	Acrcha
OG0006081_00	LOCUS9187	Laspla
OG0006082_00	LOCUS9186	Laspla
OG0006083_00	LOCUS11677	Laspla
OG0006084_00	LOCUS7179	Laspla
OG0006085_00	LOCUS14372	Laspla
OG0006086_00	LOCUS14357	Laspla
OG0006087_00	LOCUS14684	Laspla
OG0006088_00	LOCUS5258	Laspla
OG0006089_00	LOCUS5704	Laspla
OG0006090_00	LOCUS2669	Laspla
OG0006091_00	LOCUS2692	Laspla
OG0006092_00	LOCUS7336	Laspla
OG0006093_00	LOCUS14396-2	Laspla
OG0006094_00	LOCUS12207	Laspla
OG0006095_00	LOCUS12086	Laspla
OG0006096_00	G6Z76_0000958	Acrcha
OG0006097_00	LOCUS12453	Laspla
OG0006098_00	LOCUS12446	Laspla
OG0006099_00	LOCUS12418	Laspla
OG0006100_00	LOCUS12416	Laspla
OG0006101_00	LOCUS715	Laspla
OG0006102_00	LOCUS9964-2	Laspla
OG0006103_00	LOCUS2473	Laspla
OG0006104_00	LOCUS2569	Laspla
OG0006105_00	LOCUS5307	Laspla
OG0006106_00	LOCUS5306	Laspla
OG0006107_00	LOCUS2718	Laspla
OG0006108_00	LOCUS14446	Laspla
OG0006109_00	LOCUS7289	Laspla
OG0006110_00	LOCUS7276	Laspla
OG0006111_00	LOCUS7271	Laspla
OG0006112_00	LOCUS7159	Laspla
OG0006113_00	LOCUS5402	Laspla
OG0006114_00	LOCUS5444	Laspla
OG0006115_00	LOCUS7208	Laspla
OG0006116_00	LOCUS13924	Laspla
OG0006117_00	LOCUS3600	Laspla
OG0006118_00	LOCUS10094	Laspla
OG0006119_00	LOCUS5553	Laspla
OG0006120_00	LOCUS5548	Laspla
OG0006121_00	LOCUS5541	Laspla
OG0006122_00	LOCUS14675	Laspla
OG0006123_00	LOCUS14676	Laspla
OG0006124_00	LOCUS5506	Laspla
OG0006125_00	G6Z76_0006189	Acrcha
OG0006126_00	LOCUS5520	Laspla
OG0006127_00	G6Z76_0006199	Acrcha
OG0006128_00	LOCUS14667	Laspla
OG0006129_00	LOCUS12397	Laspla
OG0006130_00	G6Z76_0013620	Acrcha
OG0006131_00	LOCUS12143	Laspla
OG0006132_00	LOCUS12128	Laspla
OG0006133_00	G6Z76_0013903	Acrcha
OG0006134_00	LOCUS12183	Laspla
OG0006135_00	LOCUS3760	Laspla
OG0006136_00	LOCUS5903	Laspla
OG0006137_00	LOCUS5901	Laspla
OG0006138_00	LOCUS5899	Laspla
OG0006139_00	LOCUS5896	Laspla
OG0006140_00	LOCUS5877	Laspla
OG0006141_00	LOCUS5861	Laspla
OG0006142_00	LOCUS6840	Laspla
OG0006143_00	LOCUS6555	Laspla
OG0006144_00	LOCUS11704	Laspla
OG0006145_00	LOCUS4186	Laspla
OG0006146_00	LOCUS4206-2	Laspla
OG0006147_00	LOCUS4208	Laspla
OG0006148_00	G6Z76_0003551	Acrcha
OG0006149_00	LOCUS4302	Laspla
OG0006150_00	LOCUS3962	Laspla
OG0006151_00	LOCUS3939	Laspla
OG0006152_00	LOCUS3933	Laspla
OG0006153_00	LOCUS3931	Laspla
OG0006154_00	LOCUS4023	Laspla
OG0006155_00	LOCUS4053	Laspla
OG0006156_00	LOCUS4042	Laspla
OG0006157_00	LOCUS4037	Laspla
OG0006158_00	G6Z76_0011906	Acrcha
OG0006159_00	LOCUS4010	Laspla
OG0006160_00	LOCUS3870	Laspla
OG0006161_00	LOCUS3869	Laspla
OG0006162_00	LOCUS4074	Laspla
OG0006163_00	LOCUS4016	Laspla
OG0006164_00	LOCUS14057	Laspla
OG0006165_00	LOCUS13929	Laspla
OG0006166_00	LOCUS9499	Laspla
OG0006167_00	LOCUS13771	Laspla
OG0006168_00	G6Z76_0007655	Acrcha
OG0006170_00	LOCUS2336	Laspla
OG0006171_00	LOCUS10601	Laspla
OG0006172_00	LOCUS10598	Laspla
OG0006173_00	G6Z76_0002916	Acrcha
OG0006174_00	G6Z76_0002907	Acrcha
OG0006175_00	G6Z76_0002845	Acrcha
OG0006176_00	LOCUS2350	Laspla
OG0006177_00	HOX_domain_g06395_i4	Monpha
OG0006178_00	LOCUS9055	Laspla
OG0006179_00	LOCUS9067	Laspla
OG0006180_00	LOCUS4642	Laspla
OG0006181_00	LOCUS4682	Laspla
OG0006182_00	G6Z76_0003669	Acrcha
OG0006183_00	LOCUS12268	Laspla
OG0006184_00	LOCUS12266	Laspla
OG0006185_00	LOCUS12241	Laspla
OG0006186_00	LOCUS12238	Laspla
OG0006187_00	LOCUS12249	Laspla
OG0006188_00	LOCUS10209	Laspla
OG0006189_00	LOCUS2811	Laspla
OG0006190_00	LOCUS7090	Laspla
OG0006191_00	LOCUS1964	Laspla
OG0006192_00	LOCUS9511	Laspla
OG0006193_00	LOCUS7363	Laspla
OG0006194_00	LOCUS7342	Laspla
OG0006195_00	LOCUS13757	Laspla
OG0006196_00	LOCUS12586	Laspla
OG0006197_00	LOCUS12590	Laspla
OG0006198_00	G6Z76_0004186	Acrcha
OG0006199_00	LOCUS6949-2	Laspla
OG0006200_00	LOCUS3485	Laspla
OG0006201_00	LOCUS1118	Laspla
OG0006202_00	LOCUS1073	Laspla
OG0006203_00	LOCUS1023	Laspla
OG0006204_00	LOCUS1013	Laspla
OG0006205_00	G6Z76_0011598	Acrcha
OG0006206_00	LOCUS554	Laspla
OG0006207_00	LOCUS4603	Laspla
OG0006208_00	LOCUS4607	Laspla
OG0006209_00	LOCUS477	Laspla
OG0006210_00	LOCUS4693-2	Laspla
OG0006211_00	G6Z76_0005871	Acrcha
OG0006212_00	LOCUS3792	Laspla
OG0006213_00	G6Z76_0012793	Acrcha
OG0006214_00	LOCUS3777	Laspla
OG0006215_00	LOCUS5065	Laspla
OG0006216_00	LOCUS3736	Laspla
OG0006217_00	LOCUS3705	Laspla
OG0006218_00	LOCUS3692	Laspla
OG0006219_00	LOCUS3687	Laspla
OG0006220_00	LOCUS3683	Laspla
OG0006221_00	LOCUS3672	Laspla
OG0006222_00	LOCUS4970	Laspla
OG0006223_00	LOCUS7596	Laspla
OG0006224_00	G6Z76_0001471	Acrcha
OG0006225_00	LOCUS7623	Laspla
OG0006226_00	LOCUS7703	Laspla
OG0006227_00	LOCUS7771	Laspla
OG0006228_00	LOCUS7515	Laspla
OG0006229_00	G6Z76_0001185	Acrcha
OG0006230_00	LOCUS128	Laspla
OG0006231_00	LOCUS148	Laspla
OG0006232_00	LOCUS11996	Laspla
OG0006233_00	LOCUS6568	Laspla
OG0006234_00	LOCUS38	Laspla
OG0006235_00	LOCUS12742	Laspla
OG0006236_00	LOCUS11057	Laspla
OG0006237_00	LOCUS11113	Laspla
OG0006238_00	LOCUS10850	Laspla
OG0006239_00	LOCUS10830	Laspla
OG0006240_00	LOCUS10827	Laspla
OG0006241_00	LOCUS11384	Laspla
OG0006242_00	LOCUS11367	Laspla
OG0006243_00	LOCUS11332	Laspla
OG0006244_00	LOCUS11330	Laspla
OG0006245_00	LOCUS11111	Laspla
OG0006246_00	LOCUS10975	Laspla
OG0006247_00	LOCUS10956	Laspla
OG0006248_00	LOCUS10933	Laspla
OG0006249_00	LOCUS10910	Laspla
OG0006250_00	LOCUS11173	Laspla
OG0006251_00	G6Z76_0002011	Acrcha
OG0006252_00	LOCUS14408	Laspla
OG0006253_00	LOCUS14411	Laspla
OG0006254_00	LOCUS14415	Laspla
OG0006255_00	LOCUS14417	Laspla
OG0006256_00	G6Z76_0009157	Acrcha
OG0006257_00	LOCUS2108	Laspla
OG0006258_00	LOCUS6517	Laspla
OG0006259_00	LOCUS6151	Laspla
OG0006260_00	LOCUS6150	Laspla
OG0006261_00	LOCUS1190	Laspla
OG0006262_00	LOCUS14627	Laspla
OG0006263_00	LOCUS14623	Laspla
OG0006264_00	LOCUS14622	Laspla
OG0006265_00	LOCUS1898-2	Laspla
OG0006266_00	LOCUS14544-2	Laspla
OG0006267_00	LOCUS13044-2	Laspla
OG0006268_00	LOCUS13037	Laspla
OG0006269_00	LOCUS3602	Laspla
OG0006270_00	LOCUS12119	Laspla
OG0006271_00	LOCUS8451	Laspla
OG0006272_00	LOCUS8453	Laspla
OG0006273_00	G6Z76_0004860	Acrcha
OG0006274_00	LOCUS8427	Laspla
OG0006275_00	G6Z76_0004876	Acrcha
OG0006276_00	LOCUS10500	Laspla
OG0006277_00	LOCUS10495	Laspla
OG0006278_00	LOCUS2055	Laspla
OG0006279_00	LOCUS2047	Laspla
OG0006280_00	G6Z76_0003900	Acrcha
OG0006281_00	LOCUS8415	Laspla
OG0006282_00	G6Z76_0005056	Acrcha
OG0006283_00	LOCUS10552	Laspla
OG0006284_00	LOCUS10539	Laspla
OG0006285_00	LOCUS10537	Laspla
OG0006286_00	LOCUS10534	Laspla
OG0006287_00	G6Z76_0000384	Acrcha
OG0006288_00	LOCUS10219	Laspla
OG0006289_00	LOCUS10486	Laspla
OG0006290_00	G6Z76_0004916	Acrcha
OG0006291_00	LOCUS9940-2	Laspla
OG0006292_00	G6Z76_0004942	Acrcha
OG0006293_00	LOCUS1994	Laspla
OG0006294_00	LOCUS1997	Laspla
OG0006295_00	LOCUS2196	Laspla
OG0006296_00	LOCUS2194	Laspla
OG0006297_00	LOCUS9950	Laspla
OG0006298_00	LOCUS7988	Laspla
OG0006299_00	G6Z76_0013515	Acrcha
OG0006300_00	LOCUS13792	Laspla
OG0006301_00	LOCUS3621	Laspla
OG0006302_00	LOCUS3625	Laspla
OG0006303_00	LOCUS3647	Laspla
OG0006304_00	LOCUS3650	Laspla
OG0006305_00	LOCUS12045	Laspla
OG0006306_00	LOCUS12039	Laspla
OG0006307_00	LOCUS7668	Laspla
OG0006308_00	LOCUS13284	Laspla
OG0006309_00	LOCUS6356	Laspla
OG0006310_00	LOCUS6365	Laspla
OG0006311_00	LOCUS6482	Laspla
OG0006312_00	LOCUS6485-2	Laspla
OG0006313_00	LOCUS8688	Laspla
OG0006314_00	LOCUS8686	Laspla
OG0006315_00	LOCUS9385	Laspla
OG0006316_00	LOCUS277	Laspla
OG0006317_00	LOCUS9542	Laspla
OG0006318_00	LOCUS11776	Laspla
OG0006319_00	G6Z76_0009762	Acrcha
OG0006320_00	LOCUS8238	Laspla
OG0006321_00	LOCUS8234	Laspla
OG0006322_00	LOCUS8222	Laspla
OG0006323_00	LOCUS8553	Laspla
OG0006324_00	LOCUS8521	Laspla
OG0006325_00	G6Z76_0009673	Acrcha
OG0006326_00	LOCUS8028	Laspla
OG0006327_00	LOCUS8402	Laspla
OG0006328_00	LOCUS8011	Laspla
OG0006329_00	G6Z76_0008903	Acrcha
OG0006330_00	LOCUS7936	Laspla
OG0006331_00	LOCUS12005	Laspla
OG0006332_00	LOCUS3585	Laspla
OG0006333_00	Alpha_beta_hydrolase_fold-1_g09290_i1	Acafer
OG0006334_00	LOCUS2780	Laspla
OG0006335_00	LOCUS1975	Laspla
OG0006336_00	LOCUS7616	Laspla
OG0006337_00	Carboxylesterase_type_B_g06558_i1	Acafer
OG0006338_00	LOCUS6539	Laspla
OG0006339_00	LOCUS12981	Laspla
OG0006340_00	LOCUS770	Laspla
OG0006341_00	LOCUS12615	Laspla
OG0006342_00	LOCUS10918	Laspla
OG0006343_00	LOCUS11054	Laspla
OG0006344_00	Cytochrome_P450_g10763_i1	Acafer
OG0006345_00	Glutathione_S-transferases_g09598_i1	Acafer
OG0006346_00	HOX_domain_g00165_i1	Acafer
OG0006347_00	HOX_domain_g06544_i1	Acafer
OG0006348_00	HOX_domain_g09001_i1	Acafer
OG0006349_00	HOX_domain_g09576_i1	Acafer
OG0006350_00	LOCUS6486	Laspla
OG0006351_00	LOCUS12987	Laspla
OG0006352_00	LOCUS12612	Laspla
OG0006353_00	LOCUS10081	Laspla
OG0006354_00	MBT_g07762_i1	Acafer
OG0006355_00	PHD_finger_g13335_i1	Acafer
OG0006356_00	Peptidase_C14_ICE_catalytic_subunit_p20_g09698_i1	Acafer
OG0006357_00	Peptidase_C2_calpain_g14215_i1	Acafer
OG0006358_00	Peptidase_M1_membrane_alanine_aminopeptidase_N-terminal_g02359_i1	Acafer
OG0006359_00	Peptidase_M28_g00571_i1	Acafer
OG0006360_00	Peptidase_M28_g15724_i1	Acafer
OG0006361_00	Peptidase_S1C_HrtA_DegP2_Q_S_g03174_i1	Acafer
OG0006362_00	Peptidase_S9_prolyl_oligopeptidase_catalytic_domain_g14926_i1	Acroct
OG0006363_00	Peptidase_T2_asparaginase_2_g13449_i1	Acafer
OG0006364_00	LOCUS13622	Laspla
OG0006365_00	LOCUS778	Laspla
OG0006366_00	LOCUS9963	Laspla
OG0006367_00	polyketide_synthase_enoylreductase_domain_g00885_i1	Acafer
OG0006368_00	polyketide_synthase_enoylreductase_domain_g11264_i3	Acafer
OG0006369_00	LOCUS10501-2	Laspla
OG0006370_00	virilizer_g15224_i1	Acafer
OG0006371_00	LOCUS9237	Laspla
OG0006372_00	LOCUS5847	Laspla
OG0006373_00	LOCUS10057-2	Laspla
OG0006374_00	LOCUS13967	Laspla
OG0006375_00	LOCUS13972-2	Laspla
OG0006376_00	LOCUS13971	Laspla
OG0006378_00	LOCUS527	Laspla
OG0006379_00	G6Z76_0012233	Acrcha
OG0006380_00	G6Z76_0009678	Acrcha
OG0006381_00	LOCUS11291	Laspla
OG0006382_00	LOCUS13797	Laspla
OG0006383_00	G6Z76_0000791	Acrcha
OG0006384_00	LOCUS12254	Laspla
OG0006385_00	LOCUS12830	Laspla
OG0006386_00	LOCUS14419	Laspla
OG0006387_00	HOX_domain_g08104_i2	Acafer
OG0006388_00	LOCUS13938	Laspla
OG0006389_00	LOCUS12836	Laspla
OG0006390_00	ACFW04_008703	Catnig
OG0006391_00	LOCUS7037	Laspla
OG0006392_00	Peptidase_S1_S6_chymotrypsin_Hap_g07922_i1	Acafer
OG0006393_00	LOCUS3246	Laspla
OG0006394_00	Notch_g13513_i1	Acafer
OG0006395_00	LOCUS12340	Laspla
OG0006396_00	G6Z76_0003196	Acrcha
OG0006397_00	G6Z76_0006699	Acrcha
OG0006398_00	G6Z76_0007162	Acrcha
OG0006399_00	LOCUS10619	Laspla
OG0006400_00	LOCUS3381-4	Laspla
OG0006401_00	LOCUS887	Laspla
OG0006402_00	LOCUS10995	Laspla
OG0006403_00	LOCUS11836	Laspla
OG0006404_00	LOCUS8689	Laspla
OG0006405_00	LOCUS9262	Laspla
OG0006406_00	LOCUS9265	Laspla
OG0006407_00	LOCUS5577	Laspla
OG0006408_00	LOCUS10036	Laspla
OG0006409_00	LOCUS14441	Laspla
OG0006410_00	LOCUS7928	Laspla
OG0006411_00	LOCUS4130	Laspla
OG0006412_00	LOCUS6157	Laspla
OG0006413_00	LOCUS6159	Laspla
OG0006414_00	LOCUS10451-2	Laspla
OG0006415_00	G6Z76_0002217	Acrcha
OG0006416_00	LOCUS177-2	Laspla
OG0006417_00	LOCUS6325	Laspla
OG0006418_00	LOCUS12534	Laspla
OG0006419_00	G6Z76_0004951	Acrcha
OG0006420_00	G6Z76_0003183	Acrcha
OG0006421_00	LOCUS11900	Laspla
OG0006422_00	G6Z77_0003579	Acrhey
OG0006423_00	LOCUS8799	Laspla
OG0006424_00	LOCUS11991	Laspla
OG0006425_00	G6Z76_0014195	Acrcha
OG0006426_00	G6Z76_0009424	Acrcha
OG0006427_00	HOX_domain_g07888_i1	Monpha
OG0006428_00	LOCUS983	Laspla
OG0006429_00	LOCUS979	Laspla
OG0006430_00	LOCUS8065	Laspla
OG0006431_00	G6Z76_0005828	Acrcha
OG0006432_00	LOCUS5629	Laspla
OG0006433_00	LOCUS5425	Laspla
OG0006434_00	LOCUS14451	Laspla
OG0006435_00	LOCUS3005	Laspla
OG0006436_00	LOCUS13055-2	Laspla
OG0006437_00	LOCUS422	Laspla
OG0006438_00	LOCUS9208	Laspla
OG0006439_00	LOCUS12137	Laspla
OG0006440_00	LOCUS2557	Laspla
OG0006441_00	LOCUS6595	Laspla
OG0006442_00	LOCUS12762	Laspla
OG0006443_00	LOCUS6215-3	Laspla
OG0006444_00	LOCUS846	Laspla
OG0006445_00	LOCUS424	Laspla
OG0006446_00	LOCUS4491	Laspla
OG0006447_00	G6Z76_0000458	Acrcha
OG0006448_00	G6Z76_0006255	Acrcha
OG0006449_00	LOCUS5461	Laspla
OG0006450_00	LOCUS12783	Laspla
OG0006451_00	LOCUS8091	Laspla
OG0006452_00	LOCUS2600	Laspla
OG0006453_00	LOCUS12464	Laspla
OG0006454_00	LOCUS14669	Laspla
OG0006455_00	G6Z76_0003403	Acrcha
OG0006456_00	LOCUS10742	Laspla
OG0006457_00	Peptidase_M24_structural_domain_g00860_i1	Acafer
OG0006458_00	LOCUS13177	Laspla
OG0006459_00	LOCUS6802	Laspla
OG0006460_00	G6Z76_0003624	Acrcha
OG0006461_00	LOCUS3571-2	Laspla
OG0006462_00	LOCUS6228	Laspla
OG0006463_00	LOCUS13426	Laspla
OG0006464_00	LOCUS13268	Laspla
OG0006465_00	LOCUS2941	Laspla
OG0006466_00	G6Z76_0006592	Acrcha
OG0006467_00	LOCUS334	Laspla
OG0006468_00	LOCUS7014	Laspla
OG0006469_00	LOCUS2881	Laspla
OG0006470_00	LOCUS14637	Laspla
OG0006471_00	LOCUS7073	Laspla
OG0006472_00	LOCUS9258	Laspla
OG0006473_00	G6Z76_0005439	Acrcha
OG0006474_00	LOCUS4126	Laspla
OG0006475_00	LOCUS13800	Laspla
OG0006476_00	LOCUS8828	Laspla
OG0006477_00	G6Z76_0012732	Acrcha
OG0006478_00	LOCUS7770	Laspla
OG0006479_00	LOCUS13953	Laspla
OG0006480_00	LOCUS14401	Laspla
OG0006481_00	LOCUS2749	Laspla
OG0006482_00	LOCUS11036	Laspla
OG0006483_00	LOCUS4999	Laspla
OG0006484_00	LOCUS10372	Laspla
OG0006485_00	LOCUS3126	Laspla
OG0006486_00	LOCUS13251-2	Laspla
OG0006487_00	Hsp90_100_g13285_i2	Acafer
OG0006488_00	Chromo-domain_g07800_i1	Dinqua
OG0006489_00	Peptidase_C19_ubiquitin_carboxyl-terminal_hydrolase_2_g11633_i1	Acafer
OG0006490_00	Peptidase_S8_S53_subtilisin_kexin_sedolisin_g17400_i1	Acafer
OG0006491_00	LOCUS462	Laspla
OG0006492_00	G6Z76_0001436	Acrcha
OG0006493_00	LOCUS6643	Laspla
OG0006494_00	LOCUS3436	Laspla
OG0006495_00	LOCUS3169	Laspla
OG0006496_00	LOCUS3104	Laspla
OG0006497_00	LOCUS3093	Laspla
OG0006498_00	G6Z76_0003651	Acrcha
OG0006499_00	LOCUS13653	Laspla
OG0006500_00	LOCUS12995	Laspla
OG0006501_00	LOCUS13392	Laspla
OG0006502_00	LOCUS13409-4	Laspla
OG0006503_00	LOCUS13455	Laspla
OG0006504_00	LOCUS13713	Laspla
OG0006505_00	LOCUS12530	Laspla
OG0006506_00	LOCUS2957	Laspla
OG0006507_00	LOCUS5139	Laspla
OG0006508_00	LOCUS1239	Laspla
OG0006509_00	LOCUS13027	Laspla
OG0006510_00	LOCUS11907	Laspla
OG0006511_00	LOCUS2754	Laspla
OG0006512_00	LOCUS7820	Laspla
OG0006513_00	LOCUS926	Laspla
OG0006514_00	LOCUS760	Laspla
OG0006515_00	LOCUS810-2	Laspla
OG0006516_00	LOCUS980	Laspla
OG0006517_00	LOCUS984	Laspla
OG0006518_00	LOCUS11012	Laspla
OG0006519_00	LOCUS7763	Laspla
OG0006520_00	LOCUS10707	Laspla
OG0006521_00	G6Z76_0010347	Acrcha
OG0006522_00	LOCUS2882	Laspla
OG0006523_00	LOCUS7108	Laspla
OG0006524_00	G6Z76_0008182	Acrcha
OG0006525_00	LOCUS1147	Laspla
OG0006526_00	LOCUS1170	Laspla
OG0006527_00	LOCUS5912	Laspla
OG0006528_00	LOCUS1924	Laspla
OG0006529_00	LOCUS1927	Laspla
OG0006530_00	LOCUS10584	Laspla
OG0006531_00	LOCUS5648	Laspla
OG0006532_00	LOCUS5633	Laspla
OG0006533_00	LOCUS8565	Laspla
OG0006534_00	LOCUS9259	Laspla
OG0006535_00	LOCUS12800	Laspla
OG0006536_00	LOCUS3286-2	Laspla
OG0006537_00	LOCUS3276	Laspla
OG0006538_00	LOCUS9021-2	Laspla
OG0006539_00	LOCUS9085	Laspla
OG0006540_00	LOCUS8628	Laspla
OG0006541_00	LOCUS8624	Laspla
OG0006542_00	LOCUS10083	Laspla
OG0006543_00	LOCUS2686	Laspla
OG0006544_00	LOCUS12216	Laspla
OG0006545_00	LOCUS12510	Laspla
OG0006546_00	G6Z76_0002705	Acrcha
OG0006547_00	LOCUS5300	Laspla
OG0006548_00	LOCUS5445	Laspla
OG0006549_00	LOCUS10583	Laspla
OG0006550_00	LOCUS7185	Laspla
OG0006551_00	LOCUS7207	Laspla
OG0006552_00	LOCUS14095	Laspla
OG0006553_00	LOCUS14096	Laspla
OG0006554_00	G6Z76_0006131	Acrcha
OG0006555_00	LOCUS12380	Laspla
OG0006556_00	LOCUS12124	Laspla
OG0006557_00	G6Z76_0006749	Acrcha
OG0006558_00	LOCUS5866	Laspla
OG0006559_00	G6Z77_0000357	Acrhey
OG0006560_00	LOCUS6825	Laspla
OG0006561_00	LOCUS7115	Laspla
OG0006562_00	LOCUS9073	Laspla
OG0006563_00	LOCUS6962	Laspla
OG0006564_00	LOCUS12270	Laspla
OG0006565_00	LOCUS12284	Laspla
OG0006566_00	LOCUS5100	Laspla
OG0006567_00	LOCUS488	Laspla
OG0006568_00	LOCUS3769	Laspla
OG0006569_00	LOCUS3693	Laspla
OG0006570_00	LOCUS3831-2	Laspla
OG0006571_00	LOCUS3816	Laspla
OG0006572_00	G6Z76_0012734	Acrcha
OG0006573_00	G6Z76_0012733	Acrcha
OG0006574_00	G6Z76_0012731	Acrcha
OG0006575_00	G6Z76_0012730	Acrcha
OG0006576_00	LOCUS3808	Laspla
OG0006577_00	LOCUS3798	Laspla
OG0006578_00	LOCUS5070	Laspla
OG0006579_00	LOCUS14002	Laspla
OG0006580_00	LOCUS13857	Laspla
OG0006581_00	LOCUS13976	Laspla
OG0006582_00	LOCUS35	Laspla
OG0006583_00	LOCUS40	Laspla
OG0006584_00	LOCUS12778	Laspla
OG0006585_00	LOCUS10828	Laspla
OG0006586_00	LOCUS14628	Laspla
OG0006587_00	LOCUS12121	Laspla
OG0006588_00	LOCUS10484	Laspla
OG0006589_00	LOCUS10424	Laspla
OG0006590_00	LOCUS7054	Laspla
OG0006591_00	LOCUS7996	Laspla
OG0006592_00	LOCUS7670	Laspla
OG0006593_00	LOCUS13280	Laspla
OG0006594_00	LOCUS286	Laspla
OG0006595_00	LOCUS2015	Laspla
OG0006596_00	LOCUS8055	Laspla
OG0006597_00	LOCUS8003-2	Laspla
OG0006598_00	Ankyrin_g00482_i1	Acafer
OG0006599_00	LOCUS766	Laspla
OG0006600_00	Peptidase_C19_ubiquitin_carboxyl-terminal_hydrolase_2_g15674_i1	Acafer
OG0006601_00	LOCUS801	Laspla
OG0006602_00	LOCUS9363	Laspla
OG0006603_00	LOCUS6796	Laspla
OG0006604_00	LOCUS6422	Laspla
OG0006605_00	G6Z76_0005586	Acrcha
OG0006606_00	LOCUS6633-2	Laspla
OG0006607_00	LOCUS6651	Laspla
OG0006608_00	LOCUS6769	Laspla
OG0006609_00	G6Z76_0012231	Acrcha
OG0006610_00	G6Z76_0012229	Acrcha
OG0006611_00	LOCUS6735	Laspla
OG0006612_00	LOCUS6327	Laspla
OG0006613_00	LOCUS6460	Laspla
OG0006614_00	LOCUS6533	Laspla
OG0006615_00	LOCUS6299	Laspla
OG0006616_00	LOCUS6284	Laspla
OG0006617_00	LOCUS6490	Laspla
OG0006618_00	LOCUS6507	Laspla
OG0006619_00	LOCUS6611	Laspla
OG0006620_00	LOCUS6605	Laspla
OG0006621_00	LOCUS8333	Laspla
OG0006622_00	LOCUS8335	Laspla
OG0006623_00	LOCUS8339	Laspla
OG0006624_00	LOCUS3298	Laspla
OG0006625_00	LOCUS3299	Laspla
OG0006626_00	LOCUS3300	Laspla
OG0006627_00	LOCUS3116	Laspla
OG0006628_00	LOCUS3114	Laspla
OG0006629_00	LOCUS3200	Laspla
OG0006630_00	LOCUS3182	Laspla
OG0006631_00	LOCUS3083	Laspla
OG0006632_00	LOCUS3120	Laspla
OG0006633_00	LOCUS3122	Laspla
OG0006634_00	LOCUS7038	Laspla
OG0006635_00	LOCUS7035	Laspla
OG0006636_00	LOCUS3230	Laspla
OG0006637_00	LOCUS7749-2	Laspla
OG0006638_00	G6Z76_0001556	Acrcha
OG0006639_00	LOCUS7694	Laspla
OG0006640_00	LOCUS10659	Laspla
OG0006641_00	LOCUS11262	Laspla
OG0006642_00	LOCUS11279	Laspla
OG0006643_00	G6Z76_0013448	Acrcha
OG0006644_00	LOCUS11400	Laspla
OG0006645_00	LOCUS7448	Laspla
OG0006646_00	LOCUS12763	Laspla
OG0006647_00	LOCUS3575	Laspla
OG0006648_00	G6Z76_0008404	Acrcha
OG0006649_00	LOCUS4708	Laspla
OG0006650_00	G6Z76_0009848	Acrcha
OG0006651_00	LOCUS6020	Laspla
OG0006652_00	LOCUS6023	Laspla
OG0006653_00	LOCUS6025	Laspla
OG0006654_00	LOCUS6054	Laspla
OG0006655_00	LOCUS6065-2	Laspla
OG0006656_00	LOCUS6066	Laspla
OG0006657_00	LOCUS6211	Laspla
OG0006658_00	LOCUS6259	Laspla
OG0006659_00	LOCUS6133	Laspla
OG0006660_00	G6Z76_0014642	Acrcha
OG0006661_00	LOCUS9515	Laspla
OG0006662_00	LOCUS2322	Laspla
OG0006663_00	G6Z76_0013822	Acrcha
OG0006664_00	G6Z76_0013823	Acrcha
OG0006665_00	LOCUS13654	Laspla
OG0006666_00	LOCUS13634	Laspla
OG0006667_00	LOCUS13075	Laspla
OG0006668_00	LOCUS13381	Laspla
OG0006669_00	LOCUS13382	Laspla
OG0006670_00	LOCUS13416	Laspla
OG0006671_00	G6Z76_0002428	Acrcha
OG0006672_00	LOCUS12973-2	Laspla
OG0006673_00	LOCUS12989	Laspla
OG0006674_00	LOCUS12991	Laspla
OG0006675_00	LOCUS13596	Laspla
OG0006676_00	LOCUS13095	Laspla
OG0006677_00	LOCUS13267	Laspla
OG0006678_00	Peptidase_S1_S6_chymotrypsin_Hap_g10958_i2	Parcla
OG0006679_00	LOCUS13234	Laspla
OG0006680_00	LOCUS13245	Laspla
OG0006681_00	LOCUS13254	Laspla
OG0006682_00	LOCUS13255	Laspla
OG0006683_00	LOCUS2763	Laspla
OG0006684_00	G6Z76_0014557	Acrcha
OG0006685_00	LOCUS13111-2	Laspla
OG0006686_00	G6Z76_0001266	Acrcha
OG0006687_00	LOCUS12345	Laspla
OG0006688_00	G6Z77_0011939	Acrhey
OG0006689_00	LOCUS14074	Laspla
OG0006690_00	LOCUS1204	Laspla
OG0006691_00	G6Z76_0008191	Acrcha
OG0006692_00	LOCUS14565	Laspla
OG0006693_00	G6Z76_0000604	Acrcha
OG0006694_00	LOCUS1289	Laspla
OG0006695_00	G6Z76_0000598	Acrcha
OG0006696_00	LOCUS1254	Laspla
OG0006697_00	LOCUS1245	Laspla
OG0006698_00	LOCUS1238	Laspla
OG0006699_00	LOCUS1230	Laspla
OG0006700_00	LOCUS1227	Laspla
OG0006701_00	LOCUS10863	Laspla
OG0006702_00	LOCUS13210	Laspla
OG0006703_00	LOCUS13206	Laspla
OG0006704_00	LOCUS13205-2	Laspla
OG0006705_00	G6Z76_0002296	Acrcha
OG0006706_00	LOCUS13204	Laspla
OG0006707_00	LOCUS13627	Laspla
OG0006708_00	LOCUS13171	Laspla
OG0006709_00	LOCUS13506-2	Laspla
OG0006710_00	LOCUS13525	Laspla
OG0006711_00	LOCUS13526	Laspla
OG0006712_00	LOCUS13527	Laspla
OG0006713_00	LOCUS7644	Laspla
OG0006714_00	LOCUS3362	Laspla
OG0006715_00	G6Z76_0006698	Acrcha
OG0006716_00	LOCUS2756	Laspla
OG0006717_00	G6Z76_0005174	Acrcha
OG0006718_00	LOCUS7868	Laspla
OG0006719_00	LOCUS11033	Laspla
OG0006720_00	LOCUS11032	Laspla
OG0006721_00	LOCUS954	Laspla
OG0006722_00	G6Z76_0005219	Acrcha
OG0006723_00	LOCUS743	Laspla
OG0006724_00	G6Z76_0014371	Acrcha
OG0006725_00	LOCUS847	Laspla
OG0006726_00	LOCUS850	Laspla
OG0006727_00	G6Z76_0003129	Acrcha
OG0006728_00	LOCUS788	Laspla
OG0006729_00	G6Z76_0008112	Acrcha
OG0006730_00	LOCUS831	Laspla
OG0006731_00	LOCUS413	Laspla
OG0006732_00	LOCUS2665	Laspla
OG0006733_00	LOCUS2659	Laspla
OG0006734_00	LOCUS12016	Laspla
OG0006735_00	LOCUS9466	Laspla
OG0006736_00	LOCUS6898	Laspla
OG0006737_00	LOCUS6899	Laspla
OG0006738_00	LOCUS6906	Laspla
OG0006739_00	G6Z76_0014501	Acrcha
OG0006740_00	G6Z76_0014482	Acrcha
OG0006741_00	G6Z76_0014480	Acrcha
OG0006742_00	LOCUS4081	Laspla
OG0006743_00	G6Z76_0006590	Acrcha
OG0006744_00	LOCUS10702	Laspla
OG0006745_00	LOCUS10699	Laspla
OG0006746_00	G6Z76_0000804	Acrcha
OG0006747_00	LOCUS11432	Laspla
OG0006748_00	LOCUS2821	Laspla
OG0006749_00	LOCUS2827	Laspla
OG0006750_00	LOCUS2863	Laspla
OG0006751_00	G6Z76_0006635	Acrcha
OG0006752_00	LOCUS5087	Laspla
OG0006753_00	LOCUS1276	Laspla
OG0006754_00	LOCUS1155	Laspla
OG0006755_00	LOCUS14699	Laspla
OG0006756_00	LOCUS14702	Laspla
OG0006757_00	LOCUS5913	Laspla
OG0006758_00	LOCUS8299	Laspla
OG0006759_00	LOCUS5615	Laspla
OG0006760_00	LOCUS14550	Laspla
OG0006761_00	LOCUS14556-2	Laspla
OG0006762_00	LOCUS7234	Laspla
OG0006763_00	LOCUS14528	Laspla
OG0006764_00	G6Z76_0003054	Acrcha
OG0006765_00	G6Z76_0006264	Acrcha
OG0006766_00	LOCUS6934	Laspla
OG0006767_00	LOCUS5496	Laspla
OG0006768_00	LOCUS1185	Laspla
OG0006769_00	LOCUS1178	Laspla
OG0006770_00	LOCUS14605-2	Laspla
OG0006771_00	LOCUS11019	Laspla
OG0006772_00	LOCUS8566-2	Laspla
OG0006773_00	LOCUS8745	Laspla
OG0006774_00	LOCUS8744	Laspla
OG0006775_00	LOCUS8742	Laspla
OG0006776_00	LOCUS8735	Laspla
OG0006777_00	LOCUS8726	Laspla
OG0006778_00	LOCUS8721	Laspla
OG0006779_00	G6Z76_0004129	Acrcha
OG0006780_00	LOCUS9329	Laspla
OG0006781_00	LOCUS396	Laspla
OG0006782_00	LOCUS643	Laspla
OG0006783_00	LOCUS11004	Laspla
OG0006784_00	LOCUS175	Laspla
OG0006785_00	LOCUS198	Laspla
OG0006786_00	G6Z76_0007499	Acrcha
OG0006787_00	G6Z76_0007524	Acrcha
OG0006788_00	G6Z76_0007528	Acrcha
OG0006789_00	LOCUS12653	Laspla
OG0006790_00	LOCUS12651	Laspla
OG0006791_00	LOCUS8081	Laspla
OG0006792_00	LOCUS8090-2	Laspla
OG0006793_00	LOCUS8092	Laspla
OG0006794_00	LOCUS2456	Laspla
OG0006795_00	LOCUS2970-2	Laspla
OG0006796_00	LOCUS2976	Laspla
OG0006797_00	LOCUS2993	Laspla
OG0006798_00	LOCUS3283	Laspla
OG0006799_00	LOCUS3257	Laspla
OG0006800_00	LOCUS6378	Laspla
OG0006801_00	G6Z76_0010845	Acrcha
OG0006802_00	LOCUS6691	Laspla
OG0006803_00	LOCUS6670	Laspla
OG0006804_00	LOCUS10351	Laspla
OG0006805_00	LOCUS9024	Laspla
OG0006806_00	LOCUS9084	Laspla
OG0006807_00	LOCUS9141	Laspla
OG0006808_00	LOCUS8869	Laspla
OG0006809_00	G6Z76_0013257	Acrcha
OG0006810_00	LOCUS8944	Laspla
OG0006811_00	LOCUS8918	Laspla
OG0006812_00	LOCUS8914	Laspla
OG0006813_00	LOCUS8902	Laspla
OG0006814_00	LOCUS8895	Laspla
OG0006815_00	LOCUS8975	Laspla
OG0006816_00	LOCUS9351	Laspla
OG0006817_00	LOCUS8765	Laspla
OG0006818_00	LOCUS8758	Laspla
OG0006819_00	LOCUS8677	Laspla
OG0006820_00	LOCUS9380	Laspla
OG0006821_00	G6Z76_0005355	Acrcha
OG0006822_00	LOCUS8711	Laspla
OG0006823_00	LOCUS8786	Laspla
OG0006824_00	LOCUS8796	Laspla
OG0006825_00	LOCUS8664	Laspla
OG0006826_00	acyl_carrier_protein_domain_g12319_i2	Polill
OG0006827_00	LOCUS2145	Laspla
OG0006828_00	LOCUS10023	Laspla
OG0006829_00	LOCUS10054	Laspla
OG0006830_00	LOCUS13818	Laspla
OG0006831_00	G6Z76_0009273	Acrcha
OG0006832_00	LOCUS13906	Laspla
OG0006833_00	LOCUS13780	Laspla
OG0006834_00	LOCUS8567	Laspla
OG0006835_00	LOCUS9211	Laspla
OG0006836_00	LOCUS9205	Laspla
OG0006837_00	LOCUS9190	Laspla
OG0006838_00	LOCUS2636	Laspla
OG0006839_00	LOCUS14385	Laspla
OG0006840_00	LOCUS14363	Laspla
OG0006841_00	LOCUS14685	Laspla
OG0006842_00	LOCUS2555	Laspla
OG0006843_00	LOCUS2549	Laspla
OG0006844_00	LOCUS2547	Laspla
OG0006845_00	LOCUS4141	Laspla
OG0006846_00	LOCUS4119	Laspla
OG0006847_00	LOCUS2689	Laspla
OG0006848_00	LOCUS2698	Laspla
OG0006849_00	G6Z76_0003027	Acrcha
OG0006850_00	LOCUS13917	Laspla
OG0006851_00	LOCUS227	Laspla
OG0006852_00	LOCUS9398-2	Laspla
OG0006853_00	LOCUS12209	Laspla
OG0006854_00	LOCUS12295	Laspla
OG0006855_00	LOCUS12293	Laspla
OG0006856_00	LOCUS12079	Laspla
OG0006857_00	G6Z76_0014323	Acrcha
OG0006858_00	LOCUS2492	Laspla
OG0006859_00	LOCUS2508	Laspla
OG0006860_00	LOCUS2515	Laspla
OG0006861_00	LOCUS2250	Laspla
OG0006862_00	LOCUS2324	Laspla
OG0006863_00	LOCUS5341	Laspla
OG0006864_00	LOCUS5327	Laspla
OG0006865_00	LOCUS14439	Laspla
OG0006866_00	LOCUS14460	Laspla
OG0006867_00	LOCUS14427	Laspla
OG0006868_00	LOCUS7147	Laspla
OG0006869_00	LOCUS7151	Laspla
OG0006870_00	LOCUS7156	Laspla
OG0006871_00	LOCUS5406	Laspla
OG0006872_00	LOCUS2625	Laspla
OG0006873_00	LOCUS9563	Laspla
OG0006874_00	G6Z76_0007992	Acrcha
OG0006875_00	G6Z76_0006134	Acrcha
OG0006876_00	LOCUS5534	Laspla
OG0006877_00	LOCUS5528	Laspla
OG0006878_00	LOCUS1914	Laspla
OG0006879_00	LOCUS5509	Laspla
OG0006880_00	G6Z76_0006190	Acrcha
OG0006881_00	LOCUS12875	Laspla
OG0006882_00	LOCUS9558	Laspla
OG0006883_00	LOCUS12385	Laspla
OG0006884_00	LOCUS12159	Laspla
OG0006885_00	LOCUS12167	Laspla
OG0006886_00	LOCUS12153	Laspla
OG0006887_00	LOCUS12156	Laspla
OG0006888_00	LOCUS12157	Laspla
OG0006889_00	LOCUS12828	Laspla
OG0006890_00	LOCUS5895	Laspla
OG0006891_00	LOCUS5884	Laspla
OG0006892_00	LOCUS5873	Laspla
OG0006893_00	LOCUS4196	Laspla
OG0006894_00	LOCUS4207	Laspla
OG0006895_00	LOCUS4281	Laspla
OG0006896_00	LOCUS4295	Laspla
OG0006897_00	LOCUS4304	Laspla
OG0006898_00	LOCUS4306	Laspla
OG0006899_00	LOCUS3950	Laspla
OG0006900_00	LOCUS3940	Laspla
OG0006901_00	LOCUS3752	Laspla
OG0006902_00	G6Z76_0011865	Acrcha
OG0006903_00	LOCUS4036	Laspla
OG0006904_00	LOCUS4031	Laspla
OG0006905_00	LOCUS4007	Laspla
OG0006906_00	G6Z77_0014239	Acrhey
OG0006907_00	LOCUS4068	Laspla
OG0006908_00	LOCUS4019	Laspla
OG0006909_00	LOCUS3897	Laspla
OG0006910_00	LOCUS13804	Laspla
OG0006911_00	LOCUS13799	Laspla
OG0006912_00	LOCUS13873	Laspla
OG0006913_00	G6Z76_0009321	Acrcha
OG0006914_00	G6Z76_0007641	Acrcha
OG0006915_00	G6Z76_0007658	Acrcha
OG0006916_00	LOCUS13911	Laspla
OG0006917_00	G6Z76_0008603	Acrcha
OG0006918_00	LOCUS12893	Laspla
OG0006919_00	LOCUS5368	Laspla
OG0006920_00	LOCUS2358	Laspla
OG0006921_00	LOCUS9037	Laspla
OG0006922_00	G6Z76_0011720	Acrcha
OG0006923_00	LOCUS9070	Laspla
OG0006924_00	LOCUS9077	Laspla
OG0006925_00	LOCUS4730	Laspla
OG0006926_00	LOCUS4711-2	Laspla
OG0006927_00	LOCUS510	Laspla
OG0006928_00	G6Z76_0001389	Acrcha
OG0006929_00	LOCUS12240	Laspla
OG0006930_00	LOCUS12255	Laspla
OG0006931_00	LOCUS12519	Laspla
OG0006932_00	LOCUS10212	Laspla
OG0006933_00	G6Z76_0006812	Acrcha
OG0006935_00	LOCUS5104	Laspla
OG0006936_00	LOCUS7368	Laspla
OG0006937_00	LOCUS7366	Laspla
OG0006938_00	LOCUS7367	Laspla
OG0006939_00	LOCUS7341	Laspla
OG0006940_00	LOCUS12585	Laspla
OG0006941_00	LOCUS12594	Laspla
OG0006942_00	LOCUS6946	Laspla
OG0006943_00	LOCUS1098	Laspla
OG0006944_00	LOCUS1060	Laspla
OG0006945_00	LOCUS1049	Laspla
OG0006946_00	LOCUS583	Laspla
OG0006947_00	LOCUS4618	Laspla
OG0006948_00	LOCUS4634	Laspla
OG0006949_00	LOCUS479	Laspla
OG0006950_00	G6Z76_0003506	Acrcha
OG0006951_00	LOCUS473	Laspla
OG0006952_00	G6Z76_0003666	Acrcha
OG0006953_00	LOCUS3680	Laspla
OG0006954_00	LOCUS3841	Laspla
OG0006955_00	LOCUS3830	Laspla
OG0006956_00	LOCUS3820	Laspla
OG0006957_00	LOCUS3801	Laspla
OG0006958_00	LOCUS3797	Laspla
OG0006959_00	LOCUS5063	Laspla
OG0006960_00	LOCUS83	Laspla
OG0006961_00	G6Z76_0011513	Acrcha
OG0006962_00	G6Z76_0001495	Acrcha
OG0006963_00	G6Z76_0001472	Acrcha
OG0006964_00	LOCUS7627	Laspla
OG0006965_00	LOCUS7701	Laspla
OG0006966_00	LOCUS7708	Laspla
OG0006967_00	LOCUS7737	Laspla
OG0006968_00	LOCUS6806	Laspla
OG0006969_00	LOCUS13979	Laspla
OG0006970_00	G6Z76_0013573	Acrcha
OG0006971_00	ACFW04_007933	Catnig
OG0006972_00	LOCUS11052	Laspla
OG0006973_00	LOCUS11095	Laspla
OG0006974_00	LOCUS10829	Laspla
OG0006975_00	LOCUS11382-2	Laspla
OG0006976_00	LOCUS11365	Laspla
OG0006977_00	LOCUS11362	Laspla
OG0006978_00	LOCUS11357	Laspla
OG0006979_00	LOCUS10954	Laspla
OG0006980_00	LOCUS10920	Laspla
OG0006981_00	LOCUS11141-2	Laspla
OG0006982_00	LOCUS11171	Laspla
OG0006983_00	LOCUS11208	Laspla
OG0006984_00	G6Z76_0002002	Acrcha
OG0006985_00	LOCUS14410	Laspla
OG0006986_00	LOCUS14478	Laspla
OG0006987_00	LOCUS5383	Laspla
OG0006988_00	G6Z76_0009990	Acrcha
OG0006989_00	LOCUS6516	Laspla
OG0006990_00	LOCUS1162	Laspla
OG0006991_00	LOCUS13033	Laspla
OG0006992_00	LOCUS8460	Laspla
OG0006993_00	LOCUS8459	Laspla
OG0006994_00	G6Z76_0004800	Acrcha
OG0006995_00	LOCUS7984	Laspla
OG0006996_00	G6Z76_0004875	Acrcha
OG0006997_00	G6Z76_0004881	Acrcha
OG0006998_00	LOCUS10488	Laspla
OG0006999_00	LOCUS2056	Laspla
OG0007000_00	LOCUS10413	Laspla
OG0007001_00	LOCUS10220	Laspla
OG0007002_00	LOCUS9937	Laspla
OG0007003_00	LOCUS9910	Laspla
OG0007004_00	LOCUS9913	Laspla
OG0007005_00	G6Z76_0005007	Acrcha
OG0007006_00	LOCUS8489	Laspla
OG0007007_00	LOCUS7994	Laspla
OG0007008_00	LOCUS10185	Laspla
OG0007009_00	LOCUS13893	Laspla
OG0007010_00	LOCUS13895	Laspla
OG0007011_00	LOCUS3765	Laspla
OG0007012_00	LOCUS4990	Laspla
OG0007013_00	LOCUS3624	Laspla
OG0007014_00	LOCUS13279	Laspla
OG0007015_00	G6Z76_0012298	Acrcha
OG0007016_00	G6Z76_0001616	Acrcha
OG0007017_00	LOCUS8105	Laspla
OG0007018_00	LOCUS8018	Laspla
OG0007019_00	LOCUS8229	Laspla
OG0007020_00	G6Z75_0005998	Acrins
OG0007021_00	LOCUS8169	Laspla
OG0007022_00	LOCUS8170	Laspla
OG0007023_00	LOCUS10407	Laspla
OG0007024_00	LOCUS8010	Laspla
OG0007025_00	LOCUS8056	Laspla
OG0007026_00	G6Z76_0008671	Acrcha
OG0007027_00	LOCUS12012	Laspla
OG0007028_00	LOCUS6853	Laspla
OG0007029_00	G6Z76_0012598	Acrcha
OG0007030_00	LOCUS741	Laspla
OG0007031_00	LOCUS789	Laspla
OG0007032_00	LOCUS592	Laspla
OG0007033_00	G6Z76_0014636	Acrcha
OG0007034_00	LOCUS13710	Laspla
OG0007035_00	LOCUS10456	Laspla
OG0007036_00	Diuretic_hormone_class2_calcitonin-like_g14627_i1	Acafer
OG0007037_00	HOX_domain_g00068_i1	Acafer
OG0007038_00	HOX_domain_g00395_i1	Acafer
OG0007039_00	HOX_domain_g05285_i1	Acafer
OG0007040_00	LOCUS6783	Laspla
OG0007041_00	LOCUS14034	Laspla
OG0007042_00	G6Z76_0013953	Acrcha
OG0007043_00	LOCUS5515	Laspla
OG0007044_00	LOCUS14326	Laspla
OG0007045_00	PHD_finger_g05196_i1	Acafer
OG0007046_00	PHD_finger_g13020_i1	Acafer
OG0007047_00	PHD_finger_g18533_i1	Acafer
OG0007048_00	Peptidase_C1A_papain_C-terminal_g09658_i1	Acafer
OG0007049_00	Peptidase_M16_N-terminal_g14850_i1	Acafer
OG0007050_00	Peptidase_M19_renal_dipeptidase_g12906_i1	Acafer
OG0007051_00	Peptidase_S1_S6_chymotrypsin_Hap_g15241_i1	Acafer
OG0007052_00	Peptidase_S28_g04695_i1	Acafer
OG0007053_00	Toll_g04230_i1	Acafer
OG0007054_00	Toll_g04257_i1	Acafer
OG0007055_00	LOCUS13581	Laspla
OG0007056_00	LOCUS5849-2	Laspla
OG0007057_00	G6Z76_0007561	Acrcha
OG0007058_00	LOCUS12219	Laspla
OG0007059_00	LOCUS1016	Laspla
OG0007061_00	LOCUS12302	Laspla
OG0007062_00	LOCUS10276	Laspla
OG0007063_00	LOCUS11886	Laspla
OG0007064_00	LOCUS7841	Laspla
OG0007065_00	LOCUS1300	Laspla
OG0007066_00	G6Z76_0005638	Acrcha
OG0007067_00	LOCUS3577	Laspla
OG0007068_00	LOCUS5086	Laspla
OG0007069_00	LOCUS14474-2	Laspla
OG0007070_00	LOCUS9473	Laspla
OG0007071_00	LOCUS4159	Laspla
OG0007072_00	LOCUS13113	Laspla
OG0007073_00	LOCUS469	Laspla
OG0007074_00	LOCUS14573	Laspla
OG0007075_00	LOCUS2889	Laspla
OG0007076_00	Peptidase_S8_S53_subtilisin_kexin_sedolisin_g15768_i1	Acafer
OG0007077_00	dissatisfaction_g11341_i1	Acafer
OG0007078_00	LOCUS1901	Laspla
OG0007079_00	Kinase-S6K_g01394_i1	Acafer
OG0007080_00	G6Z76_0011453	Acrcha
OG0007081_00	LOCUS10133	Laspla
OG0007082_00	LOCUS6076	Laspla
OG0007083_00	LOCUS3592	Laspla
OG0007084_00	LOCUS5371	Laspla
OG0007085_00	LOCUS5008	Laspla
OG0007086_00	LOCUS6676	Laspla
OG0007087_00	G6Z76_0009711	Acrcha
OG0007088_00	G6Z76_0002016	Acrcha
OG0007089_00	LOCUS2765	Laspla
OG0007090_00	LOCUS4027	Laspla
OG0007091_00	LOCUS3192	Laspla
OG0007092_00	LOCUS8877	Laspla
OG0007094_00	LOCUS7269	Laspla
OG0007095_00	LOCUS2506	Laspla
OG0007096_00	Peptidase_M13_neprilysin_C-terminal_g13049_i1	Parasp
OG0007097_00	LOCUS10157	Laspla
OG0007098_00	Alpha_beta_hydrolase_fold-1_g16706_i1	Acafer
OG0007099_00	LOCUS6635	Laspla
OG0007100_00	LOCUS3321	Laspla
OG0007101_00	G6Z76_0002906	Acrcha
OG0007102_00	LOCUS2714	Laspla
OG0007103_00	SWIRM_g04229_i1	Acafer
OG0007104_00	LOCUS10376	Laspla
OG0007105_00	LOCUS12771	Laspla
OG0007106_00	LOCUS8464	Laspla
OG0007107_00	LOCUS13601	Laspla
OG0007108_00	LOCUS7091	Laspla
OG0007109_00	LOCUS959	Laspla
OG0007110_00	LOCUS450-2	Laspla
OG0007111_00	LOCUS2658	Laspla
OG0007112_00	LOCUS6983	Laspla
OG0007113_00	LOCUS9176	Laspla
OG0007114_00	LOCUS7128	Laspla
OG0007115_00	LOCUS7597	Laspla
OG0007116_00	LOCUS3884	Laspla
OG0007117_00	LOCUS9396	Laspla
OG0007118_00	LOCUS3176	Laspla
OG0007119_00	LOCUS3031	Laspla
OG0007120_00	LOCUS6146	Laspla
OG0007121_00	LOCUS11901	Laspla
OG0007122_00	LOCUS6889	Laspla
OG0007123_00	LOCUS1157	Laspla
OG0007124_00	LOCUS8287	Laspla
OG0007125_00	LOCUS391	Laspla
OG0007126_00	LOCUS9972	Laspla
OG0007127_00	LOCUS7145	Laspla
OG0007128_00	LOCUS13866	Laspla
OG0007129_00	LOCUS511	Laspla
OG0007130_00	LOCUS11639	Laspla
OG0007131_00	G6Z76_0008733	Acrcha
OG0007132_00	LOCUS1059	Laspla
OG0007133_00	LOCUS480-2	Laspla
OG0007134_00	LOCUS6554	Laspla
OG0007135_00	LOCUS45	Laspla
OG0007136_00	LOCUS4994	Laspla
OG0007137_00	LOCUS6077	Laspla
OG0007138_00	Peptidase_M14_carboxypeptidase_A_g09853_i1	Acafer
OG0007139_00	G6Z76_0012667	Acrcha
OG0007140_00	LOCUS6414	Laspla
OG0007141_00	LOCUS6415	Laspla
OG0007142_00	LOCUS3097	Laspla
OG0007143_00	LOCUS3082	Laspla
OG0007144_00	LOCUS12750	Laspla
OG0007145_00	G6Z76_0003997	Acrcha
OG0007146_00	LOCUS5954	Laspla
OG0007147_00	LOCUS13641	Laspla
OG0007148_00	G6Z76_0002547	Acrcha
OG0007149_00	LOCUS12222-2	Laspla
OG0007150_00	LOCUS13289	Laspla
OG0007151_00	LOCUS11911	Laspla
OG0007152_00	LOCUS2817	Laspla
OG0007153_00	G6Z76_0003194	Acrcha
OG0007154_00	G6Z76_0003138	Acrcha
OG0007155_00	LOCUS11011	Laspla
OG0007156_00	LOCUS9472	Laspla
OG0007157_00	LOCUS11320	Laspla
OG0007158_00	LOCUS2862	Laspla
OG0007159_00	LOCUS6987	Laspla
OG0007160_00	LOCUS14079	Laspla
OG0007161_00	LOCUS7256	Laspla
OG0007162_00	LOCUS12870	Laspla
OG0007163_00	LOCUS1869	Laspla
OG0007164_00	LOCUS12306	Laspla
OG0007165_00	G6Z76_0001282	Acrcha
OG0007166_00	LOCUS199	Laspla
OG0007167_00	LOCUS8505	Laspla
OG0007168_00	G6Z76_0002801	Acrcha
OG0007169_00	LOCUS2593	Laspla
OG0007170_00	PHD_finger_g08752_i1	Acrame
OG0007171_00	G6Z76_0007415	Acrcha
OG0007172_00	LOCUS9158	Laspla
OG0007173_00	LOCUS9167	Laspla
OG0007174_00	G6Z76_0013255	Acrcha
OG0007175_00	LOCUS8766	Laspla
OG0007176_00	LOCUS8768	Laspla
OG0007177_00	LOCUS12382	Laspla
OG0007178_00	LOCUS12170	Laspla
OG0007179_00	LOCUS12175	Laspla
OG0007180_00	LOCUS4245	Laspla
OG0007181_00	LOCUS4025	Laspla
OG0007182_00	LOCUS13767	Laspla
OG0007183_00	LOCUS11798	Laspla
OG0007184_00	LOCUS1940	Laspla
OG0007185_00	LOCUS12891	Laspla
OG0007186_00	G6Z76_0002897	Acrcha
OG0007187_00	LOCUS4645	Laspla
OG0007188_00	LOCUS499	Laspla
OG0007189_00	LOCUS12630	Laspla
OG0007190_00	LOCUS12273	Laspla
OG0007191_00	LOCUS12256	Laspla
OG0007192_00	G6Z76_0005958	Acrcha
OG0007193_00	LOCUS1058	Laspla
OG0007194_00	LOCUS1002	Laspla
OG0007195_00	G6Z76_0014656	Acrcha
OG0007196_00	LOCUS7604	Laspla
OG0007197_00	LOCUS5791	Laspla
OG0007198_00	LOCUS11161	Laspla
OG0007199_00	LOCUS11164-2	Laspla
OG0007200_00	G6Z76_0009988	Acrcha
OG0007201_00	LOCUS5781	Laspla
OG0007202_00	G6Z76_0004965	Acrcha
OG0007203_00	LOCUS13840	Laspla
OG0007204_00	LOCUS13793-2	Laspla
OG0007205_00	G6Z76_0000901	Acrcha
OG0007206_00	LOCUS3649	Laspla
OG0007207_00	LOCUS2687	Laspla
OG0007208_00	Peptidase_C19_ubiquitin_carboxyl-terminal_hydrolase_2_g14389_i1	Acafer
OG0007209_00	Tachykinin_g03208_i1	Acafer
OG0007210_00	Peptidase_S59_nucleoporin_g07238_i1	Cremos
OG0007211_00	LOCUS6642	Laspla
OG0007212_00	LOCUS6646	Laspla
OG0007213_00	G6Z76_0012265	Acrcha
OG0007214_00	G6Z76_0012234	Acrcha
OG0007215_00	G6Z77_0003452	Acrhey
OG0007216_00	LOCUS8336	Laspla
OG0007217_00	LOCUS5289	Laspla
OG0007218_00	LOCUS3048	Laspla
OG0007219_00	LOCUS3337	Laspla
OG0007220_00	LOCUS3105-2	Laspla
OG0007221_00	LOCUS2901	Laspla
OG0007222_00	G6Z76_0001675	Acrcha
OG0007223_00	LOCUS12761	Laspla
OG0007224_00	G6Z76_0009879	Acrcha
OG0007225_00	LOCUS6019	Laspla
OG0007226_00	LOCUS6161-2	Laspla
OG0007227_00	LOCUS5957	Laspla
OG0007228_00	LOCUS3061-2	Laspla
OG0007229_00	LOCUS13638	Laspla
OG0007230_00	G6Z76_0013144	Acrcha
OG0007231_00	G6Z76_0013148	Acrcha
OG0007232_00	LOCUS13422	Laspla
OG0007233_00	G6Z76_0013038	Acrcha
OG0007234_00	LOCUS13407	Laspla
OG0007235_00	LOCUS12540	Laspla
OG0007236_00	LOCUS12336	Laspla
OG0007237_00	LOCUS2952	Laspla
OG0007238_00	LOCUS13776	Laspla
OG0007239_00	G6Z76_0009531	Acrcha
OG0007240_00	LOCUS1201	Laspla
OG0007241_00	LOCUS5244	Laspla
OG0007242_00	G6Z76_0000641	Acrcha
OG0007243_00	LOCUS1303	Laspla
OG0007244_00	LOCUS1235	Laspla
OG0007245_00	G6Z76_0002300	Acrcha
OG0007246_00	G6Z76_0002126	Acrcha
OG0007247_00	LOCUS13490	Laspla
OG0007248_00	LOCUS13507	Laspla
OG0007249_00	LOCUS3405	Laspla
OG0007250_00	LOCUS11909	Laspla
OG0007251_00	LOCUS2759	Laspla
OG0007252_00	LOCUS2761	Laspla
OG0007253_00	LOCUS7855	Laspla
OG0007254_00	LOCUS7847	Laspla
OG0007255_00	LOCUS11031	Laspla
OG0007256_00	LOCUS958	Laspla
OG0007257_00	LOCUS407	Laspla
OG0007258_00	LOCUS566	Laspla
OG0007259_00	LOCUS734	Laspla
OG0007260_00	LOCUS737	Laspla
OG0007261_00	G6Z76_0014350	Acrcha
OG0007262_00	LOCUS773	Laspla
OG0007263_00	LOCUS852	Laspla
OG0007264_00	LOCUS784	Laspla
OG0007265_00	LOCUS802	Laspla
OG0007266_00	LOCUS620	Laspla
OG0007267_00	LOCUS981	Laspla
OG0007268_00	LOCUS916	Laspla
OG0007269_00	LOCUS6892	Laspla
OG0007270_00	LOCUS1961	Laspla
OG0007271_00	LOCUS1974	Laspla
OG0007272_00	LOCUS11795	Laspla
OG0007273_00	G6Z76_0011098	Acrcha
OG0007274_00	LOCUS13717	Laspla
OG0007275_00	LOCUS10762-2	Laspla
OG0007276_00	LOCUS11442	Laspla
OG0007277_00	LOCUS2864	Laspla
OG0007278_00	LOCUS14718	Laspla
OG0007279_00	LOCUS5089	Laspla
OG0007280_00	LOCUS14693	Laspla
OG0007281_00	LOCUS14564	Laspla
OG0007282_00	LOCUS14514	Laspla
OG0007283_00	LOCUS7233-2	Laspla
OG0007284_00	LOCUS7251	Laspla
OG0007285_00	LOCUS7262	Laspla
OG0007286_00	LOCUS1919	Laspla
OG0007287_00	LOCUS1936-2	Laspla
OG0007288_00	LOCUS8359	Laspla
OG0007289_00	LOCUS1184	Laspla
OG0007290_00	LOCUS5623-2	Laspla
OG0007291_00	LOCUS8563	Laspla
OG0007292_00	LOCUS8561	Laspla
OG0007293_00	LOCUS9255	Laspla
OG0007294_00	LOCUS9292	Laspla
OG0007295_00	LOCUS9294	Laspla
OG0007296_00	LOCUS8776	Laspla
OG0007297_00	LOCUS406-2	Laspla
OG0007298_00	LOCUS647	Laspla
OG0007299_00	LOCUS192	Laspla
OG0007300_00	LOCUS12652	Laspla
OG0007301_00	LOCUS12789	Laspla
OG0007302_00	LOCUS8084	Laspla
OG0007303_00	LOCUS8506	Laspla
OG0007304_00	LOCUS7327	Laspla
OG0007305_00	LOCUS2966	Laspla
OG0007306_00	G6Z76_0007369	Acrcha
OG0007307_00	G6Z76_0010846	Acrcha
OG0007308_00	G6Z76_0010847	Acrcha
OG0007309_00	LOCUS12818	Laspla
OG0007310_00	LOCUS6712-2	Laspla
OG0007311_00	LOCUS6685	Laspla
OG0007312_00	LOCUS10016	Laspla
OG0007313_00	LOCUS2093	Laspla
OG0007314_00	LOCUS9018	Laspla
OG0007315_00	LOCUS9149	Laspla
OG0007316_00	LOCUS9168	Laspla
OG0007317_00	LOCUS23	Laspla
OG0007318_00	LOCUS9354	Laspla
OG0007319_00	LOCUS8780	Laspla
OG0007320_00	LOCUS8876	Laspla
OG0007321_00	LOCUS8625	Laspla
OG0007322_00	LOCUS268	Laspla
OG0007323_00	LOCUS8708	Laspla
OG0007324_00	LOCUS8707	Laspla
OG0007325_00	G6Z76_0001130	Acrcha
OG0007326_00	G6Z76_0005383	Acrcha
OG0007327_00	LOCUS9962	Laspla
OG0007328_00	G6Z76_0009274	Acrcha
OG0007329_00	LOCUS13878	Laspla
OG0007330_00	G6Z76_0009457	Acrcha
OG0007331_00	G6Z76_0009455	Acrcha
OG0007332_00	LOCUS13781	Laspla
OG0007333_00	LOCUS4117	Laspla
OG0007334_00	LOCUS2690	Laspla
OG0007335_00	LOCUS12078	Laspla
OG0007336_00	LOCUS12114	Laspla
OG0007337_00	LOCUS6372	Laspla
OG0007338_00	LOCUS2499	Laspla
OG0007339_00	LOCUS2514-2	Laspla
OG0007340_00	LOCUS5312	Laspla
OG0007341_00	LOCUS5310	Laspla
OG0007342_00	LOCUS14450	Laspla
OG0007343_00	LOCUS14431	Laspla
OG0007344_00	LOCUS14434	Laspla
OG0007345_00	G6Z76_0010046	Acrcha
OG0007346_00	LOCUS7173	Laspla
OG0007347_00	LOCUS5404	Laspla
OG0007348_00	G6Z76_0002971	Acrcha
OG0007349_00	LOCUS2626	Laspla
OG0007350_00	LOCUS14132	Laspla
OG0007351_00	G6Z76_0006419	Acrcha
OG0007352_00	LOCUS5538	Laspla
OG0007353_00	LOCUS5535	Laspla
OG0007354_00	LOCUS5532	Laspla
OG0007355_00	LOCUS1915	Laspla
OG0007356_00	LOCUS14547	Laspla
OG0007357_00	LOCUS5296	Laspla
OG0007358_00	LOCUS11759	Laspla
OG0007359_00	LOCUS9502	Laspla
OG0007360_00	LOCUS5563	Laspla
OG0007361_00	G6Z76_0013634	Acrcha
OG0007362_00	LOCUS12177	Laspla
OG0007363_00	LOCUS7636	Laspla
OG0007364_00	LOCUS13720	Laspla
OG0007365_00	LOCUS11691	Laspla
OG0007366_00	LOCUS5902	Laspla
OG0007367_00	LOCUS6725	Laspla
OG0007368_00	LOCUS11705	Laspla
OG0007369_00	G6Z76_0001576	Acrcha
OG0007370_00	LOCUS4211-2	Laspla
OG0007371_00	LOCUS4226	Laspla
OG0007372_00	LOCUS4229	Laspla
OG0007373_00	G6Z76_0003568	Acrcha
OG0007374_00	G6Z76_0004677	Acrcha
OG0007375_00	LOCUS3754	Laspla
OG0007376_00	LOCUS4050	Laspla
OG0007377_00	LOCUS4003	Laspla
OG0007378_00	G6Z76_0011941	Acrcha
OG0007379_00	LOCUS4017	Laspla
OG0007380_00	LOCUS3917	Laspla
OG0007381_00	LOCUS13920	Laspla
OG0007382_00	LOCUS13921	Laspla
OG0007383_00	LOCUS13802	Laspla
OG0007384_00	G6Z76_0009282	Acrcha
OG0007385_00	LOCUS14059	Laspla
OG0007386_00	LOCUS13865	Laspla
OG0007387_00	G6Z76_0007663	Acrcha
OG0007388_00	G6Z76_0007666	Acrcha
OG0007389_00	G6Z76_0002895	Acrcha
OG0007390_00	LOCUS12835	Laspla
OG0007391_00	LOCUS2406	Laspla
OG0007392_00	LOCUS2403	Laspla
OG0007393_00	LOCUS7334	Laspla
OG0007394_00	LOCUS2364	Laspla
OG0007395_00	LOCUS8829	Laspla
OG0007396_00	LOCUS513	Laspla
OG0007397_00	G6Z76_0001423	Acrcha
OG0007398_00	LOCUS12618	Laspla
OG0007399_00	LOCUS12275	Laspla
OG0007400_00	G6Z76_0014214	Acrcha
OG0007401_00	G6Z76_0000993	Acrcha
OG0007402_00	LOCUS7279	Laspla
OG0007403_00	LOCUS6948	Laspla
OG0007404_00	LOCUS989	Laspla
OG0007405_00	LOCUS590	Laspla
OG0007406_00	LOCUS591	Laspla
OG0007407_00	LOCUS595	Laspla
OG0007408_00	LOCUS553	Laspla
OG0007409_00	G6Z76_0003832	Acrcha
OG0007410_00	LOCUS4606	Laspla
OG0007411_00	LOCUS496	Laspla
OG0007412_00	G6Z76_0003512	Acrcha
OG0007413_00	LOCUS4728	Laspla
OG0007414_00	G6Z76_0012791	Acrcha
OG0007415_00	LOCUS3776	Laspla
OG0007416_00	LOCUS3770	Laspla
OG0007417_00	LOCUS5067	Laspla
OG0007418_00	LOCUS3726	Laspla
OG0007419_00	LOCUS5042-2	Laspla
OG0007420_00	LOCUS87	Laspla
OG0007421_00	LOCUS119	Laspla
OG0007422_00	G6Z76_0001516	Acrcha
OG0007423_00	LOCUS7601	Laspla
OG0007424_00	LOCUS7625	Laspla
OG0007425_00	G6Z76_0011474	Acrcha
OG0007426_00	LOCUS13811	Laspla
OG0007427_00	LOCUS12777	Laspla
OG0007428_00	LOCUS10820	Laspla
OG0007429_00	LOCUS11383	Laspla
OG0007430_00	LOCUS11142	Laspla
OG0007431_00	LOCUS5400	Laspla
OG0007432_00	LOCUS14480	Laspla
OG0007433_00	LOCUS14472-2	Laspla
OG0007434_00	LOCUS5353	Laspla
OG0007435_00	G6Z76_0006235	Acrcha
OG0007436_00	LOCUS10522	Laspla
OG0007437_00	LOCUS9953	Laspla
OG0007438_00	G6Z76_0003907	Acrcha
OG0007439_00	G6Z76_0005050	Acrcha
OG0007440_00	LOCUS10526	Laspla
OG0007441_00	LOCUS2070	Laspla
OG0007442_00	G6Z76_0004915	Acrcha
OG0007443_00	LOCUS9929	Laspla
OG0007444_00	LOCUS2215	Laspla
OG0007445_00	LOCUS10186	Laspla
OG0007446_00	LOCUS10187	Laspla
OG0007447_00	G6Z76_0009248	Acrcha
OG0007448_00	LOCUS13833	Laspla
OG0007449_00	LOCUS13846	Laspla
OG0007450_00	LOCUS13790	Laspla
OG0007451_00	LOCUS3618	Laspla
OG0007452_00	LOCUS13285	Laspla
OG0007453_00	LOCUS13281	Laspla
OG0007454_00	LOCUS6357	Laspla
OG0007455_00	LOCUS8025	Laspla
OG0007456_00	LOCUS8552	Laspla
OG0007457_00	LOCUS8514	Laspla
OG0007458_00	LOCUS8201	Laspla
OG0007459_00	LOCUS3125	Laspla
OG0007460_00	G6Z76_0012595	Acrcha
OG0007461_00	Carboxylesterase_type_B_g09910_i1	Acafer
OG0007462_00	G6Z76_0003010	Acrcha
OG0007463_00	Ecdysis_triggering_hormone_g10448_i1	Acafer
OG0007464_00	Eclosion_hormone_g11531_i1	Acafer
OG0007465_00	Elongases_g06724_i1	Acafer
OG0007466_00	HOX_domain_g07732_i1	Acafer
OG0007467_00	HOX_domain_g15653_i1	Acafer
OG0007468_00	G6Z76_0007342	Acrcha
OG0007469_00	LOCUS10788	Laspla
OG0007470_00	LOCUS5243	Laspla
OG0007471_00	Myosuppressin_g17795_i1	Acafer
OG0007472_00	LOCUS5928	Laspla
OG0007473_00	PHD_finger_g14414_i1	Acafer
OG0007474_00	PTEN_g00081_i1	Acafer
OG0007475_00	LOCUS7306	Laspla
OG0007476_00	Peptidase_A22_presenilin_signal_peptide_g06193_i1	Acafer
OG0007477_00	Peptidase_C1B_bleomycin_hydrolase_g17486_i1	Acafer
OG0007478_00	Peptidase_M1_membrane_alanine_aminopeptidase_N-terminal_g08564_i2	Acafer
OG0007479_00	Peptidase_M28_g03229_i1	Acafer
OG0007480_00	Peptidase_S1_S6_chymotrypsin_Hap_g02285_i2	Acafer
OG0007481_00	LOCUS11410	Laspla
OG0007482_00	LOCUS10645	Laspla
OG0007483_00	G6Z76_0006130	Acrcha
OG0007484_00	intersex_g12070_i1	Acafer
OG0007485_00	LOCUS8746	Laspla
OG0007486_00	runt_g14896_i1	Acafer
OG0007487_00	LOCUS6096	Laspla
OG0007488_00	LOCUS271	Laspla
OG0007489_00	LOCUS11858	Laspla
OG0007491_00	ACFW04_014127	Catnig
OG0007492_00	Peptidase_S1_S6_chymotrypsin_Hap_g14346_i1	Acafer
OG0007493_00	LOCUS884	Laspla
OG0007494_00	G6Z76_0008109	Acrcha
OG0007495_00	LOCUS10126	Laspla
OG0007496_00	G6Z76_0009263	Acrcha
OG0007497_00	LOCUS14420	Laspla
OG0007498_00	LOCUS3569	Laspla
OG0007499_00	G6Z75_0008542	Acrins
OG0007500_00	LOCUS7125	Laspla
OG0007501_00	LOCUS13879	Laspla
OG0007502_00	G6Z76_0010699	Acrcha
OG0007503_00	ACFW04_011945	Catnig
OG0007504_00	LOCUS11013	Laspla
OG0007505_00	Peptidase_S1_S6_chymotrypsin_Hap_g00484_i1	Acafer
OG0007506_00	LOCUS4968	Laspla
OG0007507_00	G6Z76_0007643	Acrcha
OG0007508_00	LOCUS13730	Laspla
OG0007509_00	G6Z76_0010503	Acrcha
OG0007510_00	G6Z76_0003837	Acrcha
OG0007511_00	G6Z76_0013254	Acrcha
OG0007512_00	G6Z76_0000218	Acrcha
OG0007513_00	LOCUS14602	Laspla
OG0007514_00	G6Z76_0003177	Acrcha
OG0007515_00	LOCUS176	Laspla
OG0007516_00	LOCUS585	Laspla
OG0007517_00	LOCUS9155-5	Laspla
OG0007518_00	LOCUS5370	Laspla
OG0007519_00	LOCUS4936	Laspla
OG0007520_00	LOCUS6675	Laspla
OG0007521_00	LOCUS7622	Laspla
OG0007522_00	G6Z76_0005244	Acrcha
OG0007523_00	G6Z76_0009667	Acrcha
OG0007524_00	LOCUS755	Laspla
OG0007525_00	G6Z76_0002898	Acrcha
OG0007526_00	LOCUS13330	Laspla
OG0007527_00	LOCUS2522	Laspla
OG0007528_00	G6Z76_0006658	Acrcha
OG0007529_00	LOCUS5909	Laspla
OG0007530_00	G6Z76_0003315	Acrcha
OG0007531_00	LOCUS8165	Laspla
OG0007532_00	LOCUS13424	Laspla
OG0007533_00	LOCUS4209	Laspla
OG0007534_00	LOCUS11785	Laspla
OG0007535_00	LOCUS13317	Laspla
OG0007536_00	ACFW04_000326	Catnig
OG0007537_00	LOCUS7573	Laspla
OG0007538_00	LOCUS2011	Laspla
OG0007540_00	LOCUS10858-2	Laspla
OG0007541_00	LOCUS2702	Laspla
OG0007542_00	LOCUS11271	Laspla
OG0007543_00	Peptidase_M16_N-terminal_g09178_i1	Acafer
OG0007544_00	LOCUS6601	Laspla
OG0007545_00	LOCUS3101-2	Laspla
OG0007546_00	LOCUS12794	Laspla
OG0007547_00	LOCUS2701	Laspla
OG0007548_00	LOCUS7607	Laspla
OG0007549_00	LOCUS13830	Laspla
OG0007551_00	LOCUS949	Laspla
OG0007552_00	G6Z75_0005939	Acrins
OG0007553_00	G6Z76_0014071	Acrcha
OG0007554_00	Insulin-like_g07354_i1	Acafer
OG0007555_00	LOCUS6634	Laspla
OG0007556_00	LOCUS13444	Laspla
OG0007557_00	LOCUS8773	Laspla
OG0007558_00	LOCUS11007	Laspla
OG0007559_00	LOCUS7212	Laspla
OG0007560_00	LOCUS7214	Laspla
OG0007561_00	LOCUS11689	Laspla
OG0007562_00	LOCUS5894	Laspla
OG0007563_00	LOCUS4231-2	Laspla
OG0007564_00	LOCUS12890	Laspla
OG0007565_00	LOCUS12831	Laspla
OG0007566_00	LOCUS6478	Laspla
OG0007567_00	LOCUS28-2	Laspla
OG0007568_00	Adipokinetic_hormone_g00616_i1	Acafer
OG0007569_00	LOCUS205	Laspla
OG0007570_00	LOCUS3336	Laspla
OG0007571_00	LOCUS11248	Laspla
OG0007572_00	LOCUS7519	Laspla
OG0007573_00	LOCUS5952	Laspla
OG0007574_00	LOCUS2909	Laspla
OG0007575_00	LOCUS13248	Laspla
OG0007576_00	LOCUS13249	Laspla
OG0007577_00	G6Z76_0013099	Acrcha
OG0007578_00	LOCUS13659	Laspla
OG0007579_00	LOCUS14657	Laspla
OG0007580_00	LOCUS9524	Laspla
OG0007581_00	LOCUS7849	Laspla
OG0007582_00	LOCUS761	Laspla
OG0007583_00	G6Z76_0014373	Acrcha
OG0007584_00	G6Z76_0006881	Acrcha
OG0007585_00	LOCUS9389	Laspla
OG0007586_00	G6Z76_0011202	Acrcha
OG0007587_00	LOCUS7232	Laspla
OG0007588_00	LOCUS1921	Laspla
OG0007589_00	LOCUS5495	Laspla
OG0007590_00	LOCUS393	Laspla
OG0007591_00	LOCUS3296	Laspla
OG0007592_00	LOCUS9207	Laspla
OG0007593_00	G6Z76_0006113	Acrcha
OG0007594_00	LOCUS22	Laspla
OG0007595_00	LOCUS12883	Laspla
OG0007596_00	LOCUS3981-3	Laspla
OG0007597_00	G6Z76_0011869	Acrcha
OG0007598_00	LOCUS10637	Laspla
OG0007599_00	LOCUS12863	Laspla
OG0007600_00	G6Z76_0005685	Acrcha
OG0007601_00	LOCUS12250-2	Laspla
OG0007602_00	LOCUS7369	Laspla
OG0007603_00	LOCUS14456	Laspla
OG0007604_00	LOCUS593	Laspla
OG0007605_00	LOCUS14414	Laspla
OG0007606_00	LOCUS13837	Laspla
OG0007607_00	Alpha_beta_hydrolase_fold-1_g11519_i1	Acafer
OG0007608_00	LOCUS10453	Laspla
OG0007609_00	Chitinase_g05334_i1	Acafer
OG0007610_00	PHD_finger_g00038_i1	Acafer
OG0007611_00	Peptidase_S1_S6_chymotrypsin_Hap_g01617_i1	Acafer
OG0007612_00	Pigment_dispersing_factor_g07652_i1	Acafer
OG0007614_00	LOCUS7127	Laspla
OG0007615_00	LOCUS9039	Laspla
OG0007616_00	LOCUS13024	Laspla
OG0007617_00	LOCUS2979	Laspla
OG0007618_00	LOCUS3952	Laspla
OG0007619_00	LOCUS6798	Laspla
OG0007620_00	LOCUS6403-2	Laspla
OG0007621_00	G6Z76_0004380	Acrcha
OG0007622_00	LOCUS6421	Laspla
OG0007623_00	LOCUS6463	Laspla
OG0007624_00	LOCUS6280	Laspla
OG0007625_00	G6Z76_0012375	Acrcha
OG0007626_00	LOCUS6607	Laspla
OG0007627_00	LOCUS8334	Laspla
OG0007628_00	LOCUS6758	Laspla
OG0007629_00	G6Z76_0001820	Acrcha
OG0007630_00	LOCUS3035	Laspla
OG0007631_00	G6Z76_0001860	Acrcha
OG0007632_00	LOCUS3081	Laspla
OG0007633_00	G6Z76_0013796	Acrcha
OG0007634_00	LOCUS11254	Laspla
OG0007635_00	LOCUS11260	Laspla
OG0007636_00	LOCUS11270	Laspla
OG0007637_00	LOCUS11299	Laspla
OG0007638_00	LOCUS11490	Laspla
OG0007639_00	LOCUS11401	Laspla
OG0007640_00	LOCUS7552	Laspla
OG0007641_00	LOCUS6021	Laspla
OG0007642_00	LOCUS6074	Laspla
OG0007643_00	LOCUS6082	Laspla
OG0007644_00	LOCUS5922	Laspla
OG0007645_00	G6Z76_0000238	Acrcha
OG0007646_00	LOCUS6239	Laspla
OG0007647_00	LOCUS14679	Laspla
OG0007648_00	LOCUS13384	Laspla
OG0007649_00	LOCUS13431	Laspla
OG0007650_00	LOCUS13092	Laspla
OG0007651_00	LOCUS13088	Laspla
OG0007652_00	LOCUS13125	Laspla
OG0007653_00	G6Z76_0013039	Acrcha
OG0007654_00	LOCUS4601	Laspla
OG0007655_00	LOCUS2959	Laspla
OG0007656_00	G6Z76_0012094	Acrcha
OG0007657_00	G6Z76_0012091	Acrcha
OG0007658_00	LOCUS1163	Laspla
OG0007659_00	LOCUS5148	Laspla
OG0007660_00	LOCUS1231	Laspla
OG0007661_00	G6Z76_0002506	Acrcha
OG0007662_00	LOCUS13022	Laspla
OG0007663_00	LOCUS13617	Laspla
OG0007664_00	LOCUS13508	Laspla
OG0007665_00	LOCUS13524	Laspla
OG0007666_00	LOCUS3365	Laspla
OG0007667_00	LOCUS3404	Laspla
OG0007668_00	LOCUS3414	Laspla
OG0007669_00	LOCUS7842	Laspla
OG0007670_00	LOCUS7856	Laspla
OG0007671_00	LOCUS7858	Laspla
OG0007672_00	LOCUS11026	Laspla
OG0007673_00	G6Z76_0005220	Acrcha
OG0007674_00	LOCUS382	Laspla
OG0007675_00	LOCUS787	Laspla
OG0007676_00	LOCUS627	Laspla
OG0007677_00	LOCUS618	Laspla
OG0007678_00	LOCUS912	Laspla
OG0007679_00	LOCUS909	Laspla
OG0007680_00	LOCUS718	Laspla
OG0007681_00	LOCUS3559	Laspla
OG0007682_00	G6Z76_0005740	Acrcha
OG0007683_00	LOCUS9455	Laspla
OG0007684_00	LOCUS6905	Laspla
OG0007685_00	G6Z76_0014547	Acrcha
OG0007686_00	G6Z76_0014494	Acrcha
OG0007687_00	LOCUS10717	Laspla
OG0007688_00	LOCUS10704	Laspla
OG0007689_00	polyketide_synthase_enoylreductase_domain_g09062_i1	Camfel
OG0007690_00	LOCUS11422	Laspla
OG0007691_00	G6Z76_0007870	Acrcha
OG0007692_00	LOCUS11725	Laspla
OG0007693_00	LOCUS8272	Laspla
OG0007694_00	LOCUS2722	Laspla
OG0007695_00	LOCUS9483	Laspla
OG0007696_00	LOCUS11811	Laspla
OG0007697_00	LOCUS5080	Laspla
OG0007698_00	LOCUS5072	Laspla
OG0007699_00	LOCUS1142	Laspla
OG0007700_00	LOCUS14663	Laspla
OG0007701_00	G6Z76_0002055	Acrcha
OG0007702_00	LOCUS1931	Laspla
OG0007703_00	LOCUS12869	Laspla
OG0007704_00	LOCUS5460	Laspla
OG0007705_00	LOCUS8738	Laspla
OG0007706_00	G6Z76_0011809	Acrcha
OG0007707_00	LOCUS9251	Laspla
OG0007708_00	LOCUS9260	Laspla
OG0007709_00	LOCUS9261	Laspla
OG0007710_00	LOCUS9298	Laspla
OG0007711_00	LOCUS8774	Laspla
OG0007712_00	LOCUS875	Laspla
OG0007713_00	LOCUS874	Laspla
OG0007714_00	LOCUS12765	Laspla
OG0007715_00	LOCUS8074	Laspla
OG0007716_00	LOCUS2467	Laspla
OG0007717_00	LOCUS2992	Laspla
OG0007718_00	LOCUS3232	Laspla
OG0007719_00	G6Z76_0010848	Acrcha
OG0007720_00	LOCUS12812	Laspla
OG0007721_00	LOCUS6699	Laspla
OG0007722_00	G6Z76_0013957	Acrcha
OG0007723_00	LOCUS9157	Laspla
OG0007724_00	LOCUS8986	Laspla
OG0007725_00	LOCUS8898	Laspla
OG0007726_00	G6Z76_0011779	Acrcha
OG0007727_00	LOCUS8789	Laspla
OG0007728_00	G6Z76_0001920	Acrcha
OG0007729_00	LOCUS8846	Laspla
OG0007730_00	LOCUS8672-2	Laspla
OG0007731_00	LOCUS10020	Laspla
OG0007732_00	G6Z76_0009262	Acrcha
OG0007733_00	G6Z76_0009260	Acrcha
OG0007734_00	LOCUS13788	Laspla
OG0007735_00	G6Z76_0001100	Acrcha
OG0007736_00	G6Z76_0001989	Acrcha
OG0007737_00	LOCUS4171	Laspla
OG0007738_00	LOCUS2682	Laspla
OG0007739_00	LOCUS2511	Laspla
OG0007740_00	LOCUS7117	Laspla
OG0007741_00	LOCUS7150	Laspla
OG0007742_00	LOCUS5403	Laspla
OG0007743_00	LOCUS2630	Laspla
OG0007744_00	LOCUS7195	Laspla
OG0007745_00	LOCUS14101	Laspla
OG0007746_00	LOCUS14108	Laspla
OG0007747_00	LOCUS10090	Laspla
OG0007748_00	G6Z76_0006136	Acrcha
OG0007749_00	LOCUS5527	Laspla
OG0007750_00	LOCUS5524	Laspla
OG0007751_00	LOCUS13714	Laspla
OG0007752_00	LOCUS12135	Laspla
OG0007753_00	LOCUS12179	Laspla
OG0007754_00	LOCUS11683	Laspla
OG0007755_00	G6Z75_0002276	Acrins
OG0007756_00	LOCUS5862	Laspla
OG0007757_00	LOCUS4210	Laspla
OG0007758_00	G6Z76_0012062	Acrcha
OG0007759_00	G6Z76_0012074	Acrcha
OG0007760_00	LOCUS4301	Laspla
OG0007761_00	LOCUS4041	Laspla
OG0007762_00	LOCUS4001	Laspla
OG0007763_00	LOCUS4071	Laspla
OG0007764_00	LOCUS3895	Laspla
OG0007765_00	LOCUS13798	Laspla
OG0007766_00	LOCUS13867	Laspla
OG0007767_00	LOCUS13862	Laspla
OG0007768_00	G6Z76_0007657	Acrcha
OG0007769_00	LOCUS11799	Laspla
OG0007770_00	LOCUS4643	Laspla
OG0007771_00	LOCUS4641	Laspla
OG0007772_00	LOCUS4680	Laspla
OG0007773_00	LOCUS4681	Laspla
OG0007774_00	LOCUS12264	Laspla
OG0007775_00	LOCUS12626	Laspla
OG0007776_00	G6Z76_0006779	Acrcha
OG0007777_00	G6Z76_0007812	Acrcha
OG0007778_00	LOCUS1066	Laspla
OG0007779_00	G6Z76_0011553	Acrcha
OG0007780_00	ACFW04_002106	Catnig
OG0007781_00	G6Z76_0012790	Acrcha
OG0007782_00	LOCUS3781	Laspla
OG0007783_00	G6Z76_0012677	Acrcha
OG0007784_00	LOCUS5061	Laspla
OG0007785_00	LOCUS7587	Laspla
OG0007786_00	G6Z76_0001480	Acrcha
OG0007787_00	LOCUS7739	Laspla
OG0007788_00	LOCUS127	Laspla
OG0007789_00	LOCUS6582	Laspla
OG0007790_00	LOCUS13860	Laspla
OG0007791_00	LOCUS13980	Laspla
OG0007792_00	LOCUS42	Laspla
OG0007793_00	LOCUS11339	Laspla
OG0007794_00	LOCUS10871	Laspla
OG0007795_00	G6Z76_0007023	Acrcha
OG0007796_00	LOCUS10940	Laspla
OG0007797_00	LOCUS10938	Laspla
OG0007798_00	LOCUS10929	Laspla
OG0007799_00	G6Z76_0012847	Acrcha
OG0007800_00	LOCUS11203	Laspla
OG0007801_00	G6Z76_0011373	Acrcha
OG0007802_00	G6Z76_0002027	Acrcha
OG0007803_00	LOCUS13004	Laspla
OG0007804_00	LOCUS1159	Laspla
OG0007805_00	LOCUS10226	Laspla
OG0007806_00	LOCUS10483	Laspla
OG0007807_00	LOCUS2051	Laspla
OG0007808_00	LOCUS10420	Laspla
OG0007809_00	LOCUS10481	Laspla
OG0007810_00	LOCUS9942	Laspla
OG0007811_00	G6Z76_0004941	Acrcha
OG0007812_00	LOCUS8471	Laspla
OG0007813_00	LOCUS8470	Laspla
OG0007814_00	LOCUS13838	Laspla
OG0007815_00	LOCUS13841	Laspla
OG0007816_00	LOCUS13842	Laspla
OG0007817_00	G6Z76_0012763	Acrcha
OG0007818_00	LOCUS5003	Laspla
OG0007819_00	G6Z76_0014113	Acrcha
OG0007820_00	LOCUS13286	Laspla
OG0007821_00	LOCUS8687	Laspla
OG0007822_00	LOCUS10403	Laspla
OG0007823_00	LOCUS6392-2	Laspla
OG0007824_00	LOCUS13988	Laspla
OG0007825_00	LOCUS777-2	Laspla
OG0007826_00	HOX_domain_g01090_i1	Acafer
OG0007827_00	HOX_domain_g06180_i1	Acafer
OG0007828_00	HOX_domain_g16230_i1	Acafer
OG0007829_00	LOCUS12722	Laspla
OG0007830_00	G6Z77_0007572	Acrhey
OG0007831_00	LOCUS6674	Laspla
OG0007832_00	LOCUS7122	Laspla
OG0007833_00	Peptidase_C48_SUMO_Sentrin_Ubl1_g10619_i1	Acafer
OG0007834_00	Peptidase_S1_S6_chymotrypsin_Hap_g00738_i1	Acafer
OG0007835_00	Peptidase_S1_S6_chymotrypsin_Hap_g02176_i1	Acafer
OG0007836_00	Short_neuropeptide_F_g16248_i1	Acafer
OG0007837_00	polyketide_synthase_enoylreductase_domain_g17489_i1	Acafer
OG0007838_00	LOCUS13973	Laspla
OG0007839_00	G6Z76_0002009	Acrcha
OG0007840_00	G6Z77_0001794	Acrhey
OG0007842_00	HOX_domain_g02214_i1	Acafer
OG0007843_00	Peptidase_M1_membrane_alanine_aminopeptidase_N-terminal_g05438_i1	Acafer
OG0007844_00	LOCUS10104	Laspla
OG0007845_00	Peptidase_M13_neprilysin_C-terminal_g10205_i1	Forexs
OG0007846_00	LOCUS2585	Laspla
OG0007847_00	HN011_006575	Ecibur
OG0007848_00	LOCUS11115	Laspla
OG0007849_00	LOCUS13918	Laspla
OG0007850_00	G6Z75_0002486	Acrins
OG0007851_00	LOCUS10631	Laspla
OG0007852_00	LOCUS6680	Laspla
OG0007853_00	LOCUS14689	Laspla
OG0007854_00	LOCUS6771	Laspla
OG0007855_00	LOCUS2977	Laspla
OG0007856_00	LOCUS7292	Laspla
OG0007857_00	LOCUS5266	Laspla
OG0007858_00	LOCUS12656	Laspla
OG0007859_00	LOCUS6028	Laspla
OG0007860_00	G6Z76_0000597	Acrcha
OG0007861_00	G6Z76_0013734	Acrcha
OG0007862_00	LOCUS2059	Laspla
OG0007863_00	LOCUS5930	Laspla
OG0007864_00	LOCUS14674	Laspla
OG0007865_00	G6Z76_0002044	Acrcha
OG0007866_00	G6Z76_0009297	Acrcha
OG0007867_00	LOCUS2431	Laspla
OG0007868_00	G6Z76_0009966	Acrcha
OG0007869_00	G6Z76_0011087	Acrcha
OG0007870_00	G6Z76_0005058	Acrcha
OG0007871_00	LOCUS10196	Laspla
OG0007872_00	G6Z76_0009972	Acrcha
OG0007873_00	LOCUS3818	Laspla
OG0007874_00	LOCUS13724	Laspla
OG0007875_00	LOCUS6662	Laspla
OG0007876_00	LOCUS8457	Laspla
OG0007877_00	LOCUS13391	Laspla
OG0007878_00	LOCUS3450	Laspla
OG0007879_00	LOCUS10939	Laspla
OG0007880_00	LOCUS423	Laspla
OG0007881_00	LOCUS9274	Laspla
OG0007882_00	LOCUS13868	Laspla
OG0007883_00	LOCUS7598	Laspla
OG0007884_00	HOX_domain_g10764_i1	Acafer
OG0007885_00	LOCUS4705	Laspla
OG0007886_00	LOCUS7774	Laspla
OG0007887_00	LOCUS2603	Laspla
OG0007888_00	ACFW04_010233	Catnig
OG0007889_00	Ankyrin_g09315_i1	Acafer
OG0007890_00	Peptidase_C19_ubiquitin_carboxyl-terminal_hydrolase_2_g12110_i2	Acafer
OG0007891_00	LOCUS6537	Laspla
OG0007892_00	LOCUS10588	Laspla
OG0007893_00	LOCUS3087	Laspla
OG0007894_00	LOCUS13589	Laspla
OG0007895_00	LOCUS13014	Laspla
OG0007896_00	LOCUS11119-2	Laspla
OG0007897_00	G6Z76_0007356	Acrcha
OG0007898_00	LOCUS1228	Laspla
OG0007899_00	LOCUS732	Laspla
OG0007900_00	LOCUS3658	Laspla
OG0007901_00	G6Z76_0007918	Acrcha
OG0007902_00	LOCUS11411	Laspla
OG0007903_00	LOCUS8645	Laspla
OG0007904_00	LOCUS14387	Laspla
OG0007905_00	LOCUS10112	Laspla
OG0007906_00	LOCUS9555	Laspla
OG0007907_00	LOCUS7768	Laspla
OG0007908_00	LOCUS6479	Laspla
OG0007909_00	LOCUS13856	Laspla
OG0007910_00	LOCUS12774	Laspla
OG0007911_00	LOCUS10955	Laspla
OG0007912_00	LOCUS10460	Laspla
OG0007913_00	LOCUS13835	Laspla
OG0007914_00	Bursicon_g13263_i1	Acafer
OG0007915_00	MRJP_g01527_i1	Acafer
OG0007916_00	LOCUS4242	Laspla
OG0007917_00	LOCUS11805	Laspla
OG0007918_00	P5V15_004473	Pogcal
OG0007919_00	LOCUS5793	Laspla
OG0007920_00	LOCUS6493	Laspla
OG0007921_00	G6Z76_0007228	Acrcha
OG0007922_00	G6Z76_0007230	Acrcha
OG0007923_00	LOCUS3053	Laspla
OG0007924_00	G6Z76_0001295	Acrcha
OG0007925_00	LOCUS3077	Laspla
OG0007926_00	LOCUS3449	Laspla
OG0007927_00	G6Z76_0002311	Acrcha
OG0007928_00	LOCUS5832	Laspla
OG0007929_00	G6Z76_0003999	Acrcha
OG0007930_00	G6Z76_0003998	Acrcha
OG0007931_00	LOCUS6245	Laspla
OG0007932_00	LOCUS13651	Laspla
OG0007933_00	LOCUS12982	Laspla
OG0007934_00	LOCUS13587	Laspla
OG0007935_00	LOCUS1946	Laspla
OG0007936_00	LOCUS12195	Laspla
OG0007937_00	ACFW04_007781	Catnig
OG0007938_00	LOCUS13937	Laspla
OG0007939_00	LOCUS14069-2	Laspla
OG0007940_00	G6Z76_0002510	Acrcha
OG0007941_00	LOCUS13522	Laspla
OG0007942_00	LOCUS13556	Laspla
OG0007943_00	LOCUS388	Laspla
OG0007944_00	LOCUS774	Laspla
OG0007945_00	G6Z76_0008111	Acrcha
OG0007946_00	LOCUS556	Laspla
OG0007947_00	LOCUS557	Laspla
OG0007948_00	LOCUS6904	Laspla
OG0007949_00	LOCUS3462	Laspla
OG0007950_00	G6Z76_0007869	Acrcha
OG0007951_00	LOCUS7261	Laspla
OG0007952_00	LOCUS1932	Laspla
OG0007953_00	G6Z76_0006263	Acrcha
OG0007954_00	LOCUS5500	Laspla
OG0007955_00	LOCUS3285	Laspla
OG0007956_00	G6Z76_0007422	Acrcha
OG0007957_00	G6Z76_0013956	Acrcha
OG0007958_00	LOCUS6671	Laspla
OG0007959_00	LOCUS6819	Laspla
OG0007960_00	LOCUS9170	Laspla
OG0007961_00	LOCUS269	Laspla
OG0007962_00	G6Z76_0006530	Acrcha
OG0007963_00	LOCUS13907	Laspla
OG0007964_00	LOCUS8498	Laspla
OG0007965_00	LOCUS14386	Laspla
OG0007966_00	LOCUS2688	Laspla
OG0007967_00	LOCUS13831	Laspla
OG0007968_00	LOCUS12411	Laspla
OG0007969_00	LOCUS5423	Laspla
OG0007970_00	LOCUS7209	Laspla
OG0007971_00	LOCUS7213	Laspla
OG0007972_00	LOCUS7215	Laspla
OG0007973_00	LOCUS14090	Laspla
OG0007974_00	LOCUS14094	Laspla
OG0007975_00	LOCUS5554	Laspla
OG0007976_00	LOCUS5540	Laspla
OG0007977_00	G6Z76_0006172	Acrcha
OG0007978_00	LOCUS12133	Laspla
OG0007979_00	LOCUS13711	Laspla
OG0007980_00	LOCUS6831	Laspla
OG0007981_00	LOCUS4366	Laspla
OG0007982_00	LOCUS3872-3	Laspla
OG0007983_00	LOCUS13805	Laspla
OG0007984_00	LOCUS13877	Laspla
OG0007985_00	G6Z76_0009296	Acrcha
OG0007986_00	LOCUS10600	Laspla
OG0007987_00	G6Z76_0002917	Acrcha
OG0007988_00	G6Z76_0003670	Acrcha
OG0007989_00	LOCUS12632	Laspla
OG0007990_00	LOCUS12257	Laspla
OG0007991_00	G6Z76_0008723	Acrcha
OG0007992_00	LOCUS13758	Laspla
OG0007993_00	G6Z76_0003838	Acrcha
OG0007994_00	LOCUS594	Laspla
OG0007995_00	LOCUS4629	Laspla
OG0007996_00	LOCUS485	Laspla
OG0007997_00	G6Z76_0003663	Acrcha
OG0007998_00	LOCUS3682	Laspla
OG0007999_00	LOCUS3829	Laspla
OG0008000_00	G6Z76_0012686	Acrcha
OG0008001_00	LOCUS7591	Laspla
OG0008002_00	LOCUS7594	Laspla
OG0008003_00	LOCUS7595	Laspla
OG0008004_00	LOCUS7609	Laspla
OG0008005_00	LOCUS7733	Laspla
OG0008006_00	G6Z76_0001196	Acrcha
OG0008007_00	LOCUS11995	Laspla
OG0008008_00	LOCUS6813	Laspla
OG0008009_00	LOCUS5789	Laspla
OG0008010_00	LOCUS10832	Laspla
OG0008011_00	G6Z76_0011362	Acrcha
OG0008012_00	G6Z76_0002365	Acrcha
OG0008013_00	LOCUS13665	Laspla
OG0008014_00	LOCUS9891-2	Laspla
OG0008015_00	LOCUS8448	Laspla
OG0008016_00	LOCUS9943	Laspla
OG0008017_00	LOCUS8462	Laspla
OG0008018_00	LOCUS12059	Laspla
OG0008019_00	G6Z76_0009787	Acrcha
OG0008020_00	LOCUS10373	Laspla
OG0008021_00	LOCUS8549	Laspla
OG0008022_00	G6Z76_0000948	Acrcha
OG0008023_00	Cytochrome_P450_g02244_i1	Acafer
OG0008024_00	Distal-less_g11005_i1	Acafer
OG0008025_00	LOCUS4241	Laspla
OG0008026_00	LOCUS2412	Laspla
OG0008027_00	Peptidase_C14_caspase_non-catalytic_subunit_p10_g04940_i1	Acrech
OG0008028_00	LOCUS5871	Laspla
OG0008029_00	LOCUS5715	Laspla
OG0008030_00	LOCUS12220	Laspla
OG0008032_00	LOCUS10296	Laspla
OG0008034_00	LOCUS2988	Laspla
OG0008036_00	LOCUS2955	Laspla
OG0008037_00	LOCUS13512-3	Laspla
OG0008039_00	G6Z76_0012519	Acrcha
OG0008040_00	LOCUS584	Laspla
OG0008041_00	LOCUS13144	Laspla
OG0008042_00	G6Z77_0000661	Acrhey
OG0008043_00	Hsp70_g13344_i1	Acafer
OG0008044_00	LOCUS8177	Laspla
OG0008045_00	LOCUS4694	Laspla
OG0008046_00	LOCUS13178	Laspla
OG0008047_00	LOCUS8903	Laspla
OG0008048_00	LOCUS6333	Laspla
OG0008049_00	LOCUS10340	Laspla
OG0008050_00	LOCUS3790	Laspla
OG0008051_00	Carboxylesterase_type_B_g03065_i1	Acafer
OG0008052_00	LOCUS10452	Laspla
OG0008053_00	LOCUS13858	Laspla
OG0008054_00	LOCUS5668	Laspla
OG0008055_00	LOCUS12724	Laspla
OG0008056_00	G6Z76_0004193	Acrcha
OG0008057_00	LOCUS3233	Laspla
OG0008058_00	Peptidase_M17_leucyl_aminopeptidase_C-terminal_g12658_i1	Acafer
OG0008059_00	LOCUS9889	Laspla
OG0008060_00	LOCUS6457	Laspla
OG0008061_00	LOCUS11478	Laspla
OG0008062_00	LOCUS6815	Laspla
OG0008063_00	LOCUS8292	Laspla
OG0008064_00	LOCUS10875	Laspla
OG0008065_00	G6Z76_0006978	Acrcha
OG0008066_00	HOX_domain_g11001_i1	Acafer
OG0008067_00	LOCUS4020	Laspla
OG0008068_00	LOCUS7974	Laspla
OG0008069_00	LOCUS9959	Laspla
OG0008070_00	LOCUS13367	Laspla
OG0008071_00	LOCUS3329	Laspla
OG0008072_00	LOCUS9486	Laspla
OG0008073_00	LOCUS5662	Laspla
OG0008074_00	LOCUS14574	Laspla
OG0008075_00	LOCUS1225	Laspla
OG0008076_00	LOCUS2818	Laspla
OG0008077_00	LOCUS2542	Laspla
OG0008078_00	G6Z76_0005699	Acrcha
OG0008079_00	LOCUS3694	Laspla
OG0008080_00	LOCUS86	Laspla
OG0008081_00	LOCUS13038	Laspla
OG0008082_00	Chitinase_g06276_i1	Acafer
OG0008083_00	extra-macrochaetae_g02358_i1	Acafer
OG0008084_00	LOCUS10857-2	Laspla
OG0008085_00	LOCUS6411	Laspla
OG0008086_00	G6Z76_0014038	Acrcha
OG0008087_00	LOCUS6535	Laspla
OG0008088_00	LOCUS3038	Laspla
OG0008089_00	LOCUS3100-2	Laspla
OG0008090_00	LOCUS3446	Laspla
OG0008091_00	G6Z76_0001350	Acrcha
OG0008092_00	LOCUS12688	Laspla
OG0008093_00	G6Z76_0003943	Acrcha
OG0008094_00	LOCUS5955	Laspla
OG0008095_00	LOCUS6242	Laspla
OG0008096_00	LOCUS13639	Laspla
OG0008097_00	LOCUS13262	Laspla
OG0008098_00	LOCUS13238	Laspla
OG0008099_00	LOCUS13454	Laspla
OG0008100_00	LOCUS5612	Laspla
OG0008101_00	LOCUS11731	Laspla
OG0008102_00	G6Z77_0003552	Acrhey
OG0008103_00	LOCUS12346-2	Laspla
OG0008104_00	LOCUS12348	Laspla
OG0008105_00	LOCUS2956	Laspla
OG0008106_00	LOCUS2939	Laspla
OG0008107_00	LOCUS3666	Laspla
OG0008108_00	LOCUS2654	Laspla
OG0008109_00	G6Z76_0007917	Acrcha
OG0008110_00	LOCUS10725	Laspla
OG0008111_00	LOCUS2820	Laspla
OG0008112_00	LOCUS2822	Laspla
OG0008113_00	LOCUS5241	Laspla
OG0008114_00	LOCUS6998	Laspla
OG0008115_00	G6Z76_0006048	Acrcha
OG0008116_00	G6Z76_0002051	Acrcha
OG0008117_00	LOCUS1896	Laspla
OG0008118_00	LOCUS193	Laspla
OG0008119_00	G6Z76_0007512	Acrcha
OG0008120_00	LOCUS46-2	Laspla
OG0008121_00	LOCUS9089	Laspla
OG0008122_00	LOCUS8649	Laspla
OG0008123_00	LOCUS7178	Laspla
OG0008124_00	LOCUS14351	Laspla
OG0008125_00	LOCUS7337	Laspla
OG0008126_00	LOCUS10237	Laspla
OG0008127_00	LOCUS2500	Laspla
OG0008128_00	LOCUS5340	Laspla
OG0008129_00	LOCUS7275	Laspla
OG0008130_00	LOCUS7211	Laspla
OG0008131_00	LOCUS12176	Laspla
OG0008132_00	LOCUS2778	Laspla
OG0008133_00	LOCUS6752	Laspla
OG0008134_00	LOCUS4230	Laspla
OG0008135_00	G6Z76_0012073	Acrcha
OG0008136_00	LOCUS3959	Laspla
OG0008137_00	LOCUS3896	Laspla
OG0008138_00	LOCUS13876	Laspla
OG0008139_00	LOCUS13872	Laspla
OG0008140_00	G6Z76_0008601	Acrcha
OG0008141_00	G6Z76_0002896	Acrcha
OG0008142_00	LOCUS2564	Laspla
OG0008143_00	LOCUS4755-2	Laspla
OG0008144_00	LOCUS13759	Laspla
OG0008145_00	LOCUS1074	Laspla
OG0008146_00	LOCUS4619	Laspla
OG0008147_00	LOCUS492	Laspla
OG0008148_00	LOCUS5054-2	Laspla
OG0008149_00	LOCUS7512-2	Laspla
OG0008150_00	LOCUS11064	Laspla
OG0008151_00	ACFW04_008189	Catnig
OG0008152_00	LOCUS10872	Laspla
OG0008153_00	LOCUS11218	Laspla
OG0008154_00	LOCUS14412	Laspla
OG0008155_00	LOCUS2244	Laspla
OG0008156_00	G6Z76_0009954	Acrcha
OG0008157_00	LOCUS14475	Laspla
OG0008158_00	LOCUS5384	Laspla
OG0008159_00	LOCUS3945	Laspla
OG0008160_00	LOCUS13151	Laspla
OG0008161_00	G6Z76_0004811	Acrcha
OG0008162_00	LOCUS8452	Laspla
OG0008163_00	LOCUS10431	Laspla
OG0008164_00	G6Z77_0003291	Acrhey
OG0008165_00	G6Z76_0007671	Acrcha
OG0008166_00	LOCUS8203	Laspla
OG0008167_00	G6Z76_0008983	Acrcha
OG0008168_00	LOCUS11034	Laspla
OG0008169_00	LOCUS2103	Laspla
OG0008171_00	LOCUS10303	Laspla
OG0008173_00	LOCUS11843	Laspla
OG0008174_00	LOCUS6693	Laspla
OG0008175_00	LOCUS2529	Laspla
OG0008176_00	seven-up_g17412_i1	Acafer
OG0008177_00	LOCUS1014	Laspla
OG0008178_00	LOCUS7270	Laspla
OG0008179_00	LOCUS319	Laspla
OG0008180_00	G6Z76_0011489	Acrcha
OG0008181_00	G6Z77_0000330	Acrhey
OG0008182_00	LOCUS4107	Laspla
OG0008183_00	LOCUS1052	Laspla
OG0008184_00	LOCUS3072	Laspla
OG0008185_00	LOCUS7267	Laspla
OG0008186_00	LOCUS179-3	Laspla
OG0008187_00	G6Z76_0002248	Acrcha
OG0008188_00	LOCUS6641	Laspla
OG0008189_00	G6Z76_0004970	Acrcha
OG0008190_00	G6Z76_0009451	Acrcha
OG0008191_00	LOCUS12977	Laspla
OG0008192_00	LOCUS2251	Laspla
OG0008193_00	G6Z76_0009116	Acrcha
OG0008194_00	Chaperonins_g15000_i1	Acafer
OG0008195_00	G6Z76_0003974	Acrcha
OG0008196_00	LOCUS2724	Laspla
OG0008197_00	LOCUS2930	Laspla
OG0008199_00	LOCUS5711	Laspla
OG0008200_00	LOCUS8054-2	Laspla
OG0008201_00	G6Z76_0007389	Acrcha
OG0008202_00	LOCUS264	Laspla
OG0008203_00	G6Z76_0000633	Acrcha
OG0008204_00	LOCUS762	Laspla
OG0008205_00	LOCUS14696	Laspla
OG0008206_00	G6Z76_0010995	Acrcha
OG0008207_00	LOCUS3873	Laspla
OG0008208_00	LOCUS10595	Laspla
OG0008209_00	LOCUS1144	Laspla
OG0008210_00	LOCUS11804	Laspla
OG0008211_00	G6Z76_0000169	Acrcha
OG0008212_00	LOCUS3106-2	Laspla
OG0008213_00	G6Z76_0007227	Acrcha
OG0008214_00	LOCUS3328	Laspla
OG0008215_00	G6Z76_0013417	Acrcha
OG0008216_00	G6Z76_0005826	Acrcha
OG0008217_00	LOCUS6243	Laspla
OG0008218_00	LOCUS13652	Laspla
OG0008219_00	LOCUS12980	Laspla
OG0008220_00	LOCUS13265	Laspla
OG0008221_00	LOCUS12344	Laspla
OG0008222_00	LOCUS12347	Laspla
OG0008223_00	LOCUS14073	Laspla
OG0008224_00	LOCUS1195	Laspla
OG0008225_00	LOCUS5284	Laspla
OG0008226_00	G6Z76_0009586	Acrcha
OG0008227_00	G6Z76_0012969	Acrcha
OG0008228_00	LOCUS387	Laspla
OG0008229_00	LOCUS742	Laspla
OG0008230_00	LOCUS14463	Laspla
OG0008231_00	LOCUS9513	Laspla
OG0008232_00	LOCUS10695	Laspla
OG0008233_00	G6Z76_0011201	Acrcha
OG0008234_00	LOCUS11418	Laspla
OG0008235_00	LOCUS2823	Laspla
OG0008236_00	LOCUS1948	Laspla
OG0008237_00	LOCUS1150	Laspla
OG0008238_00	LOCUS14586	Laspla
OG0008239_00	LOCUS5638	Laspla
OG0008240_00	G6Z76_0012919	Acrcha
OG0008241_00	LOCUS2969	Laspla
OG0008242_00	LOCUS6380-2	Laspla
OG0008243_00	LOCUS9172	Laspla
OG0008244_00	LOCUS8899	Laspla
OG0008245_00	G6Z76_0011753	Acrcha
OG0008246_00	LOCUS2666	Laspla
OG0008247_00	LOCUS10718	Laspla
OG0008248_00	LOCUS7176	Laspla
OG0008249_00	LOCUS12872	Laspla
OG0008250_00	LOCUS4077	Laspla
OG0008251_00	LOCUS14111	Laspla
OG0008252_00	G6Z76_0009316	Acrcha
OG0008253_00	G6Z76_0008579	Acrcha
OG0008254_00	G6Z75_0010168	Acrins
OG0008255_00	G6Z76_0014191	Acrcha
OG0008256_00	G6Z76_0014190	Acrcha
OG0008257_00	LOCUS7350	Laspla
OG0008258_00	LOCUS489	Laspla
OG0008259_00	ACFW04_002083	Catnig
OG0008260_00	G6Z76_0012721	Acrcha
OG0008261_00	LOCUS11650	Laspla
OG0008262_00	LOCUS1941	Laspla
OG0008263_00	LOCUS32	Laspla
OG0008264_00	LOCUS12776-2	Laspla
OG0008265_00	LOCUS10998	Laspla
OG0008266_00	LOCUS10950	Laspla
OG0008267_00	LOCUS2408	Laspla
OG0008268_00	LOCUS13989-2	Laspla
OG0008269_00	LOCUS8426	Laspla
OG0008270_00	LOCUS8463	Laspla
OG0008271_00	LOCUS13875	Laspla
OG0008272_00	LOCUS9381	Laspla
OG0008273_00	LOCUS6391	Laspla
OG0008274_00	LOCUS12010	Laspla
OG0008275_00	LOCUS12144	Laspla
OG0008276_00	G6Z76_0012798	Acrcha
OG0008277_00	G6Z76_0009677	Acrcha
OG0008278_00	G6Z76_0012223	Acrcha
OG0008281_00	G6Z77_0012869	Acrhey
OG0008284_00	LOCUS2980	Laspla
OG0008285_00	G6Z76_0011976	Acrcha
OG0008286_00	G6Z76_0010696	Acrcha
OG0008287_00	LOCUS3487	Laspla
OG0008288_00	LOCUS2947	Laspla
OG0008289_00	HOX_domain_g16708_i1	Acafer
OG0008290_00	G6Z76_0013083	Acrcha
OG0008291_00	G6Z76_0008074	Acrcha
OG0008292_00	Ankyrin_g06135_i1	Acafer
OG0008293_00	G6Z76_0013557	Acrcha
OG0008294_00	LOCUS8797	Laspla
OG0008295_00	LOCUS1903	Laspla
OG0008296_00	LOCUS7734	Laspla
OG0008297_00	LOCUS8517	Laspla
OG0008298_00	LOCUS12725	Laspla
OG0008299_00	LOCUS11797	Laspla
OG0008300_00	PHD_finger_g00494_i12	Forexs
OG0008301_00	LOCUS7790	Laspla
OG0008302_00	LOCUS80	Laspla
OG0008303_00	LOCUS8221	Laspla
OG0008304_00	HOX_domain_g03900_i2	Acrech
OG0008305_00	G6Z76_0013945	Acrcha
OG0008306_00	LOCUS5975	Laspla
OG0008307_00	LOCUS5624	Laspla
OG0008308_00	LOCUS8982	Laspla
OG0008309_00	LOCUS2700-2	Laspla
OG0008310_00	LOCUS5555	Laspla
OG0008311_00	LOCUS14453	Laspla
OG0008312_00	LOCUS5395	Laspla
OG0008313_00	LOCUS11152	Laspla
OG0008314_00	LOCUS6494	Laspla
OG0008315_00	LOCUS3441	Laspla
OG0008316_00	G6Z76_0013601	Acrcha
OG0008317_00	LOCUS12537	Laspla
OG0008318_00	LOCUS12339	Laspla
OG0008319_00	LOCUS12343	Laspla
OG0008320_00	LOCUS5283	Laspla
OG0008321_00	G6Z76_0010527	Acrcha
OG0008322_00	G6Z76_0000788	Acrcha
OG0008323_00	G6Z76_0000789	Acrcha
OG0008324_00	LOCUS11455	Laspla
OG0008325_00	LOCUS5187	Laspla
OG0008326_00	LOCUS188	Laspla
OG0008327_00	G6Z76_0013334	Acrcha
OG0008328_00	LOCUS8840-2	Laspla
OG0008329_00	LOCUS8813	Laspla
OG0008330_00	LOCUS12299	Laspla
OG0008331_00	LOCUS6373	Laspla
OG0008332_00	LOCUS5446	Laspla
OG0008333_00	LOCUS4305	Laspla
OG0008334_00	LOCUS4362	Laspla
OG0008335_00	LOCUS13863	Laspla
OG0008336_00	G6Z76_0007659	Acrcha
OG0008337_00	LOCUS2402	Laspla
OG0008338_00	G6Z76_0014193	Acrcha
OG0008339_00	LOCUS11875	Laspla
OG0008340_00	LOCUS3780	Laspla
OG0008341_00	LOCUS5062	Laspla
OG0008342_00	LOCUS13850	Laspla
OG0008343_00	G6Z76_0007672	Acrcha
OG0008344_00	G6Z76_0012597	Acrcha
OG0008345_00	CCHamide-2_g07382_i1	Acafer
OG0008346_00	LOCUS8854	Laspla
OG0008347_00	LOCUS10299	Laspla
OG0008349_00	G6Z76_0012382	Acrcha
OG0008350_00	LOCUS5984	Laspla
OG0008351_00	G6Z76_0008610	Acrcha
OG0008352_00	LOCUS661	Laspla
OG0008353_00	LOCUS3331	Laspla
OG0008354_00	G6Z76_0005165	Acrcha
OG0008356_00	G6Z76_0012059	Acrcha
OG0008357_00	G6Z76_0006261	Acrcha
OG0008358_00	G6Z77_0001632	Acrhey
OG0008359_00	LOCUS13766	Laspla
OG0008360_00	LOCUS3916	Laspla
OG0008361_00	LOCUS3439	Laspla
OG0008362_00	G6Z76_0006621	Acrcha
OG0008363_00	LOCUS14116	Laspla
OG0008364_00	Ankyrin_g08686_i1	Acafer
OG0008365_00	LOCUS8862	Laspla
OG0008366_00	LOCUS2650	Laspla
OG0008367_00	LOCUS2825	Laspla
OG0008368_00	G6Z76_0006473	Acrcha
OG0008369_00	Peptidase_M14_carboxypeptidase_A_g02615_i1	Dinqua
OG0008370_00	Alpha_beta_hydrolase_fold-1_g18280_i1	Acafer
OG0008371_00	LOCUS10279	Laspla
OG0008372_00	LOCUS12687	Laspla
OG0008373_00	G6Z76_0002236	Acrcha
OG0008374_00	LOCUS1977	Laspla
OG0008375_00	LOCUS3783	Laspla
OG0008376_00	LOCUS10411-2	Laspla
OG0008377_00	LOCUS5462	Laspla
OG0008378_00	LOCUS4564	Laspla
OG0008379_00	LOCUS2293	Laspla
OG0008380_00	LOCUS11703	Laspla
OG0008381_00	LOCUS7738	Laspla
OG0008382_00	G6Z76_0005592	Acrcha
OG0008383_00	LOCUS13072	Laspla
OG0008384_00	LOCUS8720	Laspla
OG0008385_00	G6Z76_0011770	Acrcha
OG0008386_00	LOCUS11718	Laspla
OG0008387_00	Allatostatin-C_g02507_i1	Acrame
OG0008388_00	LOCUS6413	Laspla
OG0008389_00	G6Z76_0012241	Acrcha
OG0008390_00	LOCUS3344	Laspla
OG0008391_00	LOCUS6179	Laspla
OG0008392_00	LOCUS9514	Laspla
OG0008393_00	LOCUS12965	Laspla
OG0008394_00	LOCUS12990-4	Laspla
OG0008395_00	G6Z76_0002507	Acrcha
OG0008396_00	LOCUS13025	Laspla
OG0008397_00	G6Z76_0002120	Acrcha
OG0008398_00	LOCUS7866	Laspla
OG0008399_00	ACFW04_006459	Catnig
OG0008400_00	LOCUS9482	Laspla
OG0008401_00	LOCUS14662-2	Laspla
OG0008402_00	LOCUS2975	Laspla
OG0008403_00	LOCUS8671	Laspla
OG0008404_00	G6Z76_0014219	Acrcha
OG0008405_00	G6Z76_0012284	Acrcha
OG0008406_00	G6Z76_0002098	Acrcha
OG0008407_00	G6Z76_0011877	Acrcha
OG0008408_00	LOCUS3800	Laspla
OG0008409_00	LOCUS7720-2	Laspla
OG0008410_00	LOCUS12998	Laspla
OG0008411_00	G6Z76_0002364	Acrcha
OG0008412_00	LOCUS7990	Laspla
OG0008413_00	LOCUS12003	Laspla
OG0008414_00	CCHamide-1_g07381_i1	Acafer
OG0008415_00	Peptidase_S1_S6_chymotrypsin_Hap_g07917_i1	Acafer
OG0008416_00	LOCUS11856	Laspla
OG0008417_00	LOCUS13534	Laspla
OG0008418_00	ACFW04_011022	Catnig
OG0008419_00	LOCUS3925	Laspla
OG0008420_00	LOCUS34	Laspla
OG0008421_00	G6Z76_0002697	Acrcha
OG0008422_00	Peptidase_M14_carboxypeptidase_A_g12066_i1	Acafer
OG0008423_00	G6Z76_0000946	Acrcha
OG0008424_00	LOCUS13602	Laspla
OG0008425_00	LOCUS6018	Laspla
OG0008426_00	LOCUS14646	Laspla
OG0008427_00	LOCUS4644	Laspla
OG0008428_00	LOCUS6461	Laspla
OG0008429_00	G6Z76_0008374	Acrcha
OG0008430_00	LOCUS6829	Laspla
OG0008431_00	G6Z76_0009003	Acrcha
OG0008432_00	LOCUS1167	Laspla
OG0008433_00	LOCUS12898	Laspla
OG0008434_00	LOCUS7621-2	Laspla
OG0008435_00	LOCUS12181	Laspla
OG0008436_00	HOX_domain_g13568_i1	Acafer
OG0008438_00	Peptidase_M12B_ADAM_reprolysin_g00489_i1	Acafer
OG0008439_00	LOCUS2491	Laspla
OG0008440_00	LOCUS2254	Laspla
OG0008441_00	LOCUS13557	Laspla
OG0008442_00	G6Z76_0014538	Acrcha
OG0008443_00	LOCUS13914	Laspla
OG0008444_00	LOCUS11707	Laspla
OG0008445_00	LOCUS3610	Laspla
OG0008446_00	LOCUS7483	Laspla
OG0008447_00	G6Z76_0004385	Acrcha
OG0008448_00	LOCUS5110	Laspla
OG0008449_00	LOCUS3226	Laspla
OG0008450_00	G6Z76_0009200	Acrcha
OG0008451_00	LOCUS1292	Laspla
OG0008452_00	LOCUS10864	Laspla
OG0008453_00	G6Z76_0003157	Acrcha
OG0008454_00	G6Z76_0011799	Acrcha
OG0008455_00	ACFW04_002789	Catnig
OG0008456_00	G6Z76_0013955	Acrcha
OG0008457_00	LOCUS2083	Laspla
OG0008458_00	LOCUS8767	Laspla
OG0008459_00	G6Z76_0000174	Acrcha
OG0008460_00	LOCUS13782	Laspla
OG0008461_00	LOCUS12297	Laspla
OG0008462_00	G6Z76_0010005	Acrcha
OG0008463_00	LOCUS14426	Laspla
OG0008464_00	LOCUS12149	Laspla
OG0008465_00	LOCUS4212	Laspla
OG0008466_00	LOCUS4232	Laspla
OG0008467_00	LOCUS3751	Laspla
OG0008468_00	LOCUS992	Laspla
OG0008469_00	LOC112464433	Temcur
OG0008470_00	LOCUS8421	Laspla
OG0008471_00	LOCUS10154	Laspla
OG0008472_00	Bursicon_g13262_i1	Acafer
OG0008475_00	LOCUS3524	Laspla
OG0008476_00	LOCUS7729	Laspla
OG0008477_00	LOCUS13089	Laspla
OG0008478_00	LOCUS9171	Laspla
OG0008479_00	LOCUS10491	Laspla
OG0008480_00	G6Z76_0013880	Acrcha
OG0008481_00	LOCUS6702	Laspla
OG0008482_00	LOCUS6063	Laspla
OG0008484_00	G6Z76_0008192	Acrcha
OG0008485_00	LOCUS14016	Laspla
OG0008486_00	G6Z76_0003355	Acrcha
OG0008487_00	LOCUS13853	Laspla
OG0008488_00	LOCUS2849	Laspla
OG0008489_00	LOCUS2619	Laspla
OG0008490_00	G6Z76_0005155	Acrcha
OG0008491_00	LOCUS13794	Laspla
OG0008492_00	LOCUS9566	Laspla
OG0008493_00	ACFW04_010169	Catnig
OG0008494_00	LOCUS7748-2	Laspla
OG0008495_00	LOCUS5465	Laspla
OG0008496_00	LOCUS8943	Laspla
OG0008497_00	G6Z77_0002018	Acrhey
OG0008498_00	LOCUS10106	Laspla
OG0008499_00	G6Z76_0002732	Acrcha
OG0008500_00	LOCUS5314	Laspla
OG0008501_00	LOCUS14429	Laspla
OG0008502_00	LOCUS4228	Laspla
OG0008503_00	LOCUS4964	Laspla
OG0008504_00	LOCUS7702	Laspla
OG0008505_00	G6Z75_0001636	Acrins
OG0008506_00	LOCUS2176	Laspla
OG0008507_00	G6Z76_0012758	Acrcha
OG0008508_00	LOCUS2914	Laspla
OG0008511_00	LOCUS13513	Laspla
OG0008512_00	LOCUS8207	Laspla
OG0008513_00	G6Z76_0003533	Acrcha
OG0008514_00	G6Z76_0002523	Acrcha
OG0008515_00	LOCUS2531	Laspla
OG0008516_00	LOCUS2208	Laspla
OG0008517_00	LOCUS1293	Laspla
OG0008518_00	LOCUS3434	Laspla
OG0008519_00	LOCUS12251	Laspla
OG0008520_00	LOCUS1912	Laspla
OG0008521_00	G6Z77_0012175	Acrhey
OG0008522_00	G6Z77_0001562	Acrhey
OG0008523_00	LOCUS6067	Laspla
OG0008524_00	LOCUS2525	Laspla
OG0008526_00	LOCUS14024	Laspla
OG0008528_00	LOCUS7712	Laspla
OG0008529_00	Elongases_g13129_i1	Acafer
OG0008530_00	LOCUS12760	Laspla
OG0008531_00	G6Z76_0008720	Acrcha
OG0008532_00	LOCUS14413	Laspla
OG0008534_00	LOCUS3075	Laspla
OG0008535_00	LOCUS2938	Laspla
OG0008536_00	LOCUS13616	Laspla
OG0008537_00	LOCUS9454	Laspla
OG0008538_00	LOCUS8724	Laspla
OG0008539_00	LOCUS12657	Laspla
OG0008540_00	LOCUS8790	Laspla
OG0008541_00	LOCUS7177	Laspla
OG0008542_00	LOCUS4311	Laspla
OG0008543_00	LOCUS3953	Laspla
OG0008544_00	G6Z76_0010701	Acrcha
OG0008545_00	LOCUS9504	Laspla
OG0008546_00	ACFW04_008873	Catnig
OG0008547_00	G6Z76_0011030	Acrcha
OG0008548_00	Peptidase_S1_S6_chymotrypsin_Hap_g07916_i1	Acafer
OG0008552_00	G6Z76_0006249	Acrcha
OG0008553_00	LOCUS4966	Laspla
OG0008554_00	LOCUS5773	Laspla
OG0008555_00	G6Z76_0003078	Acrcha
OG0008556_00	LOCUS10175	Laspla
OG0008557_00	G6Z77_0012317	Acrhey
OG0008558_00	LOCUS9120	Laspla
OG0008560_00	LOCUS13986	Laspla
OG0008561_00	LOCUS8293	Laspla
OG0008562_00	LOCUS5013	Laspla
OG0008563_00	G6Z78_0011788	Psearg
OG0008564_00	ACFW04_003096	Catnig
OG0008565_00	Alpha_beta_hydrolase_fold-1_g10667_i1	Acafer
OG0008566_00	G6Z76_0006538	Acrcha
OG0008567_00	LOCUS5735	Laspla
OG0008568_00	G6Z76_0006443	Acrcha
OG0008570_00	G6Z76_0007969	Acrcha
OG0008571_00	LOCUS4584	Laspla
OG0008572_00	LOCUS10538	Laspla
OG0008573_00	LOCUS1297	Laspla
OG0008574_00	Peptidase_M41_FtsH_extracellular_g01257_i1	Caralt
OG0008575_00	LOCUS2768	Laspla
OG0008576_00	LOCUS3089	Laspla
OG0008577_00	LOCUS13483	Laspla
OG0008578_00	G6Z76_0008439	Acrcha
OG0008579_00	HN011_011100	Ecibur
OG0008580_00	ACFW04_002330	Catnig
OG0008581_00	LOCUS6781	Laspla
OG0008582_00	LOCUS6073	Laspla
OG0008583_00	LOCUS12338	Laspla
OG0008584_00	LOCUS13754	Laspla
OG0008585_00	LOCUS5625	Laspla
OG0008586_00	LOCUS662	Laspla
OG0008587_00	LOCUS11006	Laspla
OG0008588_00	G6Z76_0013248	Acrcha
OG0008589_00	G6Z76_0008767	Acrcha
OG0008590_00	LOCUS1057	Laspla
OG0008591_00	LOCUS3704	Laspla
OG0008592_00	G6Z76_0012715	Acrcha
OG0008593_00	LOCUS9885	Laspla
OG0008594_00	LOCUS13839	Laspla
OG0008595_00	LOCUS12993	Laspla
OG0008596_00	G6Z76_0014262	Acrcha
OG0008597_00	G6Z76_0002509	Acrcha
OG0008598_00	LOCUS11859	Laspla
OG0008599_00	LOCUS218	Laspla
OG0008600_00	LOCUS5980	Laspla
OG0008602_00	LOCUS5085	Laspla
OG0008603_00	G6Z76_0009002	Acrcha
OG0008604_00	G6Z76_0011527	Acrcha
OG0008605_00	LOCUS5937	Laspla
OG0008606_00	G6Z76_0002979	Acrcha
OG0008607_00	LOCUS8416	Laspla
OG0008608_00	g14631_i1	Acafer
OG0008609_00	G6Z76_0012355	Acrcha
OG0008610_00	LOCUS7956	Laspla
OG0008611_00	LOCUS398	Laspla
OG0008612_00	LOCUS8704	Laspla
OG0008613_00	LOCUS5931	Laspla
OG0008614_00	LOCUS1286	Laspla
OG0008615_00	LOCUS6747	Laspla
OG0008616_00	G6Z75_0007178	Acrins
OG0008617_00	LOCUS3118	Laspla
OG0008618_00	LOCUS13244	Laspla
OG0008619_00	LOCUS4599	Laspla
OG0008620_00	LOCUS10711	Laspla
OG0008621_00	LOCUS5488	Laspla
OG0008622_00	G6Z76_0011491	Acrcha
OG0008623_00	LOCUS2693	Laspla
OG0008624_00	ACFW04_000430	Catnig
OG0008625_00	G6Z76_0003449	Acrcha
OG0008626_00	G6Z75_0002962	Acrins
OG0008627_00	G6Z76_0011309	Acrcha
OG0008628_00	LOCUS10934	Laspla
OG0008629_00	LOCUS14005	Laspla
OG0008630_00	LOCUS10375	Laspla
OG0008631_00	G6Z76_0009686	Acrcha
OG0008632_00	G6Z76_0001779	Acrcha
OG0008633_00	LOCUS2668	Laspla
OG0008636_00	G6Z76_0002512	Acrcha
OG0008637_00	G6Z76_0007274	Acrcha
OG0008638_00	G6Z76_0001349	Acrcha
OG0008639_00	G6Z76_0000389	Acrcha
OG0008640_00	LOCUS3476	Laspla
OG0008641_00	LOCUS11340	Laspla
OG0008642_00	LOCUS14560-2	Laspla
OG0008643_00	LOCUS5428	Laspla
OG0008644_00	LOCUS6779-2	Laspla
OG0008645_00	G6Z76_0009964	Acrcha
OG0008646_00	LOCUS2201	Laspla
OG0008647_00	LOCUS10273	Laspla
OG0008648_00	LOCUS10278	Laspla
OG0008649_00	LOCUS10888	Laspla
OG0008650_00	LOCUS6996	Laspla
OG0008651_00	LOCUS3098-2	Laspla
OG0008652_00	LOCUS1148	Laspla
OG0008653_00	LOCUS2066	Laspla
OG0008654_00	LOCUS2186	Laspla
OG0008655_00	LOCUS10914	Laspla
OG0008656_00	G6Z76_0008869	Acrcha
OG0008657_00	LOCUS10980	Laspla
OG0008658_00	LOCUS2620	Laspla
OG0008659_00	LOCUS2165	Laspla
OG0008660_00	LOCUS3432	Laspla
OG0008661_00	LOCUS3343	Laspla
OG0008662_00	LOCUS12851	Laspla
OG0008663_00	LOCUS3360	Laspla
OG0008664_00	G6Z76_0005190	Acrcha
OG0008665_00	LOCUS828	Laspla
OG0008666_00	LOCUS8080-2	Laspla
OG0008667_00	G6Z76_0002766	Acrcha
OG0008668_00	G6Z76_0003578	Acrcha
OG0008669_00	LOCUS12237	Laspla
OG0008670_00	Glutathione_S-transferases_g07193_i1	Acafer
OG0008672_00	LOCUS12484	Laspla
OG0008675_00	LOCUS3033	Laspla
OG0008676_00	LOCUS7777	Laspla
OG0008677_00	LOCUS12106	Laspla
OG0008678_00	LOCUS1188	Laspla
OG0008679_00	LOCUS5470	Laspla
OG0008680_00	LOCUS9498	Laspla
OG0008681_00	LOCUS8693	Laspla
OG0008682_00	LOCUS13624	Laspla
OG0008683_00	G6Z76_0014137	Acrcha
OG0008684_00	LOCUS2758	Laspla
OG0008685_00	LOCUS7134	Laspla
OG0008686_00	transformer-2_g10116_i1	Acafer
OG0008687_00	LOCUS11237	Laspla
OG0008688_00	LOCUS6425	Laspla
OG0008689_00	LOCUS265	Laspla
OG0008690_00	ACFW04_011602	Catnig
OG0008691_00	LOCUS10007	Laspla
OG0008692_00	G6Z77_0001544	Acrhey
OG0008693_00	LOCUS7183	Laspla
OG0008694_00	G6Z76_0013776	Acrcha
OG0008695_00	LOCUS11124	Laspla
OG0008696_00	LOCUS6753	Laspla
OG0008697_00	LOCUS12892	Laspla
OG0008698_00	LOCUS6155	Laspla
OG0008699_00	G6Z76_0012764	Acrcha
OG0008701_00	LOCUS10304	Laspla
OG0008703_00	Peptidase_S1_S6_chymotrypsin_Hap_g12902_i1	Acafer
OG0008704_00	LOCUS5285	Laspla
OG0008706_00	LOCUS7836	Laspla
OG0008707_00	LOCUS14598	Laspla
OG0008708_00	G6Z76_0006274	Acrcha
OG0008709_00	ACFW04_005284	Catnig
OG0008710_00	ACFW04_002391	Catnig
OG0008712_00	LOCUS6173	Laspla
OG0008713_00	G6Z76_0006209	Acrcha
OG0008714_00	G6Z76_0013043	Acrcha
OG0008715_00	LOCUS12107	Laspla
OG0008716_00	G6Z76_0009524	Acrcha
OG0008717_00	LOCUS6774	Laspla
OG0008719_00	LOCUS13666	Laspla
OG0008720_00	LOCUS5739	Laspla
OG0008721_00	LOCUS5702	Laspla
OG0008722_00	LOCUS12427	Laspla
OG0008723_00	G6Z76_0001782	Acrcha
OG0008724_00	LOCUS3165	Laspla
OG0008725_00	LOCUS13076	Laspla
OG0008726_00	G6Z76_0007329	Acrcha
OG0008727_00	LOCUS13335	Laspla
OG0008728_00	LOCUS2080	Laspla
OG0008729_00	LOCUS5657	Laspla
OG0008730_00	G6Z76_0011431	Acrcha
OG0008731_00	LOCUS3622	Laspla
OG0008732_00	LOCUS11035	Laspla
OG0008733_00	LOCUS6959	Laspla
OG0008734_00	LOCUS5055	Laspla
OG0008735_00	LOCUS11854	Laspla
OG0008738_00	LOCUS8283	Laspla
OG0008739_00	LOCUS7259	Laspla
OG0008740_00	Glutathione_S-transferases_g15553_i1	Acrame
OG0008741_00	G6Z76_0010956	Acrcha
OG0008742_00	G6Z76_0000786	Acrcha
OG0008743_00	LOCUS8317	Laspla
OG0008744_00	LOCUS178	Laspla
OG0008745_00	LOCUS5018	Laspla
OG0008746_00	G6Z76_0005071	Acrcha
OG0008747_00	G6Z76_0013472	Acrcha
OG0008748_00	LOCUS7602	Laspla
OG0008749_00	LOCUS3173	Laspla
OG0008750_00	LOCUS1957	Laspla
OG0008751_00	G6Z76_0013636	Acrcha
OG0008752_00	LOCUS13360	Laspla
OG0008753_00	LOCUS4030	Laspla
OG0008755_00	LOCUS124	Laspla
OG0008756_00	LOCUS10638	Laspla
OG0008757_00	LOCUS2217	Laspla
OG0008758_00	LOCUS3638	Laspla
OG0008759_00	Peptidase_S1_S6_chymotrypsin_Hap_g09531_i1	Acafer
OG0008760_00	G6Z76_0008592	Acrcha
OG0008761_00	G6Z75_0001751	Acrins
OG0008762_00	LOCUS7033	Laspla
OG0008763_00	LOCUS11256	Laspla
OG0008764_00	LOCUS995	Laspla
OG0008765_00	G6Z75_0005588	Acrins
OG0008766_00	G6Z76_0000311	Acrcha
OG0008767_00	LOCUS4340	Laspla
OG0008768_00	LOCUS3989	Laspla
OG0008769_00	G6Z76_0011514	Acrcha
OG0008770_00	Cytochrome_P450_g14796_i1	Acafer
OG0008771_00	LOCUS13529	Laspla
OG0008773_00	LOCUS3749	Laspla
OG0008774_00	LOCUS13834	Laspla
OG0008775_00	G6Z76_0003542	Acrcha
OG0008776_00	LOCUS10053	Laspla
OG0008777_00	G6Z76_0013051	Acrcha
OG0008778_00	G6Z76_0010282	Acrcha
OG0008779_00	LOCUS8049	Laspla
OG0008780_00	LOCUS13369	Laspla
OG0008781_00	G6Z76_0005059	Acrcha
OG0008782_00	ACFW04_004876	Catnig
OG0008783_00	G6Z76_0004995	Acrcha
OG0008784_00	LOCUS10782	Laspla
OG0008785_00	LOCUS12400	Laspla
OG0008786_00	Glutathione_S-transferases_g14791_i1	Acafer
OG0008787_00	G6Z76_0012415	Acrcha
OG0008788_00	LOCUS14521	Laspla
OG0008789_00	LOCUS1911	Laspla
OG0008790_00	LOCUS9134	Laspla
OG0008791_00	LOCUS3055	Laspla
OG0008792_00	LOCUS9475	Laspla
OG0008793_00	LOCUS6782	Laspla
OG0008794_00	LOCUS8890	Laspla
OG0008795_00	G6Z77_0003960	Acrhey
OG0008796_00	LOCUS13892	Laspla
OG0008797_00	LOCUS6349	Laspla
OG0008798_00	G6Z76_0014139	Acrcha
OG0008799_00	G6Z76_0011086	Acrcha
OG0008800_00	G6Z76_0002157	Acrcha
OG0008801_00	G6Z76_0012049	Acrcha
OG0008802_00	LOCUS3345	Laspla
OG0008803_00	LOCUS10816	Laspla
OG0008804_00	G6Z76_0000596	Acrcha
OG0008805_00	LOCUS14532	Laspla
OG0008806_00	G6Z77_0013415	Acrhey
OG0008807_00	G6Z76_0000966	Acrcha
OG0008808_00	LOCUS10111	Laspla
OG0008809_00	LOCUS6956	Laspla
OG0008810_00	LOCUS1077	Laspla
OG0008811_00	LOCUS7719	Laspla
OG0008812_00	G6Z76_0004147	Acrcha
OG0008813_00	Peptidase_S1_S6_chymotrypsin_Hap_g00515_i1	Acafer
OG0008815_00	LOCUS10418	Laspla
OG0008817_00	LOCUS4067	Laspla
OG0008819_00	LOCUS12447	Laspla
OG0008820_00	G6Z76_0009682	Acrcha
OG0008821_00	G6Z76_0014028	Acrcha
OG0008822_00	G6Z76_0002986	Acrcha
OG0008823_00	G6Z76_0006678	Acrcha
OG0008824_00	LOCUS14000	Laspla
OG0008825_00	G6Z77_0006001	Acrhey
OG0008826_00	LOCUS10793	Laspla
OG0008827_00	LOCUS857	Laspla
OG0008828_00	LOCUS4032	Laspla
OG0008830_00	LOCUS13528	Laspla
OG0008831_00	LOCUS8147	Laspla
OG0008832_00	LOCUS2891	Laspla
OG0008833_00	LOCUS9975	Laspla
OG0008834_00	LOCUS8139	Laspla
OG0008835_00	Peptidase_S1_S6_chymotrypsin_Hap_g12555_i1	Acrsub
OG0008836_00	LOCUS2833	Laspla
OG0008837_00	LOCUS5483	Laspla
OG0008838_00	LOCUS14713	Laspla
OG0008839_00	LOCUS2328	Laspla
OG0008840_00	LOCUS7244	Laspla
OG0008841_00	LOCUS7359	Laspla
OG0008843_00	LOCUS6794	Laspla
OG0008844_00	LOCUS1007	Laspla
OG0008845_00	LOCUS6165	Laspla
OG0008846_00	LOCUS2760	Laspla
OG0008847_00	LOCUS570	Laspla
OG0008848_00	LOCUS1970	Laspla
OG0008849_00	LOCUS12655	Laspla
OG0008850_00	ecdysone-induced_protein74_g14317_i1	Acrame
OG0008851_00	LOCUS10524	Laspla
OG0008852_00	LOCUS9382	Laspla
OG0008853_00	LOCUS3838	Laspla
OG0008854_00	LOCUS5468	Laspla
OG0008855_00	LOCUS3957	Laspla
OG0008856_00	LOCUS8540	Laspla
OG0008857_00	Peptidase_M12B_propeptide_g12877_i1	Acafer
OG0008858_00	LOCUS12866	Laspla
OG0008859_00	LOCUS5469	Laspla
OG0008860_00	LOCUS6241	Laspla
OG0008862_00	LOCUS2717	Laspla
OG0008864_00	Peptidase_S1_S6_chymotrypsin_Hap_g04213_i1	Acafer
OG0008865_00	LOCUS9986	Laspla
OG0008866_00	LOCUS11766	Laspla
OG0008867_00	LOCUS12816	Laspla
OG0008868_00	LOCUS9016	Laspla
OG0008870_00	LOCUS13669	Laspla
OG0008871_00	G6Z76_0014039	Acrcha
OG0008872_00	LOCUS792	Laspla
OG0008873_00	LOCUS10650	Laspla
OG0008875_00	LOCUS6664	Laspla
OG0008876_00	LOCUS2073	Laspla
OG0008877_00	Peptidase_M14_carboxypeptidase_A_g09554_i1	Acafer
OG0008878_00	LOCUS2435	Laspla
OG0008879_00	G6Z76_0000647	Acrcha
OG0008880_00	LOCUS7280	Laspla
OG0008881_00	LOCUS12768	Laspla
OG0008882_00	LOCUS12292	Laspla
OG0008885_00	LOCUS2984	Laspla
OG0008887_00	G6Z76_0012085	Acrcha
OG0008889_00	Peptidase_S1_S6_chymotrypsin_Hap_g06927_i1	Acafer
OG0008890_00	LOCUS12172-2	Laspla
OG0008891_00	G6Z76_0010700	Acrcha
OG0008892_00	Orcokinin_g10832_i1_split2	Acrech
OG0008893_00	G6Z78_0002758	Psearg
OG0008894_00	ACFW04_005252	Catnig
OG0008895_00	Ankyrin_g12545_i1	Acafer
OG0008896_00	LOCUS646	Laspla
OG0008897_00	LOCUS633	Laspla
OG0008898_00	LOCUS11272	Laspla
OG0008899_00	G6Z76_0002382	Acrcha
OG0008901_00	LOCUS2493	Laspla
OG0008902_00	LOCUS6833	Laspla
OG0008903_00	LOCUS3318	Laspla
OG0008904_00	LOCUS4259-2	Laspla
OG0008905_00	LOCUS14063	Laspla
OG0008906_00	LOCUS13067	Laspla
OG0008907_00	LOCUS12262	Laspla
OG0008908_00	G6Z76_0006568	Acrcha
OG0008909_00	LOCUS12525	Laspla
OG0008910_00	G6Z76_0012826	Acrcha
OG0008912_00	LOCUS6896	Laspla
OG0008913_00	LOCUS13427	Laspla
OG0008914_00	LOCUS7816	Laspla
OG0008915_00	G6Z76_0010299	Acrcha
OG0008916_00	G6Z77_0006588	Acrhey
OG0008917_00	LOCUS3956	Laspla
OG0008918_00	G6Z76_0003445	Acrcha
OG0008919_00	G6Z76_0011638	Acrcha
OG0008922_00	LOCUS14672	Laspla
OG0008924_00	LOCUS8834	Laspla
OG0008925_00	LOCUS6433	Laspla
OG0008926_00	LOCUS13180	Laspla
OG0008927_00	LOCUS13813	Laspla
OG0008928_00	LOCUS1208	Laspla
OG0008929_00	LOCUS9949	Laspla
OG0008930_00	G6Z76_0005229	Acrcha
OG0008932_00	LOCUS12581	Laspla
OG0008933_00	LOCUS10024	Laspla
OG0008935_00	G6Z76_0011486	Acrcha
OG0008936_00	LOCUS4254	Laspla
OG0008937_00	LOCUS12027	Laspla
OG0008938_00	LOCUS3607	Laspla
OG0008939_00	LOCUS3194	Laspla
OG0008940_00	LOCUS13734	Laspla
OG0008941_00	LOCUS10968	Laspla
OG0008942_00	G6Z76_0008375	Acrcha
OG0008943_00	Ankyrin_g00907_i2	Acafer
OG0008944_00	Cytochrome_P450_g01063_i1	Acafer
OG0008945_00	HOX_domain_g12686_i1	Acafer
OG0008946_00	LOCUS7537	Laspla
OG0008947_00	G6Z76_0014493	Acrcha
OG0008948_00	LOCUS8997	Laspla
OG0008949_00	LOCUS14571	Laspla
OG0008950_00	LOCUS10321	Laspla
OG0008951_00	G6Z76_0013296	Acrcha
OG0008952_00	LOCUS5918-3	Laspla
OG0008953_00	LOCUS2562	Laspla
OG0008954_00	LOCUS4649	Laspla
OG0008955_00	LOCUS2266	Laspla
OG0008956_00	LOCUS3309	Laspla
OG0008957_00	G6Z76_0001172	Acrcha
OG0008958_00	G6Z76_0001021	Acrcha
OG0008959_00	Distal-less_g03175_i1	Acrame
OG0008960_00	LOCUS4039	Laspla
OG0008961_00	LOCUS12287	Laspla
OG0008962_00	G6Z76_0005052	Acrcha
OG0008964_00	ACFW04_007534	Catnig
OG0008969_00	LOCUS3079	Laspla
OG0008970_00	LOCUS9199	Laspla
OG0008972_00	LOCUS9146	Laspla
OG0008973_00	LOCUS4322	Laspla
OG0008974_00	G6Z76_0000749	Acrcha
OG0008975_00	G6Z76_0003372	Acrcha
OG0008977_00	G6Z76_0014163	Acrcha
OG0008978_00	LOCUS3294-2	Laspla
OG0008979_00	G6Z76_0011916	Acrcha
OG0008980_00	G6Z76_0009699	Acrcha
OG0008981_00	G6Z76_0010903	Acrcha
OG0008983_00	LOCUS6129	Laspla
OG0008984_00	LOCUS12200	Laspla
OG0008986_00	Chromo-domain_g17753_i1	Acafer
OG0008987_00	LOCUS3975	Laspla
OG0008988_00	LOCUS696-2	Laspla
OG0008989_00	LOCUS12526	Laspla
OG0008990_00	LOCUS4170	Laspla
OG0008991_00	LOCUS10978	Laspla
OG0008992_00	G6Z76_0014261	Acrcha
OG0008993_00	LOCUS6854	Laspla
OG0008994_00	Peptidase_A1_Aspartic_protease_domain_g11118_i1	Plapyg
OG0008995_00	LOCUS3591	Laspla
OG0008996_00	G6Z76_0006085	Acrcha
OG0008997_00	LOCUS5475	Laspla
OG0008998_00	LOCUS3284	Laspla
OG0008999_00	LOCUS8679	Laspla
OG0009000_00	G6Z76_0003908	Acrcha
OG0009001_00	LOCUS8519	Laspla
OG0009004_00	G6Z76_0006489	Acrcha
OG0009005_00	Cytochrome_P450_g06716_i1	Acafer
OG0009006_00	LOCUS5452	Laspla
OG0009007_00	LOCUS13413	Laspla
OG0009008_00	LOCUS78	Laspla
OG0009009_00	LOCUS10277	Laspla
OG0009010_00	G6Z76_0001347	Acrcha
OG0009011_00	LOCUS7465	Laspla
OG0009012_00	LOC126854692	Cathis
OG0009013_00	LOCUS588	Laspla
OG0009014_00	LOCUS5574	Laspla
OG0009016_00	LOCUS7787	Laspla
OG0009017_00	LOCUS2772	Laspla
OG0009018_00	LOCUS5	Laspla
OG0009019_00	HOX_domain_g08378_i2	Acafer
OG0009020_00	LOCUS14735	Laspla
OG0009021_00	LOCUS5640	Laspla
OG0009022_00	LOCUS3727	Laspla
OG0009023_00	LOCUS14416	Laspla
OG0009024_00	LOCUS206	Laspla
OG0009025_00	G6Z76_0013769	Acrcha
OG0009026_00	LOCUS8175	Laspla
OG0009027_00	LOCUS6314	Laspla
OG0009028_00	LOCUS5572	Laspla
OG0009029_00	LOCUS6387	Laspla
OG0009031_00	LOCUS11396	Laspla
OG0009032_00	LOCUS6586	Laspla
OG0009033_00	sex_lethal_g09877_i1	Acafer
OG0009034_00	G6Z76_0007614	Acrcha
OG0009035_00	Peptidase_S1_S6_chymotrypsin_Hap_g05022_i1	Stibic
OG0009036_00	LOCUS386	Laspla
OG0009037_00	LOCUS3443	Laspla
OG0009038_00	LOCUS10328	Laspla
OG0009039_00	G6Z77_0014909	Acrhey
OG0009040_00	LOCUS3852	Laspla
OG0009041_00	LOCUS8053-2	Laspla
OG0009044_00	G6Z76_0005745	Acrcha
OG0009050_00	LOCUS13057	Laspla
OG0009051_00	LOCUS12714	Laspla
OG0009052_00	LOCUS13193	Laspla
OG0009053_00	G6Z76_0007906	Acrcha
OG0009054_00	G6Z77_0005702	Acrhey
OG0009055_00	g06714_i1	Acafer
OG0009056_00	LOCUS641	Laspla
OG0009057_00	LOCUS12259	Laspla
OG0009058_00	LOCUS2629	Laspla
OG0009059_00	LOCUS7781	Laspla
OG0009060_00	LOCUS6029	Laspla
OG0009062_00	LOCUS5670	Laspla
OG0009063_00	LOCUS7634	Laspla
OG0009064_00	LOCUS14584	Laspla
OG0009065_00	LOCUS9356	Laspla
OG0009066_00	G6Z76_0010471	Acrcha
OG0009067_00	G6Z76_0003771	Acrcha
OG0009068_00	G6Z76_0011551	Acrcha
OG0009069_00	LOCUS3188	Laspla
OG0009070_00	G6Z76_0001988	Acrcha
OG0009071_00	LOCUS2367	Laspla
OG0009072_00	Peptidase_S1_S6_chymotrypsin_Hap_g14916_i2	Acafer
OG0009073_00	G6Z76_0002139	Acrcha
OG0009074_00	LOCUS14666	Laspla
OG0009075_00	LOCUS12743	Laspla
OG0009076_00	LOCUS917	Laspla
OG0009077_00	LOCUS13259	Laspla
OG0009078_00	LOCUS9086	Laspla
OG0009079_00	LOCUS8337	Laspla
OG0009080_00	LOCUS7203	Laspla
OG0009081_00	LOCUS11690	Laspla
OG0009082_00	G6Z76_0011611	Acrcha
OG0009083_00	LOCUS3009	Laspla
OG0009084_00	G6Z76_0003166	Acrcha
OG0009085_00	LOCUS7291	Laspla
OG0009086_00	LOCUS8900	Laspla
OG0009087_00	G6Z76_0014316	Acrcha
OG0009088_00	LOCUS14428	Laspla
OG0009089_00	G6Z75_0014542	Acrins
OG0009090_00	LOCUS12584	Laspla
OG0009091_00	LOCUS4676	Laspla
OG0009092_00	G6Z76_0004684	Acrcha
OG0009093_00	ACFW04_005033	Catnig
OG0009095_00	LOCUS12482	Laspla
OG0009096_00	LOCUS8642	Laspla
OG0009097_00	LOCUS13530	Laspla
OG0009100_00	LOCUS11896	Laspla
OG0009101_00	LOCUS5084	Laspla
OG0009102_00	ACFW04_009239	Catnig
OG0009103_00	LOCUS3313	Laspla
OG0009104_00	LOCUS5320	Laspla
OG0009105_00	G6Z76_0001076	Acrcha
OG0009106_00	LOCUS11990	Laspla
OG0009107_00	G6Z76_0004349	Acrcha
OG0009108_00	LOCUS1958	Laspla
OG0009110_00	LOCUS11329	Laspla
OG0009111_00	HOX_domain_g04772_i1	Acafer
OG0009112_00	LOCUS8800	Laspla
OG0009113_00	LOCUS10999	Laspla
OG0009114_00	HOX_domain_g00921_i4	Anogra
OG0009115_00	LOCUS13366	Laspla
OG0009116_00	LOCUS4065	Laspla
OG0009117_00	LOCUS10684	Laspla
OG0009118_00	LOCUS5466	Laspla
OG0009119_00	LOCUS3677	Laspla
OG0009120_00	LOCUS1288	Laspla
OG0009121_00	LOCUS5850	Laspla
OG0009122_00	LOCUS6210	Laspla
OG0009123_00	LOCUS11829	Laspla
OG0009124_00	G6Z76_0007675	Acrcha
OG0009125_00	LOCUS5009	Laspla
OG0009126_00	LOCUS11786	Laspla
OG0009127_00	G6Z76_0003910	Acrcha
OG0009128_00	LOCUS6481	Laspla
OG0009129_00	HOX_domain_g12336_i1	Acafer
OG0009130_00	LOCUS10682	Laspla
OG0009131_00	LOCUS10198	Laspla
OG0009132_00	LOCUS8941	Laspla
OG0009133_00	LOCUS14594	Laspla
OG0009135_00	G6Z76_0008935	Acrcha
OG0009136_00	G6Z76_0002905	Acrcha
OG0009137_00	G6Z76_0004188	Acrcha
OG0009138_00	LOCUS11348	Laspla
OG0009143_00	G6Z76_0000972	Acrcha
OG0009147_00	LOCUS5451	Laspla
OG0009149_00	G6Z76_0000529	Acrcha
OG0009150_00	G6Z76_0002003	Acrcha
OG0009151_00	LOCUS560	Laspla
OG0009152_00	G6Z76_0002776	Acrcha
OG0009153_00	LOCUS11265	Laspla
OG0009154_00	LOCUS5255	Laspla
OG0009155_00	LOCUS13629	Laspla
OG0009156_00	LOCUS4571	Laspla
OG0009157_00	LOCUS8950	Laspla
OG0009158_00	LOCUS1229	Laspla
OG0009159_00	Broad-complex_g01646_i5	Acafer
OG0009160_00	LOCUS5259	Laspla
OG0009161_00	LOCUS449	Laspla
OG0009162_00	LOCUS746	Laspla
OG0009163_00	G6Z76_0011896	Acrcha
OG0009164_00	G6Z76_0013588	Acrcha
OG0009165_00	LOCUS3806	Laspla
OG0009166_00	LOCUS6895	Laspla
OG0009167_00	Peptidase_M12B_ADAM-TS_g11574_i1	Acrame
OG0009168_00	G6Z76_0012144	Acrcha
OG0009169_00	ACFW04_007713	Catnig
OG0009170_00	LOCUS3166	Laspla
OG0009171_00	G6Z76_0002036	Acrcha
OG0009172_00	LOCUS12665	Laspla
OG0009173_00	ACFW04_000072	Catnig
OG0009174_00	LOCUS14320	Laspla
OG0009177_00	LOCUS13550	Laspla
OG0009180_00	LOCUS11433	Laspla
OG0009181_00	Hsp70_g11438_i1	Anoris
OG0009182_00	ACFW04_005307	Catnig
OG0009184_00	Peptidase_M2_peptidyl-dipeptidase_A_g18563_i1	Acafer
OG0009185_00	G6Z77_0013997	Acrhey
OG0009186_00	LOCUS7585	Laspla
OG0009187_00	G6Z76_0002105	Acrcha
OG0009188_00	G6Z76_0012911	Acrcha
OG0009189_00	LOCUS9951	Laspla
OG0009190_00	LOCUS12740	Laspla
OG0009191_00	G6Z76_0002108	Acrcha
OG0009192_00	LOCUS12408	Laspla
OG0009194_00	G6Z76_0011750	Acrcha
OG0009195_00	LOCUS11828	Laspla
OG0009196_00	LOCUS14695	Laspla
OG0009197_00	LOCUS973	Laspla
OG0009198_00	LOCUS11214	Laspla
OG0009199_00	LOCUS1856	Laspla
OG0009200_00	G6Z76_0007375	Acrcha
OG0009201_00	LOCUS13211	Laspla
OG0009202_00	LOCUS39	Laspla
OG0009203_00	G6Z76_0009125	Acrcha
OG0009204_00	LOCUS3399	Laspla
OG0009205_00	LOCUS12215	Laspla
OG0009206_00	LOCUS7199	Laspla
OG0009207_00	G6Z76_0004908	Acrcha
OG0009208_00	LOCUS9467	Laspla
OG0009209_00	G6Z76_0006267	Acrcha
OG0009210_00	G6Z76_0013369	Acrcha
OG0009211_00	G6Z76_0006442	Acrcha
OG0009212_00	LOCUS12141	Laspla
OG0009213_00	LOCUS3993	Laspla
OG0009214_00	LOCUS12279-2	Laspla
OG0009216_00	LOCUS13549	Laspla
OG0009218_00	LOCUS9192-2	Laspla
OG0009219_00	G6Z76_0005441	Acrcha
OG0009220_00	Peptidase_S1_S6_chymotrypsin_Hap_g07918_i1	Acafer
OG0009221_00	G6Z76_0013640	Acrcha
OG0009222_00	LOCUS905	Laspla
OG0009223_00	G6Z76_0006659	Acrcha
OG0009224_00	LOCUS793	Laspla
OG0009225_00	G6Z76_0011445	Acrcha
OG0009226_00	LOCUS6399	Laspla
OG0009227_00	ACFW04_001826	Catnig
OG0009228_00	LOCUS10949	Laspla
OG0009229_00	LOCUS10109	Laspla
OG0009230_00	G6Z76_0013624	Acrcha
OG0009231_00	LOCUS5011	Laspla
OG0009232_00	LOCUS13141	Laspla
OG0009233_00	LOCUS12120	Laspla
OG0009234_00	LOCUS587	Laspla
OG0009235_00	Dmrt_g05888_i1	Acafer
OG0009236_00	LOCUS12330	Laspla
OG0009237_00	LOCUS1307	Laspla
OG0009238_00	Peptidase_S1_S6_chymotrypsin_Hap_g01679_i1	Acafer
OG0009239_00	LOCUS968	Laspla
OG0009240_00	LOCUS3652	Laspla
OG0009241_00	LOCUS2498	Laspla
OG0009242_00	G6Z76_0007752	Acrcha
OG0009243_00	LOCUS948	Laspla
OG0009244_00	LOCUS6826	Laspla
OG0009245_00	G6Z77_0009597	Acrhey
OG0009246_00	LOCUS1009	Laspla
OG0009247_00	LOCUS11371	Laspla
OG0009248_00	LOCUS13891	Laspla
OG0009249_00	LOCUS493	Laspla
OG0009251_00	Peptidase_S1_S6_chymotrypsin_Hap_g07919_i1	Acafer
OG0009252_00	LOCUS7314	Laspla
OG0009253_00	G6Z76_0003854	Acrcha
OG0009254_00	ACFW04_005909	Catnig
OG0009255_00	LOCUS8673	Laspla
OG0009256_00	G6Z76_0002978	Acrcha
OG0009257_00	LOCUS3706	Laspla
OG0009258_00	G6Z78_0004735	Psearg
OG0009259_00	Peptidase_C78_ubiquitin_fold_modifier-specific_peptidase_1_2_g13166_i1	Acafer
OG0009260_00	G6Z76_0004996	Acrcha
OG0009261_00	LOCUS7782	Laspla
OG0009262_00	LOCUS6103	Laspla
OG0009263_00	G6Z76_0010481	Acrcha
OG0009264_00	LOCUS2869	Laspla
OG0009265_00	polyketide_synthase_enoylreductase_domain_g12795_i1	Acrame
OG0009266_00	LOCUS459	Laspla
OG0009267_00	Ion_transport_peptide_g14023_i1	Acafer
OG0009268_00	LOCUS11988	Laspla
OG0009269_00	LOCUS11428	Laspla
OG0009270_00	Peptidase_M12B_ADAM_reprolysin_g05770_i1	Acroct
OG0009271_00	LOCUS2902	Laspla
OG0009272_00	LOCUS7562	Laspla
OG0009273_00	LOCUS5263	Laspla
OG0009274_00	LOCUS5558	Laspla
OG0009275_00	LOCUS13756	Laspla
OG0009276_00	LOCUS6141	Laspla
OG0009277_00	LOCUS7642	Laspla
OG0009278_00	LOCUS5933-4	Laspla
OG0009279_00	LOCUS13253	Laspla
OG0009280_00	LOCUS2644	Laspla
OG0009281_00	G6Z76_0012109	Acrcha
OG0009282_00	LOCUS11118	Laspla
OG0009283_00	LOCUS10868	Laspla
OG0009284_00	G6Z76_0008045	Acrcha
OG0009285_00	G6Z76_0003667	Acrcha
OG0009286_00	LOCUS5066	Laspla
OG0009287_00	LOCUS12221	Laspla
OG0009289_00	LOCUS514	Laspla
OG0009291_00	G6Z77_0001107	Acrhey
OG0009292_00	LOCUS11998	Laspla
OG0009293_00	LOCUS12751	Laspla
OG0009294_00	LOCUS3213	Laspla
OG0009295_00	LOCUS11038	Laspla
OG0009296_00	LOCUS8384	Laspla
OG0009297_00	LOCUS10947	Laspla
OG0009298_00	G6Z76_0008984	Acrcha
OG0009299_00	LOCUS410	Laspla
OG0009300_00	LOCUS4626	Laspla
OG0009301_00	G6Z76_0002358	Acrcha
OG0009302_00	Chitooligosaccharide_deacetylase_g00211_i1	Acafer
OG0009303_00	LOCUS9206	Laspla
OG0009304_00	G6Z76_0008865	Acrcha
OG0009305_00	LOCUS14671	Laspla
OG0009306_00	LOCUS12263	Laspla
OG0009307_00	LOCUS13987	Laspla
OG0009308_00	HN011_009914	Ecibur
OG0009309_00	LOCUS12	Laspla
OG0009310_00	G6Z75_0003971	Acrins
OG0009311_00	LOCUS6891	Laspla
OG0009316_00	LOCUS76	Laspla
OG0009317_00	LOCUS3746	Laspla
OG0009318_00	Carboxylesterase_type_B_g06558_i1	Acrech
OG0009319_00	G6Z76_0005648	Acrcha
OG0009320_00	Broad-complex_g04659_i2	Ectjav
OG0009321_00	G6Z76_0010211	Acrcha
OG0009322_00	G6Z76_0010281	Acrcha
OG0009323_00	Peptidase_S1_S6_chymotrypsin_Hap_g12948_i1	Acafer
OG0009324_00	LOCUS10059	Laspla
OG0009325_00	LOCUS9521	Laspla
OG0009326_00	LOCUS11008	Laspla
OG0009327_00	G6Z76_0001290	Acrcha
OG0009328_00	LOCUS6132	Laspla
OG0009329_00	G6Z76_0009235	Acrcha
OG0009330_00	G6Z76_0009707	Acrcha
OG0009331_00	LOCUS9330	Laspla
OG0009332_00	LOCUS1183	Laspla
OG0009333_00	LOCUS5805	Laspla
OG0009334_00	LOCUS3437	Laspla
OG0009335_00	LOCUS4033	Laspla
OG0009336_00	PKB_g13583_i1	Acafer
OG0009337_00	LOCUS2748	Laspla
OG0009338_00	LOCUS2985	Laspla
OG0009339_00	LOCUS12710	Laspla
OG0009340_00	LOCUS6042	Laspla
OG0009342_00	G6Z76_0014317	Acrcha
OG0009343_00	G6Z76_0012520	Acrcha
OG0009344_00	LOCUS10298	Laspla
OG0009346_00	G6Z76_0008110	Acrcha
OG0009347_00	HOX_domain_g03031_i1	Carobs
OG0009348_00	LOCUS3992	Laspla
OG0009349_00	LOCUS10559	Laspla
OG0009350_00	LOCUS3645	Laspla
OG0009351_00	LOCUS3011	Laspla
OG0009352_00	LOCUS5910	Laspla
OG0009353_00	LOCUS12227	Laspla
OG0009354_00	LOCUS2528	Laspla
OG0009355_00	LOCUS7022	Laspla
OG0009356_00	LOCUS11027	Laspla
OG0009357_00	LOCUS6835	Laspla
OG0009358_00	LOCUS13203	Laspla
OG0009359_00	G6Z76_0006340	Acrcha
OG0009360_00	G6Z76_0007905	Acrcha
OG0009361_00	LOCUS13214	Laspla
OG0009362_00	LOCUS12318	Laspla
OG0009363_00	LOCUS2453	Laspla
OG0009365_00	G6Z76_0010833	Acrcha
OG0009366_00	G6Z76_0000751	Acrcha
OG0009369_00	LOCUS3154	Laspla
OG0009370_00	g01044_i1	Acafer
OG0009371_00	G6Z76_0013865	Acrcha
OG0009372_00	LOCUS5709	Laspla
OG0009373_00	Peptidase_M12A_astacin_g18525_i1	Acafer
OG0009374_00	G6Z76_0000964	Acrcha
OG0009375_00	LOCUS13548	Laspla
OG0009382_00	LOCUS10449	Laspla
OG0009384_00	LOCUS13146	Laspla
OG0009385_00	LOCUS13847	Laspla
OG0009388_00	G6Z76_0011326	Acrcha
OG0009389_00	LOCUS6060	Laspla
OG0009390_00	LOCUS8245	Laspla
OG0009391_00	LOCUS5250	Laspla
OG0009392_00	Diuretic_hormone_class1_CRF-like_g14472_i1	Acafer
OG0009393_00	G6Z76_0012226	Acrcha
OG0009394_00	LOCUS8145	Laspla
OG0009395_00	LOCUS5058	Laspla
OG0009396_00	LOCUS12715	Laspla
OG0009397_00	LOCUS14030	Laspla
OG0009398_00	ACFW04_006627	Catnig
OG0009399_00	G6Z76_0004992	Acrcha
OG0009400_00	LOCUS6199	Laspla
OG0009402_00	LOCUS10026	Laspla
OG0009403_00	HOX_domain_g02209_i1	Acafer
OG0009404_00	G6Z76_0007421	Acrcha
OG0009405_00	LOCUS10415	Laspla
OG0009406_00	G6Z76_0003544	Acrcha
OG0009407_00	HOX_domain_g02113_i1	Cataen
OG0009408_00	G6Z76_0004304	Acrcha
OG0009409_00	G6Z76_0002015	Acrcha
OG0009410_00	P5V15_013434	Pogcal
OG0009411_00	G6Z76_0011560	Acrcha
OG0009412_00	LOCUS6973	Laspla
OG0009413_00	LOCUS13023	Laspla
OG0009414_00	LOCUS11278	Laspla
OG0009415_00	LOCUS3183	Laspla
OG0009416_00	LOCUS2999	Laspla
OG0009417_00	LOCUS3181-2	Laspla
OG0009418_00	LOCUS7197	Laspla
OG0009419_00	LOCUS2068	Laspla
OG0009422_00	G6Z76_0013122	Acrcha
OG0009423_00	LOCUS8129	Laspla
OG0009424_00	LOCUS5228	Laspla
OG0009425_00	LOCUS4094	Laspla
OG0009426_00	LOCUS1851	Laspla
OG0009427_00	G6Z76_0014269	Acrcha
OG0009428_00	LOCUS918	Laspla
OG0009429_00	LOCUS168	Laspla
OG0009430_00	G6Z76_0008446	Acrcha
OG0009431_00	LOCUS6528	Laspla
OG0009432_00	Carboxylesterase_type_B_g16156_i1	Acafer
OG0009433_00	Peptidase_M14_carboxypeptidase_A_g13090_i1	Acafer
OG0009434_00	LOCUS9209	Laspla
OG0009435_00	G6Z76_0006382	Acrcha
OG0009436_00	HN011_007725	Ecibur
OG0009437_00	G6Z77_0002332	Acrhey
OG0009438_00	LOCUS8657	Laspla
OG0009439_00	P5V15_014520	Pogcal
OG0009440_00	LOC138938875	Polmex
OG0009441_00	LOCUS3740	Laspla
OG0009442_00	ACFW04_007528	Catnig
OG0009448_00	ACFW04_010220	Catnig
OG0009451_00	Peptidase_S1_S6_chymotrypsin_Hap_g12934_i1	Acafer
OG0009452_00	LOC126852218	Cathis
OG0009453_00	LOCUS8208-4	Laspla
OG0009454_00	G6Z76_0002750	Acrcha
OG0009455_00	LOCUS11743	Laspla
OG0009456_00	G6Z76_0011408	Acrcha
OG0009457_00	G6Z76_0010273	Acrcha
OG0009458_00	LOCUS3520	Laspla
OG0009459_00	G6Z76_0010031	Acrcha
OG0009460_00	LOCUS1275	Laspla
OG0009461_00	LOCUS5321	Laspla
OG0009462_00	LOCUS3080	Laspla
OG0009463_00	HOX_domain_g08690_i1	Acafer
OG0009464_00	LOCUS8275	Laspla
OG0009465_00	LOCUS2967	Laspla
OG0009466_00	G6Z76_0004843	Acrcha
OG0009467_00	LOCUS12092-2	Laspla
OG0009468_00	G6Z76_0002387	Acrcha
OG0009469_00	G6Z76_0007920	Acrcha
OG0009472_00	G6Z76_0000974	Acrcha
OG0009475_00	LOCUS4614	Laspla
OG0009476_00	G6Z76_0004550	Acrcha
OG0009477_00	G6Z76_0008953	Acrcha
OG0009478_00	G6Z76_0014312	Acrcha
OG0009479_00	LOCUS2003	Laspla
OG0009480_00	G6Z76_0005481	Acrcha
OG0009481_00	LOCUS13383	Laspla
OG0009482_00	LOCUS8644	Laspla
OG0009483_00	LOCUS8936	Laspla
OG0009484_00	LOCUS13642	Laspla
OG0009485_00	LOCUS12748	Laspla
OG0009486_00	HOX_domain_g09377_i1	Acafer
OG0009487_00	HOX_domain_g10803_i1	Acafer
OG0009488_00	LOCUS13660	Laspla
OG0009489_00	ACFW04_008853	Catnig
OG0009491_00	G6Z76_0009143	Acrcha
OG0009492_00	LOCUS11349	Laspla
OG0009493_00	HN011_003372	Ecibur
OG0009494_00	Peptidase_S1_S6_chymotrypsin_Hap_g01441_i1	Pheyee
OG0009498_00	LOCUS8128	Laspla
OG0009499_00	Hsps_g01244_i1	Acrame
OG0009500_00	Cytochrome_P450_g17250_i1	Acafer
OG0009501_00	Cytochrome_P450_g17249_i3	Acafer
OG0009502_00	G6Z77_0000943	Acrhey
OG0009503_00	Broad-complex_g10647_i2	Acafer
OG0009504_00	HOX_domain_g06800_i1	Acrame
OG0009505_00	HOX_domain_g07995_i1	Acafer
OG0009506_00	LOCUS7154	Laspla
OG0009507_00	G6Z76_0008445	Acrcha
OG0009508_00	Peptidase_M2_peptidyl-dipeptidase_A_g10456_i1	Acafer
OG0009509_00	LOCUS10800	Laspla
OG0009510_00	LOCUS5473	Laspla
OG0009511_00	LOCUS10480	Laspla
OG0009512_00	G6Z75_0004995	Acrins
OG0009513_00	Cytochrome_P450_g09968_i1	Linhum
OG0009514_00	LOCUS10485	Laspla
OG0009515_00	LOCUS982	Laspla
OG0009517_00	G6Z76_0000971	Acrcha
OG0009522_00	LOCUS2622	Laspla
OG0009523_00	LOCUS12709	Laspla
OG0009524_00	LOCUS3389	Laspla
OG0009525_00	LOCUS8442	Laspla
OG0009526_00	G6Z76_0012170	Acrcha
OG0009527_00	LOCUS10426	Laspla
OG0009528_00	LOCUS2929	Laspla
OG0009529_00	G6Z76_0002591	Acrcha
OG0009530_00	LOCUS8429	Laspla
OG0009531_00	LOCUS2899	Laspla
OG0009532_00	LOCUS13836	Laspla
OG0009533_00	LOCUS9536	Laspla
OG0009534_00	Peptidase_T2_asparaginase_2_g00675_i1	Acafer
OG0009535_00	LOCUS5951	Laspla
OG0009537_00	LOCUS6326	Laspla
OG0009538_00	LOC112461803	Temcur
OG0009539_00	G6Z76_0000622	Acrcha
OG0009540_00	LOCUS7321	Laspla
OG0009541_00	LOCUS12282	Laspla
OG0009542_00	G6Z76_0001517	Acrcha
OG0009544_00	ACFW04_005962	Catnig
OG0009550_00	serpin_g11493_i1	Acrsub
OG0009551_00	LOCUS1868	Laspla
OG0009552_00	LOCUS5479	Laspla
OG0009553_00	G6Z76_0006181	Acrcha
OG0009554_00	LOCUS6650	Laspla
OG0009555_00	LOCUS6608	Laspla
OG0009556_00	LOCUS4334	Laspla
OG0009557_00	G6Z76_0001918	Acrcha
OG0009564_00	LOCUS8908	Laspla
OG0009565_00	LOCUS8382	Laspla
OG0009566_00	HN011_008500	Ecibur
OG0009567_00	G6Z75_0013264	Acrins
OG0009568_00	LOCUS6780	Laspla
OG0009569_00	Peptidase_C78_ubiquitin_fold_modifier-specific_peptidase_1_2_g14019_i1	Acafer
OG0009570_00	LOCUS8164	Laspla
OG0009571_00	LOC126852946	Cathis
OG0009572_00	G6Z76_0006789	Acrcha
OG0009573_00	G6Z76_0003593	Acrcha
OG0009574_00	LOCUS3664	Laspla
OG0009575_00	LOCUS11482	Laspla
OG0009576_00	G6Z76_0000572	Acrcha
OG0009577_00	HN011_003254	Ecibur
OG0009578_00	G6Z77_0005608	Acrhey
OG0009579_00	LOCUS11288	Laspla
OG0009580_00	Peptidase_M24B_X-Pro_dipeptidase_aminopeptidase_P_N-terminal_g15478_i1	Forsan
OG0009581_00	LOCUS11284	Laspla
OG0009582_00	Peptidase_M1_membrane_alanine_aminopeptidase_N-terminal_g05435_i1	Acafer
OG0009585_00	G6Z76_0003431	Acrcha
OG0009589_00	LOCUS10171	Laspla
OG0009591_00	Peptidase_S1_S6_chymotrypsin_Hap_g06547_i1	Acafer
OG0009592_00	Knottin-like_peptide_g14341_i1	Acrech
OG0009593_00	G6Z76_0001835	Acrcha
OG0009594_00	HN011_008056	Ecibur
OG0009595_00	LOCUS6509	Laspla
OG0009596_00	G6Z76_0012717	Acrcha
OG0009597_00	G6Z77_0005552	Acrhey
OG0009600_00	LOCUS12967	Laspla
OG0009601_00	LOCUS4652	Laspla
OG0009602_00	LOCUS10809	Laspla
OG0009603_00	LOCUS1306	Laspla
OG0009604_00	LOCUS8016	Laspla
OG0009605_00	G6Z76_0007215	Acrcha
OG0009606_00	G6Z76_0012876	Acrcha
OG0009607_00	ACFW04_001661	Catnig
OG0009608_00	LOCUS13476	Laspla
OG0009609_00	LOCUS14680	Laspla
OG0009613_00	G6Z75_0011355	Acrins
OG0009615_00	Foraging_g16193_i1	Acafer
OG0009616_00	LOCUS10445	Laspla
OG0009618_00	G6Z76_0013706	Acrcha
OG0009619_00	LOCUS1038	Laspla
OG0009620_00	LOCUS3799	Laspla
OG0009621_00	LOCUS110	Laspla
OG0009622_00	LOCUS9276	Laspla
OG0009623_00	LOCUS10906	Laspla
OG0009624_00	LOCUS2102	Laspla
OG0009625_00	LOCUS2483	Laspla
OG0009626_00	LOCUS3883	Laspla
OG0009627_00	LOCUS12186	Laspla
OG0009628_00	LOCUS11029	Laspla
OG0009629_00	LOCUS12744	Laspla
OG0009630_00	LOCUS879	Laspla
OG0009637_00	G6Z76_0013058	Acrcha
OG0009638_00	G6Z76_0000793	Acrcha
OG0009640_00	G6Z76_0008764	Acrcha
OG0009641_00	LOCUS4615	Laspla
OG0009642_00	G6Z76_0011559	Acrcha
OG0009643_00	G6Z76_0014437	Acrcha
OG0009644_00	LOCUS3368	Laspla
OG0009645_00	HN011_005668	Ecibur
OG0009646_00	HN011_007036	Ecibur
OG0009647_00	LOCUS970-2	Laspla
OG0009648_00	ACFW04_009481	Catnig
OG0009649_00	Broad-complex_g14603_i4	Acafer
OG0009650_00	G6Z76_0004830	Acrcha
OG0009651_00	LOCUS13070	Laspla
OG0009652_00	G6Z76_0013950	Acrcha
OG0009653_00	G6Z76_0006467	Acrcha
OG0009654_00	LOCUS6432	Laspla
OG0009655_00	LOCUS13212	Laspla
OG0009656_00	LOCUS2106	Laspla
OG0009657_00	LOCUS3630	Laspla
OG0009658_00	LOCUS6358	Laspla
OG0009661_00	G6Z76_0012040	Acrcha
OG0009662_00	HOX_domain_g09650_i1	Anoris
OG0009664_00	HOX_domain_g12831_i1	Bunamb
OG0009665_00	LOCUS7709	Laspla
OG0009667_00	LOCUS11096	Laspla
OG0009668_00	LOCUS11370	Laspla
OG0009669_00	G6Z76_0008500	Acrcha
OG0009670_00	LOCUS14384	Laspla
OG0009671_00	LOCUS12150	Laspla
OG0009672_00	G6Z76_0010908	Acrcha
OG0009673_00	HN011_003015	Ecibur
OG0009677_00	Peptidase_S1_S6_chymotrypsin_Hap_g09536_i1	Acafer
OG0009678_00	LOCUS3078	Laspla
OG0009680_00	LOCUS14566	Laspla
OG0009681_00	HN011_011329	Ecibur
OG0009682_00	LOCUS6871	Laspla
OG0009683_00	LOCUS730	Laspla
OG0009684_00	P5V15_008119	Pogcal
OG0009685_00	G6Z76_0013172	Acrcha
OG0009686_00	G6Z76_0007586	Acrcha
OG0009688_00	LOCUS12826	Laspla
OG0009689_00	G6Z76_0005291	Acrcha
OG0009690_00	LOCUS4233	Laspla
OG0009691_00	G6Z76_0000759	Acrcha
OG0009692_00	LOCUS10556-2	Laspla
OG0009693_00	LOCUS5212	Laspla
OG0009694_00	G6Z77_0004723	Acrhey
OG0009695_00	LOCUS695	Laspla
OG0009704_00	G6Z76_0000792	Acrcha
OG0009705_00	LOCUS3041	Laspla
OG0009706_00	LOCUS550	Laspla
OG0009707_00	G6Z76_0002004	Acrcha
OG0009708_00	G6Z76_0011318	Acrcha
OG0009709_00	G6Z76_0006071	Acrcha
OG0009712_00	HN011_006188	Ecibur
OG0009713_00	G6Z76_0014156	Acrcha
OG0009714_00	LOCUS11227	Laspla
OG0009715_00	LOCUS10520	Laspla
OG0009717_00	LOCUS794	Laspla
OG0009718_00	LOCUS8033	Laspla
OG0009719_00	LOCUS10260	Laspla
OG0009720_00	HN011_005744	Ecibur
OG0009721_00	LOCUS880	Laspla
OG0009722_00	LOCUS3973	Laspla
OG0009726_00	LOCUS10310	Laspla
OG0009731_00	G6Z76_0014315	Acrcha
OG0009734_00	LOCUS11474	Laspla
OG0009735_00	LOCUS3223	Laspla
OG0009736_00	g04387_i1	Acafer
OG0009738_00	LOCUS5316	Laspla
OG0009739_00	LOCUS5449	Laspla
OG0009740_00	LOCUS3018	Laspla
OG0009741_00	P5V15_007218	Pogcal
OG0009742_00	LOCUS623	Laspla
OG0009744_00	HN011_000564	Ecibur
OG0009746_00	G6Z76_0006488	Acrcha
OG0009747_00	LOCUS13547	Laspla
OG0009750_00	LOCUS8639	Laspla
OG0009752_00	LOCUS2987	Laspla
OG0009755_00	LOCUS7265	Laspla
OG0009756_00	Carboxylesterase_type_B_g11116_i1	Acrame
OG0009757_00	LOCUS3552	Laspla
OG0009758_00	ACFW04_005400	Catnig
OG0009759_00	LOCUS6977	Laspla
OG0009760_00	LOCUS9319	Laspla
OG0009761_00	G6Z76_0011226	Acrcha
OG0009762_00	G6Z76_0006622	Acrcha
OG0009763_00	G6Z76_0006418	Acrcha
OG0009764_00	HOX_domain_g09161_i1	Acafer
OG0009765_00	LOCUS2770	Laspla
OG0009766_00	G6Z76_0001909	Acrcha
OG0009767_00	G6Z77_0012220	Acrhey
OG0009768_00	G6Z76_0013863	Acrcha
OG0009769_00	LOCUS2496	Laspla
OG0009770_00	LOCUS13484	Laspla
OG0009771_00	LOCUS11640	Laspla
OG0009772_00	Ultraspiracle_g16076_i1	Acafer
OG0009773_00	G6Z76_0005836	Acrcha
OG0009774_00	LOCUS8404	Laspla
OG0009775_00	G6Z76_0007400	Acrcha
OG0009776_00	ACFW04_002507	Catnig
OG0009777_00	G6Z76_0009010	Acrcha
OG0009779_00	LOCUS13434	Laspla
OG0009780_00	LOCUS13552	Laspla
OG0009785_00	G6Z76_0004195	Acrcha
OG0009786_00	LOCUS13298	Laspla
OG0009787_00	LOCUS11784	Laspla
OG0009788_00	ACFW04_002786	Catnig
OG0009789_00	G6Z76_0012152	Acrcha
OG0009790_00	Peptidase_S60_transferrin_lactoferrin_g10752_i1	Anogra
OG0009791_00	G6Z76_0000507	Acrcha
OG0009792_00	ACFW04_010375	Catnig
OG0009795_00	G6Z77_0011844	Acrhey
OG0009796_00	LOCUS11838	Laspla
OG0009798_00	G6Z76_0012878	Acrcha
OG0009799_00	G6Z76_0002508	Acrcha
OG0009800_00	LOCUS4956	Laspla
OG0009801_00	LOCUS2530	Laspla
OG0009802_00	G6Z76_0006092	Acrcha
OG0009803_00	G6Z76_0008952	Acrcha
OG0009805_00	LOCUS9051	Laspla
OG0009806_00	G6Z76_0008719	Acrcha
OG0009807_00	G6Z76_0012385	Acrcha
OG0009808_00	LOCUS12413-2	Laspla
OG0009809_00	G6Z76_0003944	Acrcha
OG0009810_00	HN011_004788	Ecibur
OG0009811_00	LOCUS2877	Laspla
OG0009814_00	LOCUS8674	Laspla
OG0009815_00	ACFW04_009548	Catnig
OG0009816_00	G6Z76_0001262	Acrcha
OG0009817_00	G6Z76_0007637	Acrcha
OG0009820_00	bsk_g03223_i1	Acafer
OG0009821_00	G6Z76_0003005	Acrcha
OG0009822_00	LOCUS2928	Laspla
OG0009823_00	LOCUS8161	Laspla
OG0009824_00	G6Z76_0009416	Acrcha
OG0009825_00	LOCUS12622	Laspla
OG0009826_00	ACFW04_009168	Catnig
OG0009831_00	G6Z76_0014050	Acrcha
OG0009833_00	LOCUS10573	Laspla
OG0009834_00	G6Z76_0013558	Acrcha
OG0009835_00	ACFW04_001534	Catnig
OG0009836_00	HN011_008122	Ecibur
OG0009837_00	G6Z76_0007410	Acrcha
OG0009838_00	Peptidase_M24_structural_domain_g09299_i1	Acafer
OG0009839_00	LOCUS12383	Laspla
OG0009840_00	g05222_i1	Acafer
OG0009841_00	g06765_i1	Acafer
OG0009842_00	LOCUS12494	Laspla
OG0009844_00	P5V15_009426	Pogcal
OG0009845_00	G6Z77_0010989	Acrhey
OG0009846_00	LOCUS7184	Laspla
OG0009848_00	LOCUS5622	Laspla
OG0009849_00	HN011_003310	Ecibur
OG0009850_00	ACFW04_003353	Catnig
OG0009852_00	LOCUS9164	Laspla
OG0009857_00	Peptidase_S1_S6_chymotrypsin_Hap_g12901_i2	Acafer
OG0009858_00	LOCUS6087	Laspla
OG0009859_00	LOCUS4277	Laspla
OG0009860_00	LOCUS12978	Laspla
OG0009862_00	LOCUS7253	Laspla
OG0009863_00	LOCUS2000	Laspla
OG0009864_00	LOCUS13466	Laspla
OG0009866_00	ACFW04_009164	Catnig
OG0009871_00	LOCUS12394	Laspla
OG0009873_00	G6Z76_0007571	Acrcha
OG0009876_00	G6Z76_0003038	Acrcha
OG0009877_00	G6Z76_0002693	Acrcha
OG0009878_00	LOCUS6939	Laspla
OG0009879_00	ACFW04_004265	Catnig
OG0009880_00	G6Z76_0006128	Acrcha
OG0009882_00	LOCUS2308-4	Laspla
OG0009883_00	G6Z76_0010346	Acrcha
OG0009884_00	LOCUS6472	Laspla
OG0009885_00	G6Z76_0002307	Acrcha
OG0009886_00	ACFW04_007715	Catnig
OG0009887_00	G6Z76_0002246	Acrcha
OG0009890_00	LOCUS12480	Laspla
OG0009892_00	G6Z76_0003477	Acrcha
OG0009893_00	ACFW04_010759	Catnig
OG0009894_00	LOCUS12366	Laspla
OG0009896_00	LOCUS11471	Laspla
OG0009897_00	Glutathione_S-transferases_g12826_i1	Acafer
OG0009901_00	ACFW04_004239	Catnig
OG0009902_00	LOCUS9492	Laspla
OG0009903_00	LOCUS5231	Laspla
OG0009904_00	G6Z75_0000683	Acrins
OG0009905_00	LOCUS580	Laspla
OG0009911_00	LOCUS4696	Laspla
OG0009912_00	LOCUS97	Laspla
OG0009913_00	LOCUS3844	Laspla
OG0009915_00	G6Z76_0001160	Acrcha
OG0009916_00	G6Z76_0008162	Acrcha
OG0009917_00	P5V15_014577	Pogcal
OG0009919_00	HN011_003720	Ecibur
OG0009921_00	LOCUS12083	Laspla
OG0009922_00	LOCUS2219	Laspla
OG0009923_00	G6Z77_0012477	Acrhey
OG0009925_00	LOCUS2444	Laspla
OG0009926_00	LOCUS6125	Laspla
OG0009928_00	LOCUS639	Laspla
OG0009929_00	G6Z76_0005184	Acrcha
OG0009931_00	G6Z76_0008932	Acrcha
OG0009932_00	LOCUS9971	Laspla
OG0009933_00	G6Z76_0007006	Acrcha
OG0009934_00	LOCUS6166	Laspla
OG0009935_00	ACFW04_009783	Catnig
OG0009936_00	MBD_g07624_i1	Acafer
OG0009937_00	LOCUS13261	Laspla
OG0009941_00	ACFW04_000552	Catnig
OG0009950_00	groucho_g17216_i1	Acafer
OG0009952_00	LOCUS10339	Laspla
OG0009953_00	LOCUS559	Laspla
OG0009954_00	LOCUS5736	Laspla
OG0009955_00	G6Z76_0007943	Acrcha
OG0009956_00	G6Z76_0005192	Acrcha
OG0009957_00	G6Z77_0012912	Acrhey
OG0009958_00	ACFW04_002904	Catnig
OG0009959_00	G6Z76_0013814	Acrcha
OG0009960_00	LOCUS12063	Laspla
OG0009961_00	LOCUS11079	Laspla
OG0009964_00	LOCUS8171	Laspla
OG0009972_00	G6Z76_0003627	Acrcha
OG0009973_00	LOCUS6419	Laspla
OG0009974_00	G6Z76_0000286	Acrcha
OG0009975_00	g08597_i1	Acafer
OG0009976_00	LOCUS854	Laspla
OG0009978_00	G6Z76_0009875	Acrcha
OG0009980_00	LOCUS1332	Laspla
OG0009981_00	MRJP_g01524_i1	Acafer
OG0009982_00	LOCUS13795	Laspla
OG0009987_00	LOCUS6855	Laspla
OG0009988_00	LOCUS6931	Laspla
OG0009990_00	P5V15_002342	Pogcal
OG0009991_00	G6Z76_0004958	Acrcha
OG0009992_00	LOCUS3108	Laspla
OG0009993_00	g15917_i1	Acafer
OG0009994_00	LOCUS6715	Laspla
OG0009996_00	LOCUS576-2	Laspla
OG0009997_00	LOCUS12838	Laspla
OG0009998_00	G6Z76_0000253	Acrcha
OG0009999_00	LOCUS12364	Laspla
OG0010000_00	g02988_i1	Acrame
OG0010004_00	G6Z76_0008048	Acrcha
OG0010007_00	HOX_domain_g06819_i1	Euppil
OG0010008_00	Peptidase_S1_S6_chymotrypsin_Hap_g15749_i2	Acafer
OG0010009_00	LOCUS10208	Laspla
OG0010011_00	G6Z76_0009491	Acrcha
OG0010012_00	G6Z76_0002778	Acrcha
OG0010013_00	LOCUS3147	Laspla
OG0010014_00	HOX_domain_g08322_i1	Acrech
OG0010015_00	LOCUS6347	Laspla
OG0010016_00	G6Z76_0010501	Acrcha
OG0010018_00	G6Z76_0005523	Acrcha
OG0010020_00	G6Z76_0012587	Acrcha
OG0010021_00	LOCUS16	Laspla
OG0010023_00	LOCUS3590	Laspla
OG0010024_00	G6Z76_0011564	Acrcha
OG0010025_00	LOCUS14466	Laspla
OG0010026_00	LOCUS7129	Laspla
OG0010027_00	ACFW04_004047	Catnig
OG0010028_00	ACFW04_000555	Catnig
OG0010033_00	LOCUS3539	Laspla
OG0010035_00	LOCUS13564	Laspla
OG0010038_00	G6Z76_0003836	Acrcha
OG0010040_00	LOCUS8974	Laspla
OG0010041_00	Abaecin_g14441_i1	Acrech
OG0010046_00	LOCUS8247	Laspla
OG0010047_00	ACFW04_010422	Catnig
OG0010048_00	LOCUS10123-2	Laspla
OG0010051_00	Scr_g10986_i2	Acrame
OG0010052_00	G6Z76_0008781	Acrcha
OG0010053_00	Dp60_g01715_i1	Bunamb
OG0010054_00	G6Z77_0002122	Acrhey
OG0010055_00	ACFW04_000544	Catnig
OG0010060_00	LOCUS14202	Laspla
OG0010064_00	G6Z76_0010233	Acrcha
OG0010065_00	G6Z77_0015650	Acrhey
OG0010066_00	G6Z76_0012825	Acrcha
OG0010067_00	ACFW04_004100	Catnig
OG0010068_00	HOX_domain_g04981_i1	Camfel
OG0010070_00	daughterless_g05223_i1	Acafer
OG0010071_00	ACFW04_010791	Catnig
OG0010072_00	P5V15_000336	Pogcal
OG0010073_00	G6Z76_0002310	Acrcha
OG0010074_00	G6Z76_0004498	Acrcha
OG0010075_00	LOCUS12425	Laspla
OG0010077_00	G6Z77_0014626	Acrhey
OG0010087_00	HN011_007568	Ecibur
OG0010089_00	G6Z76_0004720	Acrcha
OG0010090_00	G6Z76_0005248	Acrcha
OG0010092_00	G6Z76_0003053	Acrcha
OG0010096_00	G6Z76_0001275	Acrcha
OG0010097_00	LOCUS3431	Laspla
OG0010099_00	HN011_004822	Ecibur
OG0010100_00	G6Z76_0014119	Acrcha
OG0010107_00	G6Z76_0010395	Acrcha
OG0010109_00	G6Z76_0004683	Acrcha
OG0010111_00	LOCUS9238	Laspla
OG0010112_00	Ankyrin_g17502_i1	Acafer
OG0010113_00	G6Z76_0011027	Acrcha
OG0010115_00	ACFW04_001812	Catnig
OG0010116_00	LOCUS5012	Laspla
OG0010117_00	G6Z76_0008995	Acrcha
OG0010127_00	G6Z76_0000184	Acrcha
OG0010131_00	P5V15_000873	Pogcal
OG0010133_00	LOCUS6093	Laspla
OG0010135_00	LOCUS13411	Laspla
OG0010136_00	LOCUS6585	Laspla
OG0010137_00	G6Z76_0013633	Acrcha
OG0010138_00	G6Z75_0010285	Acrins
OG0010139_00	LOCUS6322	Laspla
OG0010140_00	G6Z76_0001922	Acrcha
OG0010141_00	Peptidase_M19_renal_dipeptidase_g00129_i1	Plapun
OG0010142_00	LOCUS11847	Laspla
OG0010143_00	ACFW04_000545	Catnig
OG0010148_00	LOCUS4234	Laspla
OG0010149_00	LOCUS4103	Laspla
OG0010150_00	G6Z76_0001083	Acrcha
OG0010151_00	Carboxylesterase_type_B_g09677_i1	Acrame
OG0010152_00	G6Z75_0013209	Acrins
OG0010154_00	G6Z76_0010924	Acrcha
OG0010155_00	LOCUS6872	Laspla
OG0010156_00	LOCUS381	Laspla
OG0010157_00	LOCUS12399	Laspla
OG0010160_00	G6Z77_0011499	Acrhey
OG0010161_00	LOCUS13926	Laspla
OG0010164_00	LOC112456154	Temcur
OG0010165_00	LOCUS299	Laspla
OG0010166_00	LOCUS5752	Laspla
OG0010167_00	ACFW04_002522	Catnig
OG0010168_00	LOCUS10425	Laspla
OG0010169_00	LOCUS8291	Laspla
OG0010179_00	LOCUS11524	Laspla
OG0010180_00	G6Z77_0006384	Acrhey
OG0010181_00	G6Z76_0009603	Acrcha
OG0010182_00	LOCUS10046	Laspla
OG0010183_00	G6Z76_0014181	Acrcha
OG0010184_00	G6Z76_0000955	Acrcha
OG0010185_00	G6Z76_0002436	Acrcha
OG0010187_00	G6Z75_0000286	Acrins
OG0010194_00	Peptidase_C14_caspase_non-catalytic_subunit_p10_g03828_i1	Anoris
OG0010195_00	LOCUS14421	Laspla
OG0010198_00	ACFW04_000584	Catnig
OG0010199_00	G6Z76_0011780	Acrcha
OG0010202_00	LOCUS3262	Laspla
OG0010203_00	LOCUS6704	Laspla
OG0010205_00	mad_g02072_i1	Acafer
OG0010206_00	G6Z76_0005039	Acrcha
OG0010207_00	G6Z76_0013450	Acrcha
OG0010212_00	G6Z76_0000967	Acrcha
OG0010213_00	LOCUS12502	Laspla
OG0010214_00	LOCUS10297	Laspla
OG0010223_00	LOCUS6119	Laspla
OG0010224_00	LOCUS8760	Laspla
OG0010227_00	LOCUS5973	Laspla
OG0010228_00	G6Z76_0005224	Acrcha
OG0010230_00	LOCUS3491	Laspla
OG0010231_00	LOC126851349	Cathis
OG0010232_00	HN011_008261	Ecibur
OG0010233_00	LOCUS4972	Laspla
OG0010242_00	G6Z76_0014318	Acrcha
OG0010245_00	LOCUS4217	Laspla
OG0010246_00	G6Z76_0005398	Acrcha
OG0010247_00	G6Z76_0010715	Acrcha
OG0010250_00	LOCUS13184	Laspla
OG0010252_00	LOCUS7358-2	Laspla
OG0010253_00	LOCUS8946	Laspla
OG0010254_00	G6Z77_0013145	Acrhey
OG0010258_00	LOC109858240	Psegra
OG0010261_00	G6Z76_0014226	Acrcha
OG0010263_00	G6Z77_0015307	Acrhey
OG0010264_00	ACFW04_004478	Catnig
OG0010265_00	G6Z76_0008940	Acrcha
OG0010266_00	G6Z76_0001866	Acrcha
OG0010267_00	LOCUS8725	Laspla
OG0010268_00	G6Z76_0012205	Acrcha
OG0010269_00	LOCUS4128	Laspla
OG0010270_00	G6Z76_0006950	Acrcha
OG0010276_00	G6Z75_0008580	Acrins
OG0010279_00	ecdysone-induced_protein74_g09218_i1	Acafer
OG0010280_00	G6Z76_0013086	Acrcha
OG0010282_00	G6Z76_0009779	Acrcha
OG0010284_00	G6Z76_0009371	Acrcha
OG0010285_00	G6Z76_0006378	Acrcha
OG0010286_00	LOCUS1210	Laspla
OG0010287_00	g00876_i1	Acafer
OG0010298_00	LOCUS8098	Laspla
OG0010300_00	HN011_008052	Ecibur
OG0010301_00	LOCUS5448	Laspla
OG0010304_00	LOCUS12341	Laspla
OG0010305_00	ACFW04_007140	Catnig
OG0010306_00	HN011_009734	Ecibur
OG0010307_00	LOCUS9476	Laspla
OG0010308_00	Peptidase_S16_lon_N-terminal_g11241_i1	Acafer
OG0010309_00	G6Z76_0001445	Acrcha
OG0010310_00	G6Z76_0010255	Acrcha
OG0010311_00	G6Z76_0001006	Acrcha
OG0010312_00	LOCUS8859	Laspla
OG0010313_00	HOX_domain_g05191_i1	Acrech
OG0010314_00	LOCUS6598	Laspla
OG0010316_00	G6Z76_0013901	Acrcha
OG0010317_00	LOCUS11037	Laspla
OG0010318_00	LOCUS5393	Laspla
OG0010327_00	G6Z76_0014471	Acrcha
OG0010328_00	ACFW04_006372	Catnig
OG0010329_00	G6Z77_0015812	Acrhey
OG0010330_00	Ankyrin_g07172_i1	Wasaur
OG0010331_00	LOCUS2527	Laspla
OG0010332_00	G6Z76_0008994	Acrcha
OG0010333_00	G6Z76_0010195	Acrcha
OG0010334_00	LOCUS5585	Laspla
OG0010335_00	HOX_domain_g03324_i1	Acrlob
OG0010336_00	LOCUS5828	Laspla
OG0010337_00	G6Z76_0013203	Acrcha
OG0010338_00	G6Z76_0006545	Acrcha
OG0010339_00	G6Z76_0011775	Acrcha
OG0010340_00	G6Z76_0004254	Acrcha
OG0010341_00	Ankyrin_g11591_i1	Acafer
OG0010342_00	G6Z76_0006203	Acrcha
OG0010343_00	LOC112459307	Temcur
OG0010344_00	G6Z76_0003357	Acrcha
OG0010355_00	G6Z75_0011547	Acrins
OG0010356_00	twin_of_eyeless_g12880_i1	Acafer
OG0010358_00	G6Z76_0004525	Acrcha
OG0010359_00	G6Z76_0007621	Acrcha
OG0010360_00	G6Z76_0009254	Acrcha
OG0010361_00	LOCUS2441	Laspla
OG0010362_00	ACFW04_000644	Catnig
OG0010364_00	G6Z76_0007370	Acrcha
OG0010365_00	G6Z76_0012194	Acrcha
OG0010366_00	LOCUS11760	Laspla
OG0010367_00	LOCUS2436	Laspla
OG0010368_00	LOCUS14523	Laspla
OG0010370_00	G6Z76_0001908	Acrcha
OG0010371_00	G6Z77_0008797	Acrhey
OG0010372_00	G6Z76_0008782	Acrcha
OG0010373_00	LOCUS6603	Laspla
OG0010374_00	LOCUS6710	Laspla
OG0010389_00	G6Z76_0004717	Acrcha
OG0010390_00	G6Z76_0011280	Acrcha
OG0010391_00	LOCUS5590	Laspla
OG0010393_00	LOCUS10862	Laspla
OG0010395_00	G6Z76_0013550	Acrcha
OG0010396_00	LOCUS13005	Laspla
OG0010397_00	G6Z76_0011367	Acrcha
OG0010398_00	LOCUS13760	Laspla
OG0010400_00	G6Z76_0001590	Acrcha
OG0010401_00	g07882_i1	Acafer
OG0010402_00	G6Z76_0005652	Acrcha
OG0010403_00	LOCUS5288	Laspla
OG0010404_00	G6Z76_0005744	Acrcha
OG0010413_00	LOCUS5182	Laspla
OG0010417_00	G6Z76_0014565	Acrcha
OG0010420_00	LOCUS2459-2	Laspla
OG0010423_00	LOCUS903	Laspla
OG0010424_00	Peptidase_M14_carboxypeptidase_A_g07793_i1	Acrech
OG0010425_00	LOCUS3508	Laspla
OG0010426_00	G6Z76_0009421	Acrcha
OG0010427_00	LOCUS9485	Laspla
OG0010428_00	G6Z76_0000345	Acrcha
OG0010429_00	G6Z76_0008961	Acrcha
OG0010430_00	G6Z76_0007385	Acrcha
OG0010432_00	G6Z76_0013792	Acrcha
OG0010434_00	g00978_i1	Acrame
OG0010439_00	G6Z76_0010695	Acrcha
OG0010443_00	LOCUS13410	Laspla
OG0010444_00	LOCUS7851	Laspla
OG0010446_00	LOC109859125	Psegra
OG0010447_00	G6Z76_0011342	Acrcha
OG0010448_00	g09573_i1	Acafer
OG0010449_00	G6Z76_0000973	Acrcha
OG0010450_00	LOCUS13058	Laspla
OG0010451_00	G6Z76_0011669	Acrcha
OG0010452_00	G6Z76_0004555	Acrcha
OG0010453_00	LOCUS11077	Laspla
OG0010454_00	G6Z76_0012896	Acrcha
OG0010455_00	G6Z76_0004517	Acrcha
OG0010456_00	G6Z76_0007850	Acrcha
OG0010457_00	HOX_domain_g07175_i1	Acafer
OG0010458_00	G6Z78_0001368	Psearg
OG0010466_00	Peptidase_S8_S53_subtilisin_kexin_sedolisin_g01725_i1	Acrame
OG0010467_00	ACFW04_006248	Catnig
OG0010468_00	ecdysone-induced_protein75_g09279_i1	Acafer
OG0010471_00	G6Z76_0001917	Acrcha
OG0010472_00	ACFW04_003903	Catnig
OG0010473_00	G6Z76_0012150	Acrcha
OG0010474_00	G6Z76_0011426	Acrcha
OG0010476_00	Peptidase_C54_g02650_i1	Acafer
OG0010477_00	LOCUS8684	Laspla
OG0010479_00	LOCUS13201	Laspla
OG0010480_00	G6Z76_0013984	Acrcha
OG0010496_00	P5V15_006214	Pogcal
OG0010499_00	G6Z76_0009878	Acrcha
OG0010502_00	LOC126858772	Cathis
OG0010503_00	G6Z76_0008489	Acrcha
OG0010504_00	HOX_domain_g08728_i1	Acafer
OG0010507_00	G6Z76_0000337	Acrcha
OG0010509_00	LOC109860232	Psegra
OG0010510_00	LOCUS3086	Laspla
OG0010511_00	G6Z76_0008789	Acrcha
OG0010512_00	G6Z76_0003140	Acrcha
OG0010514_00	g00170_i1	Acafer
OG0010515_00	g01074_i1	Acafer
OG0010516_00	G6Z76_0002258	Acrcha
OG0010517_00	G6Z78_0001050	Psearg
OG0010530_00	LOCUS14518	Laspla
OG0010531_00	ACFW04_006281	Catnig
OG0010532_00	LOCUS10913	Laspla
OG0010539_00	G6Z76_0006981	Acrcha
OG0010540_00	HOX_domain_g09160_i1	Acafer
OG0010541_00	HOX_domain_g07332_i1	Acafer
OG0010544_00	LOCUS2910	Laspla
OG0010546_00	G6Z76_0001580	Acrcha
OG0010548_00	HN011_005720	Ecibur
OG0010557_00	LOCUS47	Laspla
OG0010561_00	Peptidase_M19_renal_dipeptidase_g02762_i1	Acrame
OG0010563_00	LOCUS9906	Laspla
OG0010564_00	LOCUS1067	Laspla
OG0010565_00	ACFW04_002281	Catnig
OG0010566_00	LOCUS5345	Laspla
OG0010568_00	G6Z76_0001602	Acrcha
OG0010570_00	HOX_domain_g09900_i1	Acafer
OG0010571_00	G6Z76_0002746	Acrcha
OG0010573_00	G6Z76_0001093	Acrcha
OG0010574_00	G6Z76_0005650	Acrcha
OG0010577_00	G6Z76_0013077	Acrcha
OG0010579_00	ACFW04_006725	Catnig
OG0010582_00	G6Z76_0009025	Acrcha
