"OG","Regression_Coefficient","P_value","Lambda","Bound_used","R_squared","R_squared_adj","n","Status","Contrast"
"OG0003470_00",0.138142051615382,1.66141744362136e-07,1e-05,"1e-05 to 1",0.276825597477637,0.272621095137391,174,"success","pgls5_castespolymorphic"
"OG0006599_00",0.226258301250897,0.150980090419056,1e-05,"1e-05 to 1",0.27074173011862,0.266501856456519,174,"success","pgls5_castespolymorphic"
"OG0008290_00",0.804839756323778,1.1142971800826e-05,1e-05,"1e-05 to 1",0.866329135767663,0.865551979580266,174,"success","pgls5_castespolymorphic"
