OG0000385_00	GO:0003735,GO:0005840,GO:0006412,GO:0003723,GO:0022627
OG0005579_00	GO:0030514,GO:0000978,GO:0046332,GO:0000981,GO:0005634,GO:0005667,GO:0000122,GO:0005737
OG0006145_00	GO:0005777,GO:0043231,GO:0080019,GO:0035336
OG0004055_00	GO:0006915,GO:0008285,GO:0043065,GO:0060090,GO:0005829,GO:0035329,GO:0042127
OG0000653_00	GO:0045944,GO:0010468,GO:0005634
OG0004389_00	GO:0031201,GO:0048278,GO:0006886,GO:0005484,GO:0012505,GO:0006906,GO:0000149
OG0001426_00	GO:0097352,GO:0030970,GO:0005634,GO:0051228,GO:0005829,GO:0031593,GO:0034098,GO:0016887
OG0006052_00	GO:0005634,GO:0006338,GO:0031011
OG0000667_00	GO:0005739,GO:0003924,GO:0005525
OG0004141_00	GO:0005788,GO:0016491
OG0006477_00	GO:0043161,GO:0005737,GO:0031463,GO:0097602
OG0006349_00	GO:0000978,GO:0000981,GO:0006357,GO:0005634,GO:0005667
OG0000202_00	GO:0005811,GO:0005739,GO:0005886,GO:0009247
OG0010531_00	GO:0030659,GO:0042626,GO:0016020,GO:0005886,GO:0055085
OG0003481_00	GO:0005737
OG0009740_00	GO:0016020,GO:0005216,GO:0004888,GO:0034220
OG0002895_00	GO:0042765,GO:0016255,GO:0003923
OG0000109_00	GO:0004252
OG0007358_00	GO:0006357,GO:0000981,GO:0000978
OG0005028_00	GO:0061630,GO:0043161,GO:0012505
OG0003985_00	GO:1990904,GO:0003729,GO:0005829
OG0007233_00	GO:0015179,GO:0016020,GO:0003333
OG0000778_00	GO:0004452,GO:0005737,GO:0009240
OG0001532_01	GO:0005942,GO:0046854,GO:0048015,GO:0052742,GO:0016303,GO:0005886,GO:0036092,GO:0016020,GO:0005737,GO:0016477,GO:0035005,GO:0043491
OG0004420_00	GO:0005737,GO:0002084,GO:0008474,GO:0052689
OG0006905_00	GO:0006750,GO:0035226,GO:0030234,GO:0035229,GO:0017109
OG0001980_00	GO:0004930,GO:0005886,GO:0071880,GO:0043410
OG0009272_00	GO:0016020,GO:0038023,GO:0030177,GO:0009897
OG0005840_00	GO:0005747,GO:0005743,GO:0006120,GO:0042773
OG0001699_00	GO:0048812,GO:0007417,GO:0021520,GO:0005634,GO:1990837
OG0005949_00	GO:0000978,GO:0006357,GO:0000981,GO:0005634,GO:0000977
OG0001570_00	GO:0045893,GO:0016514
OG0008173_00	GO:0005886,GO:0007608,GO:0050911,GO:0016020,GO:0005549,GO:0004984
OG0008836_00	GO:0006357,GO:0005634,GO:0008360,GO:0007010
OG0003809_00	GO:0016020,GO:0005886
OG0002518_00	GO:0016768,GO:0006597
OG0003135_00	GO:0016567,GO:0043022,GO:0072344,GO:0061630
OG0000372_00	GO:0007052,GO:0051231,GO:0003777,GO:0007018,GO:0005875
OG0004463_00	GO:0007034,GO:0005737,GO:0006886
OG0006573_00	GO:0060090,GO:0005085,GO:0032008
OG0000052_00	GO:0005886,GO:0004984,GO:0016020,GO:0007608,GO:0050911,GO:0005549
OG0009460_00	GO:0035025
OG0009118_00	GO:0006888,GO:0030126,GO:0006886,GO:0006891,GO:0005737
OG0009231_00	GO:0003682,GO:0031519,GO:0000151,GO:0061630
OG0002678_00	GO:0002143,GO:0016779,GO:0005737,GO:0032447,GO:0042292,GO:0004792
OG0009162_00	GO:0045948,GO:0070935,GO:0008494,GO:0005737,GO:0003730
OG0003407_00	GO:1905202,GO:0004485,GO:0006552,GO:0005739
OG0002813_00	GO:0000724,GO:0005813,GO:0000400,GO:0033063,GO:0006281,GO:0042148,GO:0005657
OG0007582_00	GO:0005829,GO:0006144,GO:0004001,GO:0005634,GO:0006166
OG0001791_00	GO:0045505,GO:0007018,GO:0051959,GO:0005858,GO:0030286
OG0002354_00	GO:0071942,GO:0003697,GO:0006289,GO:0003684,GO:0005737,GO:0000111,GO:0005634,GO:0006298
OG0002602_00	GO:0002020,GO:0031011
OG0000860_00	GO:0005634,GO:0010468
OG0004590_00	GO:0050660,GO:0016491
OG0004520_00	GO:0005747,GO:0006120
OG0004968_00	GO:0008378,GO:0030166,GO:0005794,GO:0046525,GO:0070085,GO:0016757,GO:0005975
OG0000418_00	GO:0016020,GO:0055085,GO:0042626
OG0004115_00	GO:0005886,GO:0004439,GO:0005737,GO:0001726,GO:0046856
OG0001840_00	GO:0006631,GO:0005739,GO:0016746,GO:0004095,GO:0009437
OG0000609_00	GO:0006357,GO:0003729,GO:0032044,GO:0032784,GO:0006368
OG0001488_00	GO:0016192
OG0004357_00	GO:0016020,GO:0030322,GO:0071805,GO:0005886,GO:0005267,GO:0022841,GO:0015271
OG0001581_00	GO:0005283,GO:0006865,GO:0035725,GO:0016020,GO:0015179,GO:0071705,GO:0005886,GO:0089718
OG0004821_00	GO:0005096,GO:0031267,GO:0043087
OG0010565_00	GO:0033192,GO:0097720
OG0009555_00	GO:0008080
OG0000008_00	GO:0005886,GO:0005549,GO:0007608,GO:0050911,GO:0004984,GO:0016020
OG0000707_00	GO:0006635,GO:0005739
OG0004004_00	GO:0004555,GO:0005993,GO:0005991
OG0006114_00	GO:0006457,GO:0005737
OG0003197_00	GO:0003723
OG0001518_00	GO:0003333,GO:0016020,GO:0015179,GO:0005774
OG0005653_00	GO:0015031
OG0008034_00	GO:0016020,GO:0005549,GO:0004984,GO:0005886,GO:0050911,GO:0007608
OG0001309_00	GO:0043130,GO:0036503,GO:0005634,GO:0005783
OG0005305_00	GO:0016035
OG0002784_00	GO:0046872,GO:0017183
OG0001244_00	GO:0050684,GO:0005739,GO:0007275,GO:0007005,GO:0003723
OG0001631_00	GO:0016717,GO:0004768,GO:0005789,GO:0005506,GO:0006636
OG0001690_00	GO:0006520,GO:0004058,GO:0016831,GO:0005737,GO:0006584
OG0008529_00	GO:0034625,GO:0016020,GO:0030148,GO:0005789,GO:0019367,GO:0042761,GO:0009922,GO:0034626
OG0001579_00	GO:0000723,GO:0003677,GO:0042162,GO:0007004,GO:0003720,GO:0003721,GO:0070034,GO:0000333
OG0002336_00	GO:0000978,GO:0004879,GO:0009888,GO:0006357,GO:0003677,GO:0090575,GO:0009755
OG0000290_01	GO:0004842,GO:0016567
OG0002765_00	GO:0140575
OG0006621_00	GO:0015347,GO:0016020,GO:0043252,GO:0016323,GO:0055085
OG0010561_00	GO:0006508,GO:0070573
OG0004353_00	GO:0003677,GO:0006352
OG0006423_00	GO:0004601,GO:0006979
OG0010428_00	GO:0016020
OG0007632_00	GO:0003735,GO:0005840,GO:0005762
OG0005322_00	GO:0005886,GO:0007169,GO:0004714,GO:0043235,GO:0033674,GO:0007275,GO:0017147
OG0008053_00	GO:0015718,GO:0008028
OG0005120_00	GO:0006383,GO:0005666
OG0004497_00	GO:0017147,GO:0060070,GO:0005886,GO:0035567,GO:0042813
OG0001223_00	GO:0003677,GO:0034245,GO:0006351,GO:0001018,GO:0006390,GO:0003899
OG0006587_00	GO:0000139,GO:0006621,GO:0006890,GO:0016020
OG0007030_00	GO:0000062
OG0008242_00	GO:0005769,GO:0099518
OG0008085_00	GO:0005680,GO:0031145,GO:0007346,GO:0070979
OG0004687_00	GO:0016020
OG0003431_00	GO:0005789,GO:0120015,GO:0005886,GO:0032366,GO:0140268,GO:0032934
OG0002735_00	GO:0090537,GO:0006338
OG0010264_00	GO:0035099
OG0006075_00	GO:0010564,GO:0030182,GO:0000122,GO:0017053,GO:0001227,GO:0000978,GO:0003700,GO:0005634
OG0005629_00	GO:0005737,GO:0005085
OG0005526_00	GO:0006879,GO:0006880,GO:0005737,GO:0006826,GO:0008198,GO:0008199
OG0005830_00	GO:0005634,GO:0070536,GO:0090307,GO:0031593,GO:0008608,GO:0008017
OG0001333_00	GO:0016020,GO:0042626,GO:0055085
OG0001500_00	GO:0006516,GO:0004567
OG0009413_00	GO:0007166,GO:0007173,GO:0048018,GO:0005154
OG0004748_00	GO:0005634,GO:0008541,GO:0005829,GO:0006511,GO:0005198
OG0000061_00	GO:0016405
OG0003262_00	GO:0003723,GO:0005730,GO:0030490
OG0003954_00	GO:0007165
OG0002027_00	GO:0008194
OG0005124_00	GO:0030166,GO:0005509,GO:0045134,GO:0017110,GO:0004382
OG0005403_00	GO:0031507,GO:0006974,GO:0008622,GO:0006272,GO:0008623,GO:0031490
OG0001612_00	GO:0061630,GO:0000209,GO:0043161
OG0007467_00	GO:0006357,GO:0000978,GO:0000981
OG0004493_00	GO:0005730,GO:0003729
OG0003588_00	GO:0005802,GO:0099518,GO:0031267
OG0006583_00	GO:0090560,GO:0017183
OG0001739_00	GO:0045025,GO:0000965
OG0005326_00	GO:0005739,GO:0010257,GO:0032981,GO:0006120,GO:0051082
OG0001933_00	GO:0004252
OG0007636_00	GO:0008080
OG0007651_00	GO:0043186,GO:0034587,GO:0043565,GO:0045892,GO:0005634,GO:0007140,GO:0007283
OG0005187_00	GO:0000978,GO:0006357,GO:0000981
OG0005341_00	GO:0006396
OG0007097_00	GO:0000287,GO:0004523,GO:0005634,GO:0030145,GO:0017108,GO:0008409
OG0002858_00	GO:0005737,GO:0004620
OG0002124_00	GO:0016540,GO:0043565,GO:0005789,GO:0045893,GO:0003700,GO:0005634
OG0001091_00	GO:0004527,GO:0005634
OG0009060_00	GO:0099503
OG0007549_00	GO:0004371,GO:0019563,GO:0005829
OG0002740_00	GO:0043161,GO:0019005
OG0008759_00	GO:0004252
OG0001863_00	GO:0005759,GO:0003723,GO:0005525,GO:0000028,GO:0043024,GO:0019843
OG0000565_00	GO:0007608,GO:0005886,GO:0004984,GO:0016020,GO:0005549,GO:0050911
OG0005580_00	GO:0004674,GO:0005634,GO:0043484,GO:0006468
OG0006400_00	GO:0043005
OG0006376_00	GO:0005737,GO:0071932,GO:0017108
OG0004503_00	GO:0031083
OG0009382_00	GO:0006883,GO:0019829,GO:0005886,GO:0005391,GO:1990573,GO:0036376,GO:1902600,GO:0030007
OG0004370_00	GO:0016746
OG0000136_00	GO:0004252
OG0005017_00	GO:0030686,GO:0005730,GO:0000447
OG0001466_00	GO:0000725
OG0007367_00	GO:0005929
OG0007802_00	GO:0005737
OG0006892_00	GO:0043461,GO:0033615,GO:0005739
OG0003994_00	GO:0005753,GO:0042776,GO:0046933
OG0001520_00	GO:0005525,GO:0005829,GO:0006107,GO:0030145,GO:0033993,GO:0071333,GO:0042594,GO:0004613,GO:0046327,GO:0019543,GO:0004611,GO:0006094
OG0008570_00	GO:0004601
OG0004989_00	GO:0006493,GO:0016020,GO:0000139,GO:0009101,GO:0016757,GO:0016758
OG0005810_00	GO:0071014,GO:0005684
OG0005018_00	GO:0005634,GO:0010468
OG0003881_00	GO:0045505,GO:0030286,GO:0007018,GO:0051959
OG0002843_00	GO:0005737
OG0005378_00	GO:0008289,GO:0005783
OG0008218_00	GO:0016706
OG0001745_00	GO:0005634,GO:0006355,GO:0090309,GO:0005667,GO:0003712
OG0007668_00	GO:1904293,GO:1904153,GO:0010508,GO:1904240,GO:0005789
OG0008904_00	GO:0030215,GO:0030335,GO:0007411,GO:0001755,GO:0045499,GO:0005886,GO:0050919,GO:0071526
OG0009190_00	GO:0005634
OG0008760_00	GO:0031514
OG0007066_00	GO:0005615,GO:0004867
OG0002137_00	GO:0003983,GO:0006011
OG0008118_00	GO:0035091,GO:0005770,GO:0006622,GO:0008333,GO:0005769,GO:0045022
OG0006282_00	GO:0032589,GO:0050808
OG0001636_00	GO:0022625,GO:0003723
OG0007403_00	GO:0005634,GO:0004674,GO:0070525,GO:0005829,GO:0006468,GO:0000408
OG0005302_00	GO:0005634,GO:0007389,GO:0003682
OG0002783_00	GO:0032963
OG0005654_00	GO:0005886
OG0007708_00	GO:0016020,GO:0005525,GO:0007165
OG0001243_00	GO:0005509
OG0006566_00	GO:0071569,GO:1990592,GO:0061657,GO:0005737,GO:0071568
OG0004476_00	GO:0005643,GO:0017056
OG0006931_00	GO:0016567,GO:0005737,GO:0005634,GO:0019005
OG0000025_00	GO:0016788,GO:0008270,GO:0005634
OG0003095_00	GO:0005737,GO:0051603
OG0002593_00	GO:0006935,GO:0023041,GO:0008017,GO:0031965,GO:0030867
OG0009457_00	GO:0032783,GO:0010468
OG0007261_00	GO:0032502,GO:0000981,GO:0006357,GO:0000977
OG0005771_00	GO:0001510,GO:0005730,GO:0008173,GO:0070475
OG0009982_00	GO:0005737
OG0001959_00	GO:0046961,GO:1902600,GO:0005765,GO:0000221
OG0003905_00	GO:0015629,GO:0007163,GO:0051017,GO:0051015,GO:0005737,GO:0007015,GO:0016477
OG0007062_00	GO:0005634,GO:0009408,GO:0005737,GO:0042026,GO:0051082
OG0003556_00	GO:0000978,GO:0030154,GO:0005634,GO:0006357,GO:0000981
OG0002847_00	GO:0007052,GO:0000226,GO:0021987,GO:0007097,GO:0005737
OG0009194_00	GO:0007268,GO:0005886,GO:0043197,GO:0005737
OG0008438_00	GO:0004222,GO:0006509,GO:0007219,GO:0005886
OG0000323_01	GO:0106388,GO:0016740,GO:0006364,GO:0030490
OG0001741_00	GO:0005829,GO:0006597,GO:0008295,GO:0004014
OG0007574_00	GO:0006357,GO:0001228,GO:0000978,GO:0005634
OG0002133_00	GO:1901096,GO:0005794,GO:0005770,GO:0007034,GO:0016197
OG0000312_00	GO:0022627,GO:0000028,GO:0005840,GO:0003735,GO:0003723,GO:0006412
OG0004666_00	GO:0005615,GO:0062023
OG0000936_00	GO:0055085,GO:0005789,GO:0046963,GO:0022857,GO:0000139,GO:0046964
OG0003151_00	GO:0001003,GO:0001002,GO:0000127,GO:0006384
OG0003340_00	GO:0000123,GO:0044545,GO:0035035
OG0003249_00	GO:0035725,GO:0071705,GO:0089718,GO:0016020,GO:0006865,GO:0005283,GO:0005886
OG0009513_00	GO:0003682,GO:0035267,GO:0000812,GO:0006281
OG0002457_00	GO:0005634
OG0003864_00	GO:0080019,GO:0043231,GO:0035336,GO:0005777
OG0008779_00	GO:0016311,GO:0016791
OG0002535_00	GO:0140662
OG0010396_00	GO:0006355,GO:0005634,GO:0003712,GO:0008134
OG0007569_00	GO:0015918,GO:0032934
OG0003613_00	GO:0005783,GO:0016020,GO:0012505
OG0009282_00	GO:0043409,GO:0019901
OG0002962_00	GO:0005789
OG0002446_00	GO:0005737,GO:1990966,GO:0005975,GO:0006282,GO:0005634,GO:0009225,GO:0004649
OG0010214_00	GO:0007608,GO:0005549,GO:0005886,GO:0016020,GO:0004984,GO:0050911
OG0005406_00	GO:0006612,GO:0005783,GO:0019706,GO:0016409,GO:0005794,GO:0018230
OG0005121_00	GO:0007041,GO:0000938,GO:0006896,GO:0032456,GO:0019905,GO:0042147
OG0005323_00	GO:0006506
OG0004496_00	GO:0003723
OG0001617_00	GO:0008080
OG0006586_00	GO:0031012,GO:0005615
OG0008243_00	GO:0005737
OG0005337_00	GO:0046855,GO:0004441
OG0001702_00	GO:0005737,GO:0097352
OG0005131_00	GO:0000976,GO:0005634,GO:0008285,GO:0006357,GO:0000403,GO:0035097,GO:0003682,GO:0000785,GO:0045786
OG0002170_00	GO:0004222,GO:0006508
OG0002794_00	GO:0009306
OG0008024_00	GO:0006357,GO:0000978,GO:0000981
OG0002768_00	GO:0015279,GO:0002115,GO:0016020
OG0005844_00	GO:0003714,GO:0005634,GO:0045892
OG0001574_00	GO:0071051,GO:0016075,GO:0034427,GO:0071028,GO:0005730,GO:0034475,GO:0000177,GO:0003723,GO:0000176
OG0007767_00	GO:0005525,GO:0007264
OG0000512_00	GO:0005886,GO:0050911,GO:0004984,GO:0005549,GO:0007608,GO:0016020
OG0006367_00	GO:0016491,GO:0005739
OG0006958_00	GO:0005783,GO:0005794
OG0007979_00	GO:0006508,GO:0031012,GO:0004222,GO:0030198
OG0004224_00	GO:0005737
OG0000742_00	GO:0006520,GO:0016831,GO:0005737,GO:0006584,GO:0042427,GO:0004058
OG0006151_00	GO:0005739,GO:0006086,GO:0045254
OG0004041_00	GO:0030838
OG0003436_00	GO:0004105,GO:0031210,GO:0006657
OG0004680_00	GO:0008074,GO:0004383,GO:0019934,GO:0070482,GO:0038060,GO:0070026,GO:0019826
OG0008082_00	GO:0070492,GO:0012505
OG0005971_00	GO:0003682,GO:0072487
OG0009012_00	GO:0006357,GO:0005634
OG0002347_00	GO:0032389,GO:0032300,GO:0016887,GO:0140664,GO:0006298
OG0008388_00	GO:0016020,GO:0022889,GO:0006811,GO:0022857,GO:0005743,GO:0140300,GO:1990542,GO:0015075,GO:0055085
OG0001167_00	GO:0006378,GO:0006398,GO:0003723,GO:0098789,GO:0005847
OG0001813_00	GO:0006419,GO:0004813,GO:0005739,GO:0002161
OG0005884_00	GO:0005509,GO:0006457,GO:0036503,GO:0005783,GO:0005789,GO:0051082
OG0007198_00	GO:0060271,GO:0030991,GO:0061512,GO:0097730,GO:1905515,GO:0035721
OG0004120_00	GO:0051209,GO:0035556,GO:0007186,GO:0046488,GO:0004435,GO:0005737,GO:0048015
OG0004814_00	GO:0030672,GO:0022857,GO:0005335,GO:0043195,GO:0015842
OG0000883_00	GO:0051536,GO:0016226,GO:0005737
OG0006610_00	GO:0042994,GO:0005737,GO:0008134,GO:0005634
OG0000168_00	GO:0050911,GO:0005886,GO:0004984,GO:0007608,GO:0016020,GO:0005549
OG0010183_00	GO:0005886,GO:0090090
OG0005552_00	GO:0051726
OG0000256_01	GO:0016791
OG0009454_00	GO:0030866,GO:0005856,GO:0005737,GO:0051015
OG0002590_00	GO:0016020,GO:0055085,GO:0042626
OG0009807_00	GO:0060070,GO:0000785,GO:1990907,GO:0016055,GO:0000978,GO:0000981,GO:0006357
OG0006932_00	GO:0005829,GO:0000045,GO:0061723,GO:0000422,GO:0019776,GO:0000407,GO:0044804
OG0004475_00	GO:0032039,GO:0034472
OG0006565_00	GO:0005794,GO:0006891,GO:0017119
OG0006924_00	GO:0036396,GO:0005634,GO:0008168,GO:0001734,GO:0080009
OG0000711_00	GO:1903352,GO:0006865,GO:0061459,GO:0005886,GO:0000064,GO:0097638,GO:0015189,GO:0015171
OG0003088_00	GO:0003723,GO:0006396,GO:0005730
OG0003181_00	GO:0051087,GO:0031072,GO:0005737,GO:0050821,GO:0006457,GO:0051082
OG0004449_00	GO:0061630,GO:0000209,GO:0006511
OG0002582_00	GO:0004601
OG0008639_00	GO:0005829,GO:0043295,GO:0004363,GO:0005524,GO:0006750
OG0002949_00	GO:0042981,GO:0006511
OG0004785_00	GO:0008028,GO:0015718
OG0003137_00	GO:0000398,GO:0071013
OG0003929_00	GO:0016075,GO:0071031,GO:0000177,GO:0000176,GO:0004519,GO:0006402,GO:0000175
OG0002698_00	GO:0005789
OG0003046_00	GO:0005737,GO:0015914,GO:0008526,GO:0005548,GO:0035091
OG0003873_00	GO:0005886
OG0003622_00	GO:0043231,GO:0016491,GO:0008202
OG0009291_00	GO:0006020,GO:0046855,GO:0007165,GO:0008934
OG0003401_00	GO:0015031
OG0002352_00	GO:0000981,GO:0006357,GO:0005634,GO:0000978
OG0008794_00	GO:0022857,GO:1902603,GO:0006810,GO:0006839,GO:0005740,GO:0015227
OG0002815_00	GO:0016020
OG0004596_00	GO:0030198,GO:0030574,GO:0005615,GO:0004222
OG0001797_00	GO:0005811,GO:0016616
OG0009649_00	GO:0006357,GO:0005634
OG0004272_00	GO:0005737,GO:0006606
OG0006986_00	GO:0016020,GO:0008417,GO:0009101
OG0001217_00	GO:0003682,GO:0006367,GO:0000976,GO:0016251,GO:0005669
OG0001903_00	GO:0007010,GO:0005737,GO:0046847,GO:0005085
OG0007901_00	GO:0000978,GO:0005634,GO:0006357,GO:0003700
OG0005990_00	GO:0045892,GO:0001223,GO:0006355
OG0006274_00	GO:0004930,GO:0007186
OG0005433_00	GO:0006357,GO:0000981,GO:0000977,GO:0048598,GO:0005634
OG0001024_00	GO:0005634,GO:0042797,GO:0005666,GO:0006351
OG0008294_00	GO:0051537
OG0001378_00	GO:0005739,GO:0004823,GO:0006429,GO:0000166,GO:0005524,GO:0032543
OG0001640_00	GO:0003677,GO:0000127,GO:0006384,GO:0042791
OG0006762_00	GO:0005634
OG0008972_00	GO:0008483,GO:1901605,GO:0016212
OG0002350_00	GO:0000166,GO:0006164,GO:0044208,GO:0046040,GO:0005737,GO:0004019
OG0002817_00	GO:0004617
OG0003708_00	GO:0035735,GO:0005929,GO:0030992,GO:0042073,GO:0060271,GO:0048487
OG0002606_00	GO:0005634,GO:0006288,GO:0003910,GO:0006266,GO:0006302,GO:0006273,GO:0070421
OG0003403_00	GO:0005783,GO:0030497
OG0009337_00	GO:0016020,GO:0005743
OG0004594_00	GO:0008010,GO:0062129
OG0005307_00	GO:0005634,GO:0045893
OG0001246_00	GO:0032040,GO:0000494,GO:0005730,GO:1990259,GO:0008649,GO:0031167,GO:0003723,GO:0015030,GO:0031428
OG0007406_00	GO:0005739,GO:0003735
OG0005651_00	GO:0005829,GO:0002181,GO:0003729
OG0007617_00	GO:0004984,GO:0007608,GO:0050911,GO:0005886,GO:0016020,GO:0005549
OG0008036_00	GO:0007017,GO:0005874
OG0003899_00	GO:0016787,GO:0016020
OG0008267_00	GO:0050479,GO:0006643,GO:0005783
OG0005538_00	GO:0016020,GO:0004439,GO:0046856
OG0001633_00	GO:0005739
OG0006077_00	GO:0002098,GO:0005739,GO:0030488,GO:0005737
OG0001331_00	GO:0008237,GO:0016020,GO:0006508,GO:0008241,GO:0005886,GO:0005615
OG0005524_00	GO:0006357,GO:0030182,GO:0000978,GO:0000981,GO:0005634
OG0008552_00	GO:0007017,GO:0005874
OG0000581_00	GO:0005759,GO:0016887,GO:0005524,GO:0051603
OG0001502_00	GO:0005739,GO:0005759,GO:0004830,GO:0070183,GO:0006436
OG0001609_00	GO:0003723
OG0005832_00	GO:0015842,GO:0022857,GO:0043195,GO:0030672,GO:0005335
OG0009532_00	GO:0003743,GO:0005737,GO:0005852
OG0003365_00	GO:0030832,GO:0004674,GO:0018105,GO:0000146
OG0006649_00	GO:0017150
OG0010336_00	GO:0005634,GO:0000978,GO:0006357,GO:0000981
OG0010400_00	GO:0005886,GO:0016020
OG0004023_00	GO:0005096,GO:0007264,GO:2001136,GO:0005737
OG0004706_00	GO:0005739,GO:0009081,GO:0009099,GO:0009098,GO:0004084
OG0004179_00	GO:0005615
OG0003790_00	GO:0019842,GO:0017187,GO:0008488
OG0010509_00	GO:0015179,GO:0003333
OG0000724_00	GO:0016020
OG0010205_00	GO:0060395,GO:0006355,GO:0009653,GO:0071144,GO:0030154,GO:0070411,GO:0006357,GO:0140416
OG0003490_00	GO:0016922,GO:0045892,GO:0031492,GO:0016514
OG0006358_00	GO:0070006,GO:0005615,GO:0008270,GO:0005737,GO:0016020,GO:0042277,GO:0043171,GO:0006508
OG0006660_00	GO:0070782,GO:0043652,GO:0016020,GO:0005886,GO:1902742
OG0000118_00	GO:0007608,GO:0050911,GO:0016020,GO:0005886,GO:0004984,GO:0005549
OG0004312_00	GO:0005024,GO:0005524,GO:0007178,GO:0016020,GO:0005886,GO:0030509,GO:0004675,GO:0004674,GO:0043235,GO:0071363,GO:0006468
OG0004150_00	GO:0003756,GO:0005615,GO:0016971,GO:0000139,GO:0006457
OG0006462_00	GO:1905515,GO:0035869
OG0003060_00	GO:0005737,GO:0019781,GO:0045116,GO:0032446
OG0002056_00	GO:0061630,GO:0005829,GO:0072344,GO:1990116,GO:0043023,GO:1990112
OG0003231_00	GO:0005869,GO:0007017
OG0002953_00	GO:0005247,GO:0005769,GO:0005886,GO:0005794,GO:0008021,GO:0015299
OG0002225_00	GO:0000244
OG0003129_00	GO:0061630,GO:0071013,GO:0000209
OG0008523_00	GO:0061630,GO:0008582,GO:0007411,GO:0005634,GO:0005886
OG0003764_00	GO:0000776,GO:0007094,GO:0034501,GO:0033316,GO:0018105,GO:0005634,GO:0004674,GO:0004712,GO:0007059
OG0010089_00	GO:0005198,GO:0016010,GO:0005622
OG0007760_00	GO:0099536,GO:0045202,GO:0005886
OG0000989_00	GO:0016020
OG0005843_00	GO:0048856,GO:0005509,GO:0005615,GO:0050840,GO:0005518
OG0006061_00	GO:0004725
OG0005514_00	GO:0005634,GO:0006357,GO:0030182,GO:0000977,GO:0000981
OG0006494_00	GO:0016020,GO:0070536,GO:0061578,GO:0005768
OG0001129_00	GO:0032504,GO:0005615
OG0008055_00	GO:0008017,GO:0036064,GO:0005856,GO:0005879,GO:0005814,GO:0036126
OG0007465_00	GO:0009922,GO:0030148,GO:0005789,GO:0034626,GO:0016020,GO:0019367,GO:0042761,GO:0034625
OG0002189_00	GO:0000122,GO:0005634,GO:0001227,GO:0000978
OG0005324_00	GO:0016051,GO:0016020,GO:0008146
OG0008244_00	GO:0060170,GO:0060271,GO:0032880,GO:0035869
OG0005126_00	GO:0005794,GO:0007030
OG0001610_00	GO:0005737,GO:0004683,GO:0035556,GO:0004674,GO:0005516
OG0007036_00	GO:0005615,GO:0008613,GO:0001664,GO:0007589
OG0004491_00	GO:0005634,GO:0006334
OG0007634_00	GO:0016020
OG0001931_00	GO:0005737
OG0007477_00	GO:0070005,GO:0004177,GO:0006508,GO:0008234,GO:0005737,GO:0043418,GO:0009636
OG0004483_00	GO:0005783,GO:0042171
OG0001008_00	GO:0008017,GO:0005881,GO:0000226,GO:0005929
OG0008047_00	GO:0000978,GO:0006355,GO:0000981
OG0005602_00	GO:0005737,GO:0043023,GO:0000055,GO:0005634
OG0006782_00	GO:0019915,GO:0005829,GO:0010890,GO:0005811
OG0001923_00	GO:0006302,GO:0070531,GO:0070552
OG0005413_00	GO:0006893,GO:0090522,GO:0000145,GO:0016020,GO:0006887,GO:0006886
OG0001664_00	GO:0000938,GO:0042147
OG0002679_00	GO:0005030,GO:0007275,GO:0004714,GO:0030424,GO:0010976,GO:1990090,GO:0033674,GO:0043235,GO:0043121,GO:0051897,GO:0005886,GO:0007169
OG0000053_00	GO:0004659,GO:0008299
OG0006572_00	GO:0007005,GO:0005739,GO:0005634
OG0009119_00	GO:0007165,GO:0005525,GO:0016020
OG0009461_00	GO:0005509
OG0004462_00	GO:0000978,GO:0000981,GO:0090575,GO:0006357
OG0009814_00	GO:0005525
OG0006652_00	GO:0016020
OG0000225_00	GO:1904423,GO:0045547,GO:0005783,GO:0016094,GO:0016765
OG0000409_00	GO:0035336,GO:0005777,GO:0043231,GO:0080019
OG0005590_00	GO:0006357,GO:0005634
OG0004618_00	GO:0035556,GO:0004435,GO:0051209,GO:0048015,GO:0046488
OG0001851_00	GO:0018344,GO:0005968,GO:0005829,GO:0016192,GO:0005092,GO:0007264,GO:0005634,GO:0005737
OG0010048_00	GO:0032509,GO:0000813,GO:0043328,GO:0044877
OG0004979_00	GO:0006744,GO:0008425,GO:0008168
OG0001499_00	GO:0055085,GO:0016020
OG0004360_00	GO:0006487,GO:0005789
OG0004936_00	GO:0051015,GO:0015629,GO:0005885,GO:0034314,GO:0005200
OG0000446_00	GO:0005634,GO:0005737
OG0006022_00	GO:0007423,GO:0007219
OG0000631_00	GO:0006538,GO:0004352,GO:0005739
OG0006548_00	GO:0006357,GO:0000981,GO:0005634
OG0006113_00	GO:0006364,GO:0032040,GO:0034388
OG0004458_00	GO:0032543,GO:0070681,GO:0005739,GO:0030956,GO:0050567,GO:0016884
OG0009552_00	GO:0046512,GO:0042759,GO:0017040,GO:0046514,GO:0005576
OG0004003_00	GO:0005802
OG0006745_00	GO:0000506,GO:0006506,GO:0017176
OG0001393_00	GO:0000281,GO:0000724,GO:0005813,GO:0032266,GO:0005765,GO:0032465,GO:0030496
OG0006330_00	GO:0097255,GO:0000492,GO:1990904,GO:0005737,GO:0006364
OG0000170_00	GO:0004222,GO:0031012,GO:0006508,GO:0030198
OG0007180_00	GO:0005783,GO:0000030,GO:0035269
OG0001151_00	GO:0005886,GO:0007186,GO:0004930
OG0005454_00	GO:0070403,GO:0005759,GO:0017136
OG0004138_00	GO:0016020
OG0006230_00	GO:0140284,GO:0012505
OG0007277_00	GO:2000632,GO:0005737,GO:0008173,GO:0008171
OG0004709_00	GO:0007034
OG0004600_00	GO:0005615,GO:0005886,GO:0006581,GO:0003990,GO:0019695,GO:0052689
OG0000950_00	GO:0007018,GO:0000278,GO:0008017,GO:0003777,GO:0005874
OG0006646_00	GO:0007017,GO:0005874
OG0004176_00	GO:0005634,GO:0006325
OG0004943_00	GO:0016020
OG0010339_00	GO:0035621
OG0005804_00	GO:0031588,GO:0019901,GO:0007165,GO:0005737,GO:0005634
OG0008564_00	GO:0005267,GO:0030322,GO:0015271,GO:0016020,GO:0022841,GO:0005886,GO:0071805
OG0004894_00	GO:0000785,GO:0006306,GO:0000122,GO:0002039,GO:0042054,GO:0005634,GO:0018027,GO:0046974,GO:0016279
OG0001534_00	GO:0005634,GO:0005829,GO:0016504,GO:0010499,GO:0070577,GO:0070628
OG0003662_00	GO:0005634
OG0007727_00	GO:0006469,GO:0005737
OG0002950_00	GO:0006606,GO:0005829,GO:0005635
OG0003063_00	GO:0005634,GO:0019888,GO:0019903,GO:0005829,GO:0043666
OG0008620_00	GO:0016298,GO:0016042,GO:0005615
OG0002681_00	GO:0005886,GO:0005783,GO:0005246,GO:0005509,GO:0032237,GO:0006874,GO:0002115
OG0007840_00	GO:0050911,GO:0007608,GO:0016020,GO:0005886,GO:0004984,GO:0005549
OG0007501_00	GO:0031012,GO:0005615
OG0005147_00	GO:0007165
OG0001306_00	GO:0034457,GO:0005634,GO:0005732,GO:0032040,GO:0006364
OG0007700_00	GO:0005634,GO:0031514,GO:0007286,GO:0035082
OG0005827_00	GO:0005634
OG0008547_00	GO:0062129,GO:0008010
OG0005535_00	GO:0055080,GO:0005261,GO:0034703,GO:0030424
OG0003894_00	GO:0015179,GO:0016020,GO:0071705,GO:0005283,GO:0006865,GO:0005886,GO:0089718,GO:0035725
OG0005203_00	GO:0006629,GO:0005737,GO:0000302
OG0001517_00	GO:0007009
OG0000869_00	GO:0031145,GO:0060090,GO:0007091,GO:0070979,GO:0005680
OG0009646_00	GO:0005886,GO:0098703,GO:0015275
OG0004599_00	GO:0016460
OG0002702_00	GO:0005634,GO:0000956,GO:0003723,GO:0004534
OG0005967_00	GO:0035556,GO:0005737,GO:0004674
OG0001798_00	GO:0000175,GO:0005739
OG0005779_00	GO:0031491,GO:0006357,GO:0042393,GO:0005634
OG0009883_00	GO:0046166,GO:0006094,GO:0004807,GO:0019563,GO:0005829,GO:0006096
OG0001054_00	GO:0006624,GO:0043231
OG0005461_00	GO:0004867,GO:0005615
OG0006204_00	GO:0043565
OG0006195_00	GO:0005739,GO:0045454
OG0003307_00	GO:0032039,GO:0034472
OG0003116_00	GO:0003676,GO:0061668,GO:0043231,GO:0006390,GO:0005739
OG0004085_00	GO:0030336,GO:0070822
OG0000786_00	GO:0004252,GO:0006508
OG0003822_00	GO:0035151,GO:0005918,GO:0019991
OG0006048_00	GO:0005634,GO:0099122,GO:0016422
OG0001434_00	GO:0016616,GO:0005739,GO:0006574,GO:0008442
OG0000657_00	GO:0016286,GO:0016020,GO:0006813
OG0006141_00	GO:0005737,GO:0055105
OG0006840_00	GO:0032039,GO:0016180
OG0004051_00	GO:0016460
OG0000564_00	GO:0030515,GO:0031428,GO:0032040
OG0005581_00	GO:0006360,GO:0001188,GO:0001164,GO:0070860,GO:0005668,GO:0042790
OG0009750_00	GO:0050911,GO:0016020,GO:0005549,GO:0004984,GO:0005886,GO:0007608
OG0001862_00	GO:0005945,GO:0003872,GO:0006002,GO:0061621,GO:0042802,GO:0048029,GO:0070095,GO:0016208,GO:0030388,GO:0005524
OG0004502_00	GO:0005737,GO:0042981
OG0001595_00	GO:0005763,GO:0003735
OG0007782_00	GO:0000380,GO:0003723,GO:0005634
OG0006437_00	GO:0030674,GO:0031931,GO:0010506,GO:0031929,GO:0009267,GO:0030307,GO:0071230,GO:0005737,GO:0038202
OG0000534_00	GO:0006665,GO:0004348,GO:0006680
OG0008192_00	GO:0001671,GO:0016020,GO:0061024
OG0006301_00	GO:0005576,GO:0005125,GO:0005615
OG0001142_00	GO:0016311,GO:0004035,GO:0016791
OG0004835_00	GO:0032039,GO:0034474
OG0005033_00	GO:0036038,GO:0060271
OG0000492_00	GO:0005652,GO:0090435,GO:0005635,GO:0051664,GO:0031507,GO:0005200,GO:0007097,GO:0006998
OG0006876_00	GO:0016020,GO:0034464,GO:0005930,GO:0008104,GO:0043005,GO:0060271,GO:0036064,GO:0046907
OG0001402_00	GO:0008234
OG0006729_00	GO:1990817,GO:0031123,GO:0016779
OG0006237_00	GO:0006388,GO:0072669
OG0006945_00	GO:0045944,GO:0005634,GO:0001228,GO:0007420,GO:0030154,GO:0000122,GO:0000978,GO:0030182
OG0001948_00	GO:0030286,GO:0045505,GO:0007018,GO:0051959,GO:0005858
OG0004239_00	GO:0006261,GO:0005634,GO:0008622
OG0005760_00	GO:0005737,GO:0003729,GO:0005634
OG0001211_00	GO:0098609,GO:0030424,GO:0005886,GO:0007411
OG0006980_00	GO:0098789,GO:0005847,GO:0003729
OG0005996_00	GO:0005747,GO:0006120
OG0005259_00	GO:0005739,GO:0006099,GO:0034553,GO:0006121,GO:0018293
OG0006272_00	GO:0006099,GO:0004449,GO:0006102,GO:0005739
OG0004274_00	GO:0005886
OG0005435_00	GO:0000981,GO:0006357,GO:0000977
OG0007907_00	GO:0016020,GO:0005739,GO:0007005
OG0001905_00	GO:0005886,GO:0016020
OG0007169_00	GO:0000460,GO:0030687,GO:0005730,GO:0000470
OG0008061_00	GO:0006364,GO:0042273,GO:0034399,GO:0030687,GO:0005730
OG0008292_00	GO:1902495,GO:0022857,GO:0034220
OG0000199_00	GO:0016020,GO:0022857,GO:0055085
OG0007724_00	GO:0061574,GO:0071011,GO:0003723,GO:0008380
OG0001458_00	GO:0004758,GO:0046512,GO:0046513,GO:0005783
OG0008134_00	GO:0005789,GO:0006888,GO:0009306,GO:0035459,GO:0070971
OG0005807_00	GO:0043291
OG0004897_00	GO:0030154,GO:2001240,GO:0048856,GO:0045739,GO:0005634,GO:0004725
OG0008988_00	GO:0034045,GO:0000045,GO:0034274,GO:0043495,GO:0000421
OG0009738_00	GO:0016791,GO:0003779,GO:0030837
OG0009235_00	GO:0005634,GO:0000978,GO:0007548,GO:0000981,GO:0006355,GO:0006357
OG0004467_00	GO:0003713,GO:0016592,GO:0006357
OG0000056_00	GO:0005576
OG0008099_00	GO:0032436,GO:0000209,GO:0031624,GO:0042428,GO:0005789,GO:0042415,GO:0061630
OG0002729_00	GO:0045893,GO:0008023,GO:0070577,GO:0003682
OG0002831_00	GO:0016020
OG0009009_00	GO:0005886
OG0003547_00	GO:0031623,GO:0043130,GO:0005769,GO:0032456
OG0001260_00	GO:0061630,GO:0005634,GO:0043027,GO:0051726,GO:0043066,GO:0005737,GO:0031398
OG0002144_00	GO:0072384,GO:0009306,GO:0000139,GO:0005783,GO:0006891,GO:0030126,GO:0006888,GO:0005793
OG0007073_00	GO:0015114,GO:0016036,GO:0005886,GO:0006817,GO:0000822,GO:0005737,GO:0005794
OG0001776_00	GO:0031167,GO:0005762,GO:0008173,GO:0001510,GO:0008168
OG0005163_00	GO:0005375,GO:0035434,GO:0016020
OG0005361_00	GO:0030424,GO:0007411,GO:0005886,GO:0098609
OG0007118_00	GO:0016020,GO:0005886
OG0009080_00	GO:0015031,GO:0016020,GO:0005789
OG0002253_00	GO:0000395,GO:0030627,GO:0000398,GO:0005685
OG0008776_00	GO:0140297,GO:0005634,GO:0045944,GO:0003713
OG0007867_00	GO:0005929,GO:0097542,GO:0036064,GO:0035253,GO:0036158,GO:0003341
OG0009186_00	GO:0052745,GO:0003993
OG0003070_00	GO:0005634,GO:0061630
OG0001954_00	GO:0005634,GO:0000978,GO:0006357,GO:0001228
OG0006858_00	GO:0003735,GO:0005762
OG0007952_00	GO:0004725
OG0005381_00	GO:0005739,GO:0033108
OG0005464_00	GO:0031124,GO:0000993
OG0006757_00	GO:0031146,GO:0019005
OG0003421_00	GO:0006685,GO:0005764,GO:0008081,GO:0005615,GO:0061750,GO:0046513
OG0010142_00	GO:0004984,GO:0016020,GO:0050911,GO:0005549,GO:0005886,GO:0007608
OG0002376_00	GO:0005634,GO:0005667,GO:0000932,GO:0035331,GO:0001666,GO:0003714,GO:0007010,GO:0006355,GO:0005912
OG0008990_00	GO:0006465,GO:0045047,GO:0005787,GO:0016020
OG0001431_00	GO:0005634,GO:0000981,GO:0000978,GO:0006357
OG0006144_00	GO:0019005,GO:0045202,GO:0043161,GO:0060386
OG0004388_00	GO:0036503,GO:0005509,GO:0005789,GO:0051082,GO:0006457,GO:0005783
OG0000652_00	GO:0099503
OG0009216_00	GO:0050911,GO:0004984,GO:0005886,GO:0005549,GO:0007608,GO:0016020
OG0002033_00	GO:0016791,GO:0005737
OG0003250_00	GO:0016567,GO:0080008,GO:0019005
OG0003148_00	GO:0047536
OG0002559_00	GO:0016020,GO:0005886
OG0002021_00	GO:0005634,GO:0006281,GO:0030915
OG0003264_00	GO:0005637,GO:0000030,GO:0018406,GO:0016020
OG0003952_00	GO:0042147,GO:0005802,GO:0099041
OG0000067_00	GO:0007635,GO:0008049,GO:0030424,GO:0030425,GO:0043025
OG0009415_00	GO:0016020,GO:0005216,GO:0004888,GO:0034220
OG0002163_00	GO:0005783,GO:0061630,GO:0006511
OG0003564_00	GO:0017136,GO:0000785,GO:0070403,GO:0097372,GO:0005634
OG0008716_00	GO:0005923,GO:0005886,GO:0150105,GO:0050839,GO:0045216,GO:0098609
OG0007050_00	GO:0006508,GO:0070573
OG0005140_00	GO:0005737
OG0001715_00	GO:0071805,GO:0005886,GO:0015271,GO:0005267,GO:0016020,GO:0022841,GO:0030322
OG0002686_00	GO:0005634,GO:1990841
OG0003842_00	GO:0000785
OG0007756_00	GO:0005942,GO:0046854,GO:0046935
OG0003631_00	GO:0004467,GO:0001676,GO:0005886,GO:0005783,GO:0030182,GO:0005811,GO:0016020,GO:0035336,GO:0090433
OG0001563_00	GO:0050770,GO:0007266,GO:0005096,GO:0005829,GO:0008361
OG0005853_00	GO:0006470,GO:0019888,GO:0005737
OG0010092_00	GO:0018107,GO:0005737,GO:0018105,GO:0004674,GO:0005634,GO:0005856
OG0008413_00	GO:0005634,GO:0000381,GO:0003727
OG0005933_00	GO:0005634,GO:0000978,GO:0006355,GO:0006357,GO:0000981,GO:0003700
OG0008149_00	GO:0043529,GO:0043495,GO:0071816
OG0003755_00	GO:0016020,GO:1902936
OG0000992_00	GO:0045505,GO:0030286,GO:0007018,GO:0051959
OG0002770_00	GO:0005654
OG0002915_00	GO:0000122,GO:0005634,GO:0030154,GO:0030182,GO:0007420,GO:0000978,GO:0045944,GO:0001228
OG0004751_00	GO:0009249,GO:0005960,GO:0019464,GO:0005737,GO:0005739
OG0007398_00	GO:0004252,GO:0016485,GO:0031998,GO:0005777
OG0002018_00	GO:0005783,GO:0036149,GO:0012505,GO:0016746
OG0003277_00	GO:0003684,GO:0000723,GO:0036297,GO:0035312,GO:0006303
OG0002560_00	GO:0046949,GO:0001676,GO:0004467,GO:0016405
OG0005188_00	GO:0016758,GO:0008194,GO:0016020,GO:0016757,GO:0000139,GO:0006493,GO:0009101
OG0003911_00	GO:0005737,GO:0098609,GO:0005178,GO:0005886,GO:0030036,GO:0005925
OG0008756_00	GO:0016491,GO:0071949,GO:0005739
OG0002062_00	GO:0000009,GO:0005789,GO:0004376,GO:0000030,GO:0006506,GO:0031501
OG0005092_00	GO:0005509,GO:0005783,GO:0017156
OG0003524_00	GO:0033617,GO:0005739
OG0002857_00	GO:0000062,GO:0017099,GO:0003995
OG0007356_00	GO:0015986,GO:0046933
OG0001475_00	GO:0005737,GO:0016442,GO:0005634,GO:0035197,GO:0003725,GO:0070578,GO:0070920,GO:0030422
OG0006889_00	GO:0005886,GO:0060857,GO:0035159,GO:0019991
OG0003676_00	GO:0005654,GO:0005737,GO:0062026,GO:1990444,GO:0032091,GO:0070372
OG0007809_00	GO:0003723,GO:0006414,GO:0043022,GO:0003746
OG0005814_00	GO:0097546,GO:0045504,GO:0005930
OG0006899_00	GO:0005759,GO:0046912,GO:0006099,GO:0004108,GO:0005975
OG0004884_00	GO:0005634,GO:0045944,GO:0000976
OG0008574_00	GO:0034982,GO:0005745
OG0001524_00	GO:0016255,GO:0042765
OG0003885_00	GO:0005739,GO:0003995
OG0009921_00	GO:0080019,GO:0043231,GO:0005777,GO:0035336
OG0003196_00	GO:0015501,GO:0005886,GO:0015175,GO:0015813,GO:0005313
OG0004005_00	GO:0005759,GO:0004521,GO:0003727
OG0000706_00	GO:0032934,GO:0015918
OG0006115_00	GO:0030130
OG0001584_00	GO:0005730,GO:0000785,GO:0003755
OG0006422_00	GO:0031012,GO:0005615
OG0004824_00	GO:0005993,GO:0004555,GO:0005991
OG0004525_00	GO:0000978,GO:0006357,GO:0000981
OG0004352_00	GO:0004521,GO:0090304
OG0000507_00	GO:0005737,GO:0015031
OG0010429_00	GO:0006357,GO:0003700
OG0001845_00	GO:0005635
OG0004110_00	GO:0007608,GO:0005615
OG0000223_00	GO:0007608,GO:0016020,GO:0005886,GO:0005549,GO:0004984,GO:0050911
OG0004366_00	GO:0016020
OG0003378_00	GO:0072659,GO:0005886,GO:0005737,GO:0055038,GO:0060271,GO:0030139,GO:0005769,GO:0016197,GO:0048471,GO:0006897,GO:0032456,GO:0045296
OG0005596_00	GO:0006821,GO:0005886,GO:0005247
OG0006416_00	GO:0006089,GO:0004459,GO:0006090
OG0006363_00	GO:0004298,GO:0051604,GO:0005737,GO:0016787
OG0006730_00	GO:0000413,GO:0006457,GO:0003755,GO:0005737,GO:0016018
OG0004220_00	GO:0005509,GO:0005576,GO:0004623,GO:0016042
OG0009397_00	GO:0004867
OG0002043_00	GO:0005739,GO:1990180,GO:0042781
OG0009187_00	GO:0005634,GO:0000981,GO:0000978,GO:0006357,GO:0000977
OG0000301_01	GO:0015175,GO:0015813,GO:0005313,GO:0015501,GO:0005886
OG0008777_00	GO:0008379,GO:0006979,GO:0042744,GO:0045454,GO:0005829,GO:0033554
OG0007567_00	GO:0000278,GO:0000981,GO:0006355,GO:0000978,GO:0045944,GO:0005634
OG0003934_00	GO:0005634,GO:0010468
OG0002252_00	GO:0045292,GO:0005685,GO:0000398,GO:0071004,GO:0003723
OG0007866_00	GO:0000776
OG0010398_00	GO:0031594,GO:0030672
OG0003128_00	GO:0005198,GO:0032527,GO:0090114,GO:0030127,GO:0006606,GO:0031080,GO:0032008
OG0003230_00	GO:0005758
OG0008622_00	GO:0005658,GO:0006270,GO:0006269
OG0002952_00	GO:0003723
OG0003061_00	GO:0003810,GO:0018149
OG0003420_00	GO:0009451,GO:0003723,GO:0005634,GO:0001522,GO:1990481,GO:0031119,GO:0009982
OG0009004_00	GO:0007608,GO:0004984,GO:0050911,GO:0016020,GO:0005549,GO:0005886
OG0000843_00	GO:0004984,GO:0050911,GO:0016020,GO:0005549,GO:0005886,GO:0007608
OG0002377_00	GO:0005829,GO:0043039,GO:0005739,GO:0004831
OG0010143_00	GO:0005886,GO:0007608,GO:0004984,GO:0050911,GO:0016020,GO:0005549
OG0002724_00	GO:0000932,GO:0000290,GO:0005737,GO:0050072
OG0007247_00	GO:0000981,GO:0005634,GO:0006357,GO:0000977
OG0006262_00	GO:0005737
OG0008171_00	GO:0005886,GO:0007608,GO:0016020,GO:0050911,GO:0005549,GO:0004984
OG0000988_00	GO:0015179,GO:0003333,GO:0016020
OG0008522_00	GO:0003341,GO:0036064,GO:0005929,GO:0035253,GO:0097542,GO:0036158
OG0003765_00	GO:0006470,GO:0005739,GO:0004741,GO:0004722
OG0007761_00	GO:0090141,GO:0005739,GO:0035970,GO:0004722
OG0008834_00	GO:0009887,GO:0005604,GO:0009888,GO:0007411
OG0005842_00	GO:0005794
OG0000470_01	GO:0006357,GO:0035098
OG0002282_00	GO:0005634,GO:0042555,GO:0005524,GO:0017116,GO:0003697,GO:0003677
OG0009131_00	GO:0007265,GO:0005085,GO:0007264,GO:0005886
OG0000037_00	GO:0008049,GO:0043025,GO:0030425,GO:0030424,GO:0007635
OG0004446_00	GO:0042626,GO:0005886,GO:0016020,GO:0055085,GO:0043190
OG0002651_00	GO:0008278,GO:0007062,GO:0005634,GO:0000785,GO:0003682
OG0003087_00	GO:0005751
OG0009347_00	GO:0000978,GO:0005667,GO:0000981,GO:0005634,GO:0006357
OG0001080_00	GO:0006468,GO:0005634,GO:0004672,GO:0010998,GO:0005737,GO:0004694
OG0007293_00	GO:0006888,GO:0005096,GO:0005789,GO:0016192,GO:0043547
OG0003536_00	GO:0006886,GO:0003924,GO:0034067,GO:0005794,GO:0005525,GO:0043001
OG0007640_00	GO:0045454,GO:0005739,GO:0005829
OG0005350_00	GO:0016010,GO:0005622,GO:0005198
OG0008748_00	GO:0042246,GO:0016020,GO:0007155
OG0008230_00	GO:0005739,GO:0097193
OG0008924_00	GO:0005811,GO:0016616
OG0007558_00	GO:0005484,GO:0006888,GO:0006890
OG0002113_00	GO:0045053,GO:0007005,GO:0006623
OG0005192_00	GO:0000278
OG0007082_00	GO:0005576
OG0005783_00	GO:0070573,GO:0006508
OG0002867_00	GO:0003924
OG0006815_00	GO:0000226,GO:0005813,GO:0007018,GO:0045504,GO:0005868
OG0007885_00	GO:0005747,GO:0032981,GO:0006120,GO:0016020,GO:0051539,GO:0009060,GO:0016651,GO:0003954
OG0004066_00	GO:0043231
OG0009577_00	GO:0006047,GO:0006487,GO:0004360,GO:0006002
OG0000471_00	GO:0016491,GO:0046592
OG0000769_00	GO:0016791,GO:0016311
OG0003880_00	GO:0008273,GO:0005262,GO:0070588,GO:0005886,GO:0006874
OG0001521_00	GO:0000287,GO:0008193,GO:0006400,GO:0008033
OG0007369_00	GO:0007030,GO:0140326,GO:0045332,GO:0005802,GO:0005886
OG0005811_00	GO:0006357,GO:0000978,GO:0005634,GO:0000981
OG0004988_00	GO:0005777,GO:0008610,GO:0008609
OG0000918_00	GO:0072657,GO:0016020
OG0002439_00	GO:1902936,GO:0016020
OG0004330_00	GO:0000139,GO:0032933,GO:0045540,GO:0032934,GO:0005789,GO:0032936
OG0000833_00	GO:0046103,GO:0004000,GO:0005615,GO:0019239,GO:0006154
OG0003476_00	GO:0008484
OG0004648_00	GO:0004709,GO:0006955,GO:0007254,GO:0043123
OG0006440_00	GO:0003841,GO:0006654,GO:0005783
OG0006097_00	GO:0042543
OG0010018_00	GO:0005737,GO:0005096
OG0004692_00	GO:0030154,GO:0045944,GO:0006357,GO:0061629,GO:0005634,GO:0000122,GO:0007507
OG0002401_00	GO:0004674,GO:0006468,GO:0005737
OG0004779_00	GO:0006099,GO:0005739,GO:0006102
OG0002594_00	GO:0005507,GO:0016020,GO:0060003,GO:0043682,GO:0005886,GO:0055070,GO:0015677,GO:0006878,GO:0005802
OG0006936_00	GO:0008251,GO:0008033
OG0006561_00	GO:0005737,GO:0051087,GO:0045505,GO:0070286
OG0009128_00	GO:0008053
OG0004471_00	GO:0012505,GO:0070072
OG0009227_00	GO:0015016,GO:0015014,GO:0005794,GO:0019213,GO:0008146
OG0007853_00	GO:0009019,GO:0005759,GO:0008175,GO:0002939,GO:0070901,GO:0030488,GO:0005737
OG0008258_00	GO:0045332,GO:0005802,GO:0005768,GO:0042147
OG0005064_00	GO:0005891,GO:0005245
OG0002094_00	GO:0005615,GO:0031012
OG0005338_00	GO:0070402,GO:0006729,GO:0005737,GO:0070404,GO:0004155,GO:0006559
OG0008720_00	GO:0005758
OG0006318_00	GO:0003723,GO:0006401,GO:0033897,GO:0005576,GO:0004521
OG0001063_00	GO:0005737,GO:0004089,GO:0008270
OG0005764_00	GO:0008028,GO:0015718
OG0006941_00	GO:0016020,GO:0071918,GO:0015204
OG0007274_00	GO:0035556,GO:0004674,GO:0005737
OG0002067_00	GO:0005634
OG0003521_00	GO:0016020,GO:0006820,GO:0022857
OG0007543_00	GO:0004222,GO:0006627,GO:0005739
OG0001750_00	GO:0003746,GO:0006414,GO:0070125,GO:0005739
OG0009372_00	GO:0005739
OG0002236_00	GO:0005739,GO:0005737
OG0002852_00	GO:0005615,GO:0032504
OG0003914_00	GO:0005634,GO:0005737
OG0003423_00	GO:0007224,GO:0005737
OG0002727_00	GO:0032040,GO:0000462,GO:0005730
OG0010140_00	GO:0005886
OG0009007_00	GO:0016616,GO:0005737
OG0002374_00	GO:0098609
OG0001514_00	GO:0071011,GO:0000380,GO:0000398,GO:0045292
OG0001248_00	GO:0006383,GO:0000127
OG0005536_00	GO:0003697,GO:0003677,GO:0000727,GO:0017116,GO:0006270,GO:0006271,GO:0042555,GO:0006268,GO:0005524,GO:0005634
OG0007619_00	GO:0000811,GO:0006260,GO:1902983
OG0001305_00	GO:0005736,GO:0001056,GO:0001055,GO:0042797,GO:0001054,GO:0006366,GO:0005665,GO:0005666,GO:0006360
OG0006289_00	GO:0005615,GO:0005179
OG0007130_00	GO:0016020,GO:0016746,GO:0030258,GO:0006661,GO:0071617,GO:0044233
OG0003897_00	GO:0016020
OG0005824_00	GO:0017119,GO:0007030,GO:0006886,GO:0006890
OG0007408_00	GO:0004180
OG0009896_00	GO:0006357,GO:0000978,GO:0000981
OG0001940_00	GO:0006874,GO:0019829,GO:1902047,GO:0015203,GO:0055085,GO:0016020,GO:0140358
OG0006314_00	GO:0016460
OG0005470_00	GO:0007608,GO:0050911,GO:0016020,GO:0005886,GO:0004984,GO:0005549
OG0005768_00	GO:0003723,GO:0035145,GO:0006397
OG0000154_00	GO:0008168,GO:0010420,GO:0005739,GO:0006744
OG0005294_00	GO:0043087,GO:0031267,GO:0005096
OG0004528_00	GO:0006006,GO:0005829,GO:0004340,GO:0006096,GO:0004396,GO:0046835,GO:0001678,GO:0005524,GO:0005536,GO:0005975,GO:0005739,GO:0051156,GO:0008865
OG0004960_00	GO:0005770,GO:0032780,GO:0006622,GO:0043271,GO:0035091,GO:0005769,GO:0005886,GO:0045022,GO:0008333
OG0010424_00	GO:0035610,GO:0035609
OG0001480_00	GO:0031175,GO:0043005,GO:0000226,GO:0008017
OG0001589_00	GO:0005737,GO:0019898,GO:0007411,GO:0005085
OG0004627_00	GO:0008324,GO:0005886
OG0000977_00	GO:0005737
OG0001848_00	GO:0003729
OG0002370_00	GO:0005793,GO:0005789,GO:0030134,GO:0000139,GO:0006888,GO:0005537
OG0009726_00	GO:0050911,GO:0004984,GO:0016020,GO:0005549,GO:0007608,GO:0005886
OG0002723_00	GO:0005778,GO:0016559
OG0004588_00	GO:0004351,GO:0016831,GO:0009449,GO:0005737
OG0002731_00	GO:0006274,GO:0005634
OG0003435_00	GO:0032456,GO:0006897,GO:0005085,GO:0043231,GO:1901981,GO:0005829
OG0002344_00	GO:0036503,GO:0005634,GO:0060090,GO:0005737
OG0000878_00	GO:0004553,GO:0005975
OG0004683_00	GO:0000408,GO:0005737
OG0008452_00	GO:0005762
OG0009011_00	GO:0090502,GO:0003729,GO:0005634,GO:0004521,GO:0036464
OG0005972_00	GO:0007264,GO:0005096
OG0007861_00	GO:0004089,GO:0005737,GO:0008270
OG0002044_00	GO:0000139,GO:0005789,GO:0006506
OG0003076_00	GO:0047620,GO:0004143,GO:0001729,GO:0016310,GO:0016020,GO:0046512,GO:0005739,GO:0006665,GO:0005737,GO:0043231,GO:0046513,GO:0017050,GO:0001727
OG0007560_00	GO:0007214,GO:0038039,GO:0007186,GO:0016020,GO:0004965,GO:0004888
OG0009180_00	GO:0005789,GO:0034626,GO:0016020,GO:0019367,GO:0042761,GO:0034625,GO:0009922,GO:0030148
OG0003933_00	GO:0051087
OG0000065_00	GO:0004301,GO:0005829,GO:0004177,GO:0043171
OG0002023_00	GO:0030576,GO:0003723,GO:0015030
OG0008678_00	GO:0006879,GO:0006880,GO:0008199,GO:0008198,GO:0006826,GO:0005737
OG0003266_00	GO:0008080
OG0006877_00	GO:0035556,GO:0000226,GO:0004674,GO:0005737,GO:0050321
OG0000493_00	GO:0030976,GO:0016624
OG0007342_00	GO:0016477,GO:0007167,GO:0030971,GO:0005737,GO:0035591
OG0006991_00	GO:0005975,GO:0050650,GO:0015018,GO:0000139,GO:0016020
OG0007930_00	GO:0006412,GO:0005762,GO:0003729,GO:0003735,GO:0005840
OG0006326_00	GO:0031390,GO:0000785,GO:0007064,GO:0034088,GO:0000775
OG0004265_00	GO:0003975,GO:0016020,GO:0006488
OG0006775_00	GO:0015149,GO:0015749,GO:0016020
OG0005442_00	GO:0005576
OG0005983_00	GO:0007186
OG0001972_00	GO:0010265
OG0007196_00	GO:0005634
OG0008386_00	GO:0005634
OG0000239_01	GO:0005750,GO:0006122
OG0000990_00	GO:0006508,GO:0004222,GO:0030198,GO:0031012
OG0010090_00	GO:0005525,GO:0005246,GO:0005886
OG0003757_00	GO:0004722,GO:0006470
OG0002772_00	GO:0019693,GO:0006753,GO:0008768
OG0001530_00	GO:0042826,GO:0000981,GO:0045944,GO:0030154,GO:0000978,GO:0006357
OG0007378_00	GO:0000978,GO:0006357,GO:0000981
OG0005800_00	GO:0005783,GO:0005789,GO:0016020,GO:0015031,GO:0031204
OG0003666_00	GO:0005739,GO:0003924,GO:0005525
OG0004890_00	GO:0062129,GO:0008010
OG0007723_00	GO:0000398,GO:0005634,GO:0003723
OG0008560_00	GO:0016405
OG0001289_00	GO:0071035,GO:0034473,GO:0016075,GO:0034427,GO:0034475,GO:0035925,GO:0034476,GO:0000467,GO:0043928,GO:0000176,GO:0071028,GO:0000177,GO:0071038
OG0002235_00	GO:0000922,GO:0007020,GO:0031122,GO:0043015,GO:0051011,GO:0005815,GO:0051225,GO:0000226,GO:0051321,GO:0000278,GO:0000930
OG0009069_00	GO:2001069,GO:0008157,GO:0005979,GO:0000164
OG0002064_00	GO:0005634,GO:0006974,GO:0042393,GO:0010835,GO:0072572
OG0005094_00	GO:0050681,GO:0003714,GO:0003713,GO:0005634,GO:0003712,GO:0016605,GO:0006355
OG0002851_00	GO:0004563,GO:0016020,GO:0030203,GO:0005975,GO:0006689,GO:0005764
OG0002749_00	GO:0010975,GO:0005874
OG0008750_00	GO:0045503,GO:0036159,GO:0045504,GO:0060294,GO:0036156,GO:0007018
OG0005348_00	GO:0005829,GO:0006516,GO:0005634,GO:0006517,GO:0000224
OG0001098_00	GO:0043629,GO:0031499,GO:0071031,GO:0071037,GO:0071039,GO:0071036,GO:0071038,GO:0071035,GO:0003723
OG0003522_00	GO:0017119,GO:0006891
OG0007540_00	GO:0005739,GO:0003985,GO:0006635
OG0003917_00	GO:0003979,GO:0005634,GO:0006024
OG0001753_00	GO:0005576
OG0003611_00	GO:0010468,GO:0045944,GO:0005634
OG0003866_00	GO:0031012,GO:0005615
OG0002960_00	GO:0000055,GO:0042273,GO:0005730
OG0003938_00	GO:0071880,GO:0004930,GO:0005886,GO:0043410
OG0002537_00	GO:0005634,GO:0048598,GO:0006357,GO:0000981,GO:0000977
OG0009280_00	GO:1904382,GO:0000139,GO:0004571,GO:0005783
OG0008610_00	GO:0030374,GO:0045944,GO:0005737,GO:0080008
OG0001391_00	GO:0005905,GO:0072583,GO:0005546,GO:0006900,GO:0098894,GO:0048268,GO:0005545,GO:0032050,GO:0000149,GO:0030136,GO:0016185,GO:0008021
OG0000172_00	GO:0006749,GO:0004364
OG0006332_00	GO:0016567,GO:0006511,GO:0005737,GO:0061630
OG0004257_00	GO:0005737
OG0001966_00	GO:0008506,GO:0016020
OG0008392_00	GO:0003729,GO:0005762,GO:0005840,GO:0017148,GO:0003735,GO:0006412
OG0006747_00	GO:0005739,GO:0005747
OG0008183_00	GO:0016311,GO:0016791
OG0000521_00	GO:0030891,GO:0006368,GO:0070449
OG0006445_00	GO:0031167,GO:0005730,GO:0000179
OG0010136_00	GO:0017178,GO:0017183
OG0006683_00	GO:0016020,GO:0005249,GO:0006813,GO:0071805,GO:0008076,GO:0001508,GO:0005250
OG0009714_00	GO:0005634,GO:0045892,GO:0032922,GO:0003677,GO:0043153,GO:0005737,GO:0071949
OG0003473_00	GO:0042073,GO:0005930
OG0004335_00	GO:0016342,GO:0098609,GO:0016477,GO:0005912,GO:0008013,GO:0051015
OG0009708_00	GO:0005634,GO:0000981,GO:0003700,GO:0006357,GO:0000978
OG0009601_00	GO:0071805,GO:0006813,GO:0016020,GO:0001508,GO:0008076,GO:0005251,GO:0005249
OG0003315_00	GO:0004857,GO:0017020,GO:0019208,GO:0005737
OG0000343_00	GO:0005829,GO:0034353,GO:0110155,GO:0000956,GO:0005634
OG0006183_00	GO:0004842,GO:0016567
OG0002420_00	GO:0005634,GO:0006606
OG0004189_00	GO:0016020
OG0003166_00	GO:0005737
OG0004093_00	GO:0140662
OG0004715_00	GO:0030548
OG0000733_00	GO:1904158,GO:1990716,GO:0003351
OG0009972_00	GO:0000981,GO:0000978,GO:0006357
OG0003686_00	GO:0016324,GO:0030139,GO:0008104,GO:0006898
OG0006578_00	GO:0000045,GO:0019779,GO:0034727,GO:0000407,GO:0005737,GO:0000422,GO:0006501,GO:0006995,GO:0032446,GO:0019778
OG0003454_00	GO:0003743,GO:0005850,GO:0033290,GO:0043022,GO:0006413,GO:0003723
OG0002365_00	GO:0009051,GO:0050661,GO:0016614,GO:0005829,GO:0006006,GO:0004345
OG0000851_00	GO:0000470,GO:0070475,GO:0005730,GO:0001510,GO:0009383,GO:0008173
OG0004194_00	GO:0000127,GO:0006383
OG0009113_00	GO:0000398,GO:0005681
OG0004468_00	GO:0008180
OG0000825_00	GO:0004303,GO:0006631,GO:0005739,GO:0008209,GO:0008210
OG0002647_00	GO:0017056,GO:0016973,GO:0005643,GO:0006606
OG0009127_00	GO:0005886,GO:0005737,GO:0043005,GO:0043547,GO:0008277,GO:0005096
OG0002222_00	GO:0000009,GO:0005789,GO:0006487,GO:0000030,GO:0016757
OG0002529_00	GO:0005802,GO:0006890,GO:0005768,GO:0045332,GO:0006897,GO:0005886,GO:0140326
OG0002954_00	GO:0007091,GO:0016567,GO:0005737,GO:0031145,GO:0005680,GO:0051301
OG0003067_00	GO:0003723,GO:0005829,GO:0005739,GO:0000175,GO:0000958,GO:0000965,GO:0004654,GO:0006401,GO:0006402
OG0003236_00	GO:0070979,GO:0031145,GO:0034399,GO:0005680
OG0002051_00	GO:0140110,GO:0005634
OG0004798_00	GO:0005643
OG0006465_00	GO:0000978,GO:0006357,GO:0000981
OG0000293_01	GO:0000278,GO:0006261,GO:0003682,GO:0006281,GO:0043596
OG0003497_00	GO:0003689,GO:0005663,GO:0006261,GO:0006281,GO:0005634
OG0000548_00	GO:0022857,GO:0016020,GO:0006820
OG0010202_00	GO:0006355,GO:0003677
OG0009774_00	GO:0035064,GO:0005634
OG0004157_00	GO:0072659
OG0002718_00	GO:0005929
OG0005957_00	GO:0000981,GO:0006357,GO:0005634
OG0007498_00	GO:0007188,GO:0001664,GO:0005737,GO:0007186,GO:0031683,GO:0003924,GO:0005834,GO:0019001
OG0008477_00	GO:0005615,GO:0031012
OG0003775_00	GO:0030048,GO:0016020,GO:0007015,GO:0000146,GO:0005737,GO:0015629,GO:0051015,GO:0006897,GO:0005902,GO:0005886
OG0009038_00	GO:0071254,GO:0006398,GO:0016604,GO:0071208,GO:0071209
OG0000139_01	GO:0005615,GO:0032504
OG0008161_00	GO:0036064,GO:0044782
OG0009654_00	GO:0005634,GO:0003677
OG0001687_00	GO:0032504,GO:0005615
OG0007771_00	GO:0004672,GO:0006468
OG0005394_00	GO:0043565,GO:0003677,GO:0003714,GO:0005730,GO:0006355,GO:0008134,GO:0003723
OG0005747_00	GO:0032543,GO:0070681,GO:0050567,GO:0005739,GO:0030956,GO:0003824
OG0009996_00	GO:0015439,GO:0016020,GO:0015886,GO:0055085,GO:0042626,GO:0005774,GO:0020037
OG0007684_00	GO:0016020,GO:0005085,GO:0005737
OG0006214_00	GO:0030968
OG0001044_00	GO:0035861,GO:0003697,GO:0005634,GO:0000724,GO:0030915,GO:0003684
OG0007921_00	GO:0043161,GO:0061630
OG0007917_00	GO:0035275,GO:0005576,GO:0042048,GO:0007608
OG0008488_00	GO:0030032,GO:0051015,GO:0015629
OG0002392_00	GO:1904423,GO:0019408,GO:0043048,GO:0006486,GO:0045547,GO:0005789
OG0007221_00	GO:0045947,GO:0005737,GO:0030371,GO:0000900,GO:0017148
OG0005731_00	GO:0046854,GO:0072659,GO:0005886
OG0006244_00	GO:0003723,GO:0005634,GO:0006402,GO:0004518,GO:0005829
OG0001678_00	GO:0033615,GO:0004222,GO:0034982
OG0001919_00	GO:0016020
OG0005102_00	GO:0042981
OG0003659_00	GO:0043405,GO:0008579,GO:0005737
OG0001547_00	GO:0016423,GO:0030488
OG0008122_00	GO:0036064,GO:0035735,GO:0034451
OG0008517_00	GO:0005737,GO:0005044,GO:0016020
OG0007732_00	GO:0009396,GO:0005739,GO:0030272,GO:0035999
OG0005877_00	GO:0016887,GO:0003677,GO:0017025
OG0006888_00	GO:0051726,GO:0000981,GO:0000977,GO:0005667,GO:0005634,GO:0006357
OG0005027_00	GO:0101031
OG0007357_00	GO:0003723,GO:0005654,GO:0000785,GO:0010468
OG0007818_00	GO:0005634,GO:0006357,GO:0000978,GO:0000981
OG0004994_00	GO:0004601
OG0009358_00	GO:0022627,GO:0003735,GO:0000028,GO:0006412,GO:0005840
OG0003037_00	GO:0016887,GO:0051013,GO:0015630
OG0002214_00	GO:0008333,GO:0007032,GO:0005769,GO:0035091
OG0008652_00	GO:0005634,GO:0009913,GO:0000981,GO:0000978,GO:0006357
OG0009866_00	GO:0004984,GO:0050911,GO:0005549,GO:0007608,GO:0016020,GO:0005886
OG0009431_00	GO:0008081,GO:0005615
OG0002878_00	GO:0005634,GO:0043066,GO:0005829,GO:0008284
OG0002005_00	GO:0005737
OG0002629_00	GO:0016538,GO:0006357
OG0002922_00	GO:0043005
OG0000981_00	GO:0003678,GO:0006289,GO:1990918,GO:0005634
OG0001692_00	GO:0004735,GO:0055129
OG0007768_00	GO:0000408,GO:0070525
OG0008178_00	GO:0000976,GO:0000981,GO:0003700,GO:0006355,GO:0000978,GO:0005634,GO:0006357
OG0002334_00	GO:0016020,GO:0022857,GO:0006820
OG0009279_00	GO:0043231,GO:0061630,GO:0070936,GO:0043161,GO:0005737,GO:0016020
OG0007897_00	GO:0043410,GO:0071880,GO:0004989,GO:0005886,GO:0004930
OG0000773_00	GO:0005869
OG0002999_00	GO:0034499,GO:0032266,GO:0031901,GO:0032456,GO:0030904
OG0006106_00	GO:0012505,GO:0046527
OG0004016_00	GO:0030036
OG0006807_00	GO:0005634
OG0006862_00	GO:0005634,GO:0003676,GO:0033260,GO:0044773,GO:0048478,GO:0008270,GO:0033314,GO:0005681
OG0000486_00	GO:0005549,GO:0005886,GO:0004984,GO:0050911,GO:0007608,GO:0016020
OG0007928_00	GO:0045892,GO:0033209,GO:0051059,GO:0032088
OG0003033_00	GO:0042254,GO:0030688,GO:0000479,GO:0000462,GO:0005525,GO:0003924,GO:0034511
OG0009435_00	GO:0030667,GO:0005615,GO:0005507,GO:0006589,GO:0042421,GO:0042420,GO:0004500
OG0009862_00	GO:0005840,GO:0003735,GO:0006412
OG0002926_00	GO:0032934,GO:0016020,GO:0005886,GO:0015485,GO:0015918,GO:0030299,GO:0042632
OG0002210_00	GO:0005540
OG0000083_00	GO:0005615,GO:0004181,GO:0006508
OG0002108_00	GO:0042393,GO:0031491,GO:1902275,GO:0035101
OG0005798_00	GO:0005741,GO:0140570
OG0003377_00	GO:0005216,GO:0016020,GO:0004888,GO:0034220
OG0004369_00	GO:0008379,GO:0045454,GO:0033554,GO:0005739,GO:0006979,GO:0042744,GO:0005829
OG0001858_00	GO:1990518,GO:0000727,GO:0005524,GO:0042555,GO:0003697,GO:1902969,GO:0006268,GO:0017116,GO:0003677,GO:0005634
OG0006419_00	GO:0008017,GO:0051493,GO:0005930
OG0001490_00	GO:0005886,GO:0007608,GO:0050911,GO:0004984,GO:0005549,GO:0016020
OG0004035_00	GO:0005044,GO:0005737,GO:0016020
OG0004611_00	GO:0007548,GO:0006355,GO:0000978,GO:0005634,GO:0000981,GO:0006357
OG0005599_00	GO:0005634,GO:0005737,GO:0003723
OG0002482_00	GO:0004402
OG0001529_00	GO:1902742,GO:0070782,GO:0043652,GO:0005886,GO:0016020
OG0004889_00	GO:0034663,GO:0030968,GO:0016887,GO:0005524
OG0003992_00	GO:0007229,GO:0030055,GO:0005178,GO:0007160
OG0004980_00	GO:0005829,GO:0005634,GO:0043248
OG0003888_00	GO:0016791,GO:0016311
OG0007804_00	GO:0008320,GO:0030943,GO:0016031,GO:0006886,GO:0005742,GO:0030150
OG0007361_00	GO:0031543,GO:0005737,GO:0019511,GO:0006449
OG0005011_00	GO:0005674,GO:0006366,GO:0006367
OG0001460_00	GO:0005737
OG0002295_00	GO:0005886,GO:0007218,GO:0007186,GO:0008188,GO:0004930
OG0009243_00	GO:0061630,GO:0030514,GO:0016567,GO:0043161,GO:0006511,GO:0005737
OG0000006_00	GO:0004984,GO:0016020,GO:0050911,GO:0005549,GO:0005886,GO:0007608
OG0006912_00	GO:0005634,GO:0003714,GO:0035064,GO:0009966,GO:0034243
OG0003199_00	GO:0005654,GO:0045892,GO:0045893
OG0004451_00	GO:0043023,GO:0017148,GO:0005739,GO:0090071
OG0006541_00	GO:0099078
OG0005534_00	GO:0000398,GO:0005634,GO:0008419
OG0005202_00	GO:0000302,GO:0006629,GO:0005737
OG0005826_00	GO:0035091,GO:0006886,GO:0032456,GO:0005769
OG0003895_00	GO:0000932,GO:0022008,GO:0005829
OG0007132_00	GO:0003341,GO:0097542,GO:0035253,GO:0036158,GO:0005929,GO:0036064
OG0001516_00	GO:0010508,GO:1990130,GO:0034198,GO:0038202,GO:1904262,GO:0032007
OG0000945_00	GO:0071164,GO:0036261,GO:0005634
OG0004031_00	GO:0030425,GO:0030424,GO:0005737,GO:0048489,GO:0045202,GO:0007409,GO:0008088,GO:0007268
OG0006121_00	GO:0003899,GO:0005666,GO:0006362,GO:0001056,GO:0006383,GO:0001054,GO:0005736
OG0003373_00	GO:0018279,GO:0016020,GO:0043687,GO:0004576,GO:0009101,GO:0004579
OG0002486_00	GO:0016020,GO:0015031,GO:0032588,GO:0055038
OG0010430_00	GO:0016567,GO:0004842
OG0000404_00	GO:0016405
OG0001437_00	GO:0005261,GO:0030001,GO:0005886,GO:0098655
OG0006843_00	GO:0035721,GO:0036064,GO:0035735,GO:0005868,GO:0005930,GO:0045504
OG0004052_00	GO:0000493,GO:0005737,GO:0051082,GO:0005654
OG0000654_00	GO:0005739,GO:0030170,GO:0009450,GO:0003867
OG0004789_00	GO:0010043,GO:0071577,GO:0005886,GO:0061088,GO:0005385
OG0002516_00	GO:0106050,GO:0030488,GO:0008175
OG0002945_00	GO:0030544,GO:0006457
OG0003010_00	GO:0007189,GO:0004016,GO:0005886
OG0003223_00	GO:0043328,GO:0071985,GO:0000814
OG0006672_00	GO:0000977,GO:0090575,GO:0003700,GO:0006357,GO:0000981
OG0006474_00	GO:0070482,GO:0008074,GO:0019934,GO:0006182,GO:0004383
OG0004515_00	GO:0001228,GO:0005634,GO:0006357,GO:0000978
OG0000201_00	GO:0005886,GO:0016020,GO:0005549,GO:0050911,GO:0007608,GO:0004984
OG0000577_00	GO:0005634,GO:0061630,GO:0090734,GO:0016567,GO:0031297
OG0003482_00	GO:1990275,GO:0005634,GO:0016887,GO:0042254,GO:0051973,GO:0003723
OG0001875_00	GO:0005634,GO:0005737
OG0006712_00	GO:0006974,GO:0106300,GO:0003697
OG0006521_00	GO:0031011,GO:0006338
OG0005692_00	GO:0000502,GO:0043248,GO:0008541,GO:0006406,GO:0000724
OG0001991_00	GO:0005886
OG0006345_00	GO:0005737,GO:0006414,GO:0005634
OG0006032_00	GO:0005737,GO:0043248,GO:0005634
OG0000064_01	GO:0007608,GO:0016020,GO:0005549,GO:0050911,GO:0005886,GO:0004984
OG0007890_00	GO:0070628,GO:0043161,GO:0004843,GO:0016579,GO:0061136
OG0006101_00	GO:1990115,GO:0005737,GO:1990114,GO:0016272,GO:0051082,GO:0006457,GO:1990113
OG0006800_00	GO:0005634,GO:0008168
OG0004011_00	GO:0070085,GO:0005737,GO:0016757
OG0009566_00	GO:0005886,GO:0089718,GO:0015179,GO:0006865,GO:0016020,GO:0005283,GO:0071705,GO:0035725
OG0000774_00	GO:0005096,GO:0090630,GO:0032007
OG0006909_00	GO:0008821,GO:0017108,GO:0000724,GO:0033557
OG0009682_00	GO:0005634,GO:0003712,GO:0030018
OG0007745_00	GO:0007186,GO:0004930,GO:0005886
OG0003648_00	GO:0006635,GO:0016507,GO:0004300,GO:0016509
OG0003396_00	GO:0050840,GO:0005615,GO:0030198,GO:0008201,GO:0005604
OG0008403_00	GO:0005737,GO:0015631,GO:0005929,GO:0008285
OG0003445_00	GO:0007018,GO:0003777,GO:0005875,GO:0007052,GO:0051231
OG0000246_00	GO:0008194
OG0004185_00	GO:0016491,GO:0050104
OG0006036_00	GO:0005847
OG0005565_00	GO:0005267,GO:0016020,GO:0071805,GO:0042802
OG0004922_00	GO:0000398,GO:0005686,GO:0071011
OG0000452_00	GO:0005886,GO:0007608,GO:0016020,GO:0050911,GO:0004984,GO:0005549
OG0000643_00	GO:0004748,GO:0009263,GO:0005829
OG0004049_00	GO:0002028,GO:0017080,GO:0005886
OG0007670_00	GO:0005667,GO:0000978,GO:0008134,GO:0006357,GO:0000981,GO:0006355,GO:0003700
OG0001261_00	GO:0043231,GO:0080019,GO:0035336,GO:0005777
OG0001777_00	GO:0000978,GO:0006357,GO:0000981
OG0005162_00	GO:0005576
OG0007072_00	GO:0004033,GO:0016491
OG0007421_00	GO:0005743,GO:0015986,GO:0046933,GO:0042776
OG0005360_00	GO:0009986,GO:0005102,GO:0048856,GO:0005576
OG0003546_00	GO:0005689
OG0004263_00	GO:0061355,GO:0017147,GO:0006886,GO:0031090,GO:0016055,GO:0012505
OG0008380_00	GO:0016491,GO:0046592
OG0006320_00	GO:0015271,GO:0030322,GO:0016020,GO:0071805,GO:0005886,GO:0005267,GO:0022841
OG0001655_00	GO:0000149,GO:1990745,GO:0042147,GO:0032456
OG0006773_00	GO:0005829,GO:0003824,GO:0003873,GO:0005524,GO:0004331,GO:0006003
OG0006618_00	GO:0003713,GO:0045893,GO:0005634
OG0005444_00	GO:0032039,GO:0034472
OG0000160_00	GO:0042626,GO:0016020,GO:0005886,GO:0055085
OG0004128_00	GO:0016592
OG0007190_00	GO:0016020
OG0007513_00	GO:0032589,GO:0050808
OG0007874_00	GO:0006620,GO:0003723,GO:0006614,GO:0031207,GO:0008320
OG0003922_00	GO:0007275,GO:0005886,GO:0033674,GO:0004714,GO:0043235,GO:0007169
OG0003575_00	GO:0001227,GO:0005654,GO:0000978,GO:0006357
OG0002240_00	GO:0005634,GO:0006357
OG0003629_00	GO:0016020
OG0001766_00	GO:0032543,GO:0003735,GO:0005763
OG0002693_00	GO:0006506,GO:0005789,GO:0051377,GO:0051267
OG0004971_00	GO:0005848,GO:0003723,GO:0031124
OG0003376_00	GO:0005737,GO:0005739,GO:0019136
OG0001859_00	GO:0008250
OG0002483_00	GO:0005686,GO:0000398,GO:0030620
OG0004368_00	GO:0005840,GO:0032543,GO:0003735,GO:0003723,GO:0006412,GO:0005762
OG0004610_00	GO:0003713,GO:0045944,GO:0140297,GO:0005634
OG0006418_00	GO:0004089,GO:0008270,GO:0005737
OG0006124_00	GO:0005737
OG0000976_00	GO:0005739,GO:0003995,GO:0006552,GO:0008470
OG0004961_00	GO:0016409
OG0004828_00	GO:0043161,GO:0070628,GO:0031593,GO:0043130,GO:0005829,GO:0005654
OG0002497_00	GO:0017065,GO:0000703,GO:0004844,GO:0006284
OG0001849_00	GO:0003735,GO:0006412,GO:0015935,GO:0005763
OG0001481_00	GO:0006428,GO:0004822,GO:0005739,GO:0032543
OG0004626_00	GO:0004989,GO:0071880,GO:0043410,GO:0004930,GO:0005886
OG0001588_00	GO:0005886,GO:0030553,GO:0098655,GO:0005223,GO:0017071,GO:0005222,GO:0005221,GO:0044877
OG0004529_00	GO:0032794,GO:0032484,GO:0043124
OG0010425_00	GO:0005737,GO:0005634,GO:0003723,GO:0006396
OG0000411_00	GO:0022857,GO:0055085,GO:0016020
OG0007253_00	GO:0007019,GO:0015631,GO:0043005,GO:0005737,GO:0031175,GO:0031110
OG0009992_00	GO:0036126,GO:0036064,GO:0005814,GO:0005856,GO:0005879,GO:0008017
OG0005390_00	GO:0000139,GO:0015018,GO:0016020,GO:0005975,GO:0050650
OG0005743_00	GO:0000993,GO:0032968,GO:0016593,GO:0006368,GO:0034402
OG0007680_00	GO:0007187,GO:0045202,GO:0030425,GO:0030594,GO:0005886,GO:0007268,GO:0007197,GO:0016907,GO:0004993
OG0007925_00	GO:0003729,GO:0005634,GO:0005737
OG0006210_00	GO:0005634,GO:0004674,GO:0006468,GO:0007346
OG0001040_00	GO:0048488
OG0003104_00	GO:0005634,GO:0006357,GO:0000977,GO:0000981
OG0004776_00	GO:0003924,GO:0032790,GO:0032543,GO:0005739
OG0003830_00	GO:0003713,GO:0000124,GO:0045893,GO:0006357,GO:0071819
OG0000369_00	GO:0050911,GO:0004984,GO:0005549,GO:0007608,GO:0016020,GO:0005886
OG0002932_00	GO:0005667,GO:0005634,GO:0006357
OG0003728_00	GO:0043231,GO:0097352,GO:0035091,GO:0005770
OG0002507_00	GO:0061640,GO:0005869
OG0002722_00	GO:0045739,GO:0006302,GO:0070552,GO:0016604,GO:0007095,GO:0070531
OG0000845_00	GO:0004984,GO:0005886,GO:0007608,GO:0016020,GO:0050911,GO:0005549
OG0002371_00	GO:0000395
OG0003426_00	GO:0016567,GO:0061630
OG0007803_00	GO:0000977,GO:0005634,GO:0000981,GO:0006357
OG0004987_00	GO:0008285,GO:0006357,GO:0045786,GO:0005634
OG0007366_00	GO:0016020
OG0001467_00	GO:0008094
OG0010309_00	GO:0008270,GO:0004089
OG0003253_00	GO:1990165,GO:0003725,GO:0005634,GO:0000012,GO:0003697,GO:0033699,GO:0030983
OG0004739_00	GO:0004930,GO:0071880,GO:0043410,GO:0005886
OG0002548_00	GO:0080008,GO:0043161
OG0009404_00	GO:0005509
OG0007746_00	GO:0030687,GO:0005730,GO:0042273
OG0005920_00	GO:0005829,GO:0005681,GO:0045292,GO:0000387,GO:0034715
OG0003395_00	GO:0007274
OG0009681_00	GO:0006814,GO:0015293
OG0008156_00	GO:0005739,GO:0005763
OG0001559_00	GO:0006351,GO:0001054,GO:0003899,GO:0005736
OG0001186_00	GO:0008568,GO:0016887
OG0000993_00	GO:0016887,GO:0005524
OG0008827_00	GO:0060271
OG0008412_00	GO:0016020
OG0002771_00	GO:0006470,GO:0004722
OG0005932_00	GO:0001510,GO:0008173,GO:0008650,GO:0005739
OG0003754_00	GO:0005789,GO:0000139,GO:0061630,GO:0036503,GO:0046872
OG0009051_00	GO:0004653,GO:0005794,GO:0006493
OG0001207_00	GO:0005634,GO:0006357,GO:0003700,GO:0006355,GO:0000981,GO:0000978,GO:0000976
OG0008077_00	GO:0003723,GO:0043484
OG0001016_00	GO:0007031,GO:0005778,GO:0016558,GO:0008270
OG0006246_00	GO:0016020,GO:0043231,GO:0020037
OG0005618_00	GO:0006355,GO:0003712,GO:0016592
OG0005733_00	GO:0046856,GO:0004439,GO:0048488
OG0006798_00	GO:0035434,GO:0016020,GO:0005375
OG0005100_00	GO:0007219,GO:0005112
OG0004288_00	GO:0010571,GO:1901987,GO:0043539,GO:0031431
OG0007010_00	GO:0005739,GO:0005743,GO:0033617
OG0007447_00	GO:0000422,GO:0005829,GO:0061651,GO:0006497,GO:0032446,GO:0000045
OG0002390_00	GO:0000123,GO:0044545
OG0007915_00	GO:0005576
OG0008397_00	GO:0016491,GO:0008134,GO:0050660,GO:0003682,GO:0006338
OG0001394_00	GO:0005096
OG0005453_00	GO:0006826,GO:0005769,GO:0005886,GO:0005615,GO:0055037
OG0005549_00	GO:0004568,GO:0008061,GO:0005576,GO:0006032
OG0008186_00	GO:0004459,GO:0006089,GO:0006090
OG0001156_00	GO:0006032,GO:0004568,GO:0008061,GO:0005576
OG0001963_00	GO:0019887,GO:0030165
OG0007796_00	GO:0005615
OG0005021_00	GO:0043486,GO:0005634
OG0001472_00	GO:0140007,GO:1904262,GO:0034198,GO:0061462,GO:0042149
OG0007351_00	GO:0006491,GO:0017177
OG0008698_00	GO:0030154,GO:0006357,GO:0000981,GO:0009653,GO:0000978
OG0000311_00	GO:0019005,GO:0031146
OG0002454_00	GO:0005524,GO:0042555,GO:0006268,GO:0003697,GO:1902975,GO:0005634,GO:0006271,GO:0017116,GO:0003677,GO:0000727
OG0004665_00	GO:0005634,GO:0006355,GO:0035064
OG0003699_00	GO:0005737,GO:0018025
OG0009208_00	GO:0005765,GO:0005886,GO:0015232,GO:0015886,GO:0020037
OG0010035_00	GO:0005622,GO:0004386,GO:0003723
OG0003152_00	GO:0005634,GO:0003714
OG0010466_00	GO:0016485,GO:0016486,GO:0000139,GO:0004252,GO:0016020,GO:0005802
OG0000935_00	GO:0006412
OG0009510_00	GO:0006357,GO:0035497,GO:0000981
OG0005728_00	GO:0016491,GO:0005737,GO:0004090
OG0000005_01	GO:0050911,GO:0007608,GO:0005549,GO:0005886,GO:0016020,GO:0004984
OG0005023_00	GO:0008045,GO:0009888,GO:0016358,GO:0009887,GO:0005604
OG0004429_00	GO:0015935,GO:0005840,GO:0032543,GO:0003735,GO:0006412,GO:0005763
OG0004014_00	GO:0019894,GO:0010008,GO:0032418,GO:0032880,GO:0007030
OG0000771_00	GO:0051015,GO:0007015,GO:0015629,GO:0000146,GO:0005737,GO:0016020
OG0001989_00	GO:0006085,GO:0003878,GO:0046912,GO:0006633,GO:0005829
OG0006805_00	GO:0005654,GO:0000398,GO:0061574,GO:0005737
OG0006104_00	GO:0004843,GO:0016579
OG0006539_00	GO:0031398
OG0004008_00	GO:0001786,GO:0005544,GO:0048488,GO:0048791,GO:0005509,GO:0000149,GO:0017156,GO:0070382,GO:0030276,GO:0005886
OG0004453_00	GO:0005737,GO:0005634,GO:0052717
OG0009241_00	GO:0006474,GO:0017196,GO:0031417
OG0002297_00	GO:0003924,GO:0005096,GO:0090630
OG0006543_00	GO:0005096,GO:0031267,GO:0043087
OG0006910_00	GO:0005762
OG0005099_00	GO:0005634,GO:0000978,GO:0006357,GO:0003700,GO:0000981
OG0001284_00	GO:0016197,GO:0006897,GO:0005886,GO:0045296,GO:0030132,GO:0005737
OG0005183_00	GO:0017108,GO:0006298,GO:0005634,GO:0006310,GO:0035312
OG0007996_00	GO:0030425,GO:0048168,GO:0031175
OG0002744_00	GO:0008180
OG0009064_00	GO:0016020,GO:0005525,GO:0007165
OG0007655_00	GO:0004825,GO:0006431
OG0002120_00	GO:0031490,GO:0005634,GO:0006357
OG0001095_00	GO:0005634,GO:0006364
OG0002313_00	GO:1902476,GO:0005886,GO:0005254
OG0002238_00	GO:0000413,GO:0003755
OG0008225_00	GO:0015867
OG0007865_00	GO:0016020,GO:0005774,GO:0015179,GO:0003333
OG0003072_00	GO:0008017,GO:0051959,GO:0031122,GO:0005813,GO:0030705,GO:0005815,GO:0005737
OG0009184_00	GO:0008241,GO:0008237,GO:0016020,GO:0006508
OG0002538_00	GO:0005524,GO:0016887,GO:0005634,GO:0005829,GO:0006457
OG0003869_00	GO:0050660,GO:0016491
OG0002040_00	GO:0005634,GO:0006974,GO:0016791
OG0003937_00	GO:0005634,GO:0010468
OG0008774_00	GO:0006006,GO:0033499,GO:0004034
OG0001219_00	GO:0050152,GO:0006541,GO:0006528,GO:0006107,GO:0005739
OG0006988_00	GO:0005634,GO:2000377,GO:0005743,GO:0008340,GO:0004497,GO:0008682,GO:0010468,GO:0006744
OG0001804_00	GO:0005634,GO:0006468,GO:0004672,GO:0005737,GO:0004713
OG0004564_00	GO:0005634,GO:0005737,GO:0042826
OG0004865_00	GO:0035317,GO:0005938
OG0007459_00	GO:0016020,GO:0008195,GO:0006644,GO:0046839
OG0008371_00	GO:0016020,GO:0005549,GO:0004984,GO:0007608,GO:0005886,GO:0050911
OG0007161_00	GO:0005243,GO:0005921,GO:0007602,GO:0005886
OG0008069_00	GO:0046103,GO:0004000,GO:0006154,GO:0019239
OG0001170_00	GO:0004484,GO:0006370
OG0007687_00	GO:0005634,GO:0006357,GO:0000981
OG0007922_00	GO:0005680,GO:0070979
OG0005397_00	GO:0005783
OG0006555_00	GO:0005737
OG0009132_00	GO:0007507,GO:0007519,GO:0051146,GO:0030552,GO:0042391,GO:0042383,GO:0016020
OG0006928_00	GO:0005730,GO:0006364,GO:0030688,GO:0030515,GO:0005737
OG0000034_00	GO:0032504,GO:0005615
OG0002484_00	GO:0006357,GO:0005634,GO:0005667
OG0004976_00	GO:0038007,GO:0016020,GO:0005042,GO:0008045
OG0001496_00	GO:0030170,GO:0005737,GO:0004587,GO:0019544,GO:0042802,GO:0010121
OG0004033_00	GO:0005737,GO:0050113,GO:0005506,GO:0019310
OG0006123_00	GO:0031175,GO:0005829
OG0010047_00	GO:0051015,GO:0007015,GO:0015629
OG0003796_00	GO:0097730,GO:0035721,GO:0061512,GO:1905515,GO:0060271,GO:0030991
OG0004025_00	GO:0032446,GO:0045116,GO:0005634,GO:0005737,GO:0019781
OG0009534_00	GO:0033345,GO:0016787,GO:0005737
OG0004609_00	GO:0015179,GO:0003333
OG0000959_00	GO:0005681
OG0006135_00	GO:0033179,GO:1902600,GO:0046961
OG0008840_00	GO:0005634,GO:0070403,GO:0017136,GO:0000122,GO:0046969,GO:0003714
OG0005876_00	GO:0051123,GO:0005669,GO:0016251,GO:0006366,GO:0017025,GO:0004402
OG0008123_00	GO:0071816,GO:0043529
OG0003382_00	GO:0005876,GO:0090307,GO:0008574,GO:0051231,GO:0005634,GO:0072686
OG0003658_00	GO:0031119,GO:0009982,GO:0009451,GO:0001522,GO:0003723
OG0005082_00	GO:0003714,GO:0045944,GO:0003712,GO:0016592
OG0002072_00	GO:0002098,GO:0008033,GO:0030488,GO:0050660,GO:0005829
OG0002205_00	GO:0045842,GO:0070979,GO:0031145,GO:0005680
OG0007556_00	GO:0005952,GO:0005829,GO:0004691
OG0003000_00	GO:0052735
OG0009873_00	GO:0005886
OG0002826_00	GO:0055085,GO:0022857,GO:0016020
OG0007591_00	GO:0009966,GO:0005520,GO:0005576,GO:0001558
OG0004587_00	GO:0050808,GO:0032589
OG0002611_00	GO:0005634,GO:0061630,GO:0004842,GO:0033503
OG0008781_00	GO:0003723
OG0005945_00	GO:0016250,GO:0006027,GO:0030200
OG0000986_00	GO:0005737,GO:0005524,GO:0006423,GO:0004817
OG0002760_00	GO:0030833,GO:0031267
OG0002333_00	GO:0080008
OG0008465_00	GO:0008080
OG0000102_01	GO:0101030,GO:0006400
OG0002550_00	GO:0016020,GO:0004984,GO:0005549,GO:0050911,GO:0005886,GO:0007608
OG0002903_00	GO:0050911,GO:0005886,GO:0007608,GO:0016020,GO:0004984,GO:0005549
OG0003324_00	GO:0043027,GO:0005737,GO:0005634,GO:0031398,GO:0051726,GO:0043066,GO:0061630
OG0004747_00	GO:0004674,GO:0044773,GO:0005634
OG0003175_00	GO:0051125,GO:0005768,GO:0007032,GO:0140285,GO:0071203,GO:0030041
OG0002028_00	GO:0005737,GO:0004077
OG0000687_00	GO:0005886,GO:0016020,GO:0050911,GO:0005549,GO:0007608,GO:0004984
OG0009613_00	GO:0030198,GO:0030574,GO:0004222,GO:0005615
OG0010358_00	GO:0043005
OG0002410_00	GO:0005980,GO:0004135,GO:0004134
OG0003732_00	GO:0005096,GO:0005737
OG0002066_00	GO:0033314,GO:0007095,GO:0032147,GO:0010997
OG0001751_00	GO:0016020,GO:0006820,GO:0022857
OG0003520_00	GO:0008374,GO:0045017,GO:0005886,GO:0019432
OG0005096_00	GO:0005794,GO:0004653,GO:0006493
OG0003915_00	GO:0031462
OG0009373_00	GO:0004222
OG0008752_00	GO:0035098,GO:0005634,GO:0042054,GO:0031507,GO:0006338,GO:0046976,GO:0003682
OG0002237_00	GO:0004672
OG0007542_00	GO:0005615,GO:0016042,GO:0016298
OG0004403_00	GO:0031110,GO:0005876,GO:0000940,GO:0072686,GO:0051301,GO:0007059,GO:0008017,GO:0000278
OG0009758_00	GO:0005509,GO:0005113,GO:0010468,GO:0005615,GO:0001708,GO:0007224
OG0005589_00	GO:0005634,GO:0000978,GO:0003700,GO:0006357,GO:0000981,GO:0045165,GO:0045944,GO:0000122
OG0006409_00	GO:0030007,GO:0036376,GO:1990573,GO:0006813,GO:0001671,GO:0005890,GO:0006814,GO:0006883
OG0004379_00	GO:0016020,GO:0006820,GO:0022857
OG0005493_00	GO:0050808,GO:0032589
OG0006966_00	GO:0006506,GO:0000026,GO:0005789,GO:0000030,GO:0016757
OG0006702_00	GO:0006814
OG0004212_00	GO:0016020,GO:0055085,GO:0022857
OG0004866_00	GO:0009101,GO:0018279,GO:0016020,GO:0008250
OG0005252_00	GO:0005819,GO:0035303,GO:0043029,GO:0030865,GO:0045579,GO:0000226,GO:0001782,GO:0005813
OG0006279_00	GO:0032958,GO:0016301,GO:0005737,GO:0000828,GO:0046854,GO:0005634
OG0004567_00	GO:0005886,GO:0007616
OG0001029_00	GO:0004867
OG0000897_00	GO:0003735,GO:0005840,GO:0006412
OG0001173_00	GO:0080008,GO:0005634,GO:0016567
OG0008299_00	GO:0006122,GO:0005743
OG0001375_00	GO:0005794
OG0008372_00	GO:0042392
OG0000966_00	GO:0005634,GO:0010629,GO:0046974,GO:0090309,GO:0070828
OG0010570_00	GO:0000981,GO:0006357,GO:0000977
OG0006630_00	GO:0016460
OG0004100_00	GO:0005615,GO:0043005,GO:0004252,GO:0016485,GO:0016020,GO:0016486
OG0000614_00	GO:0070182,GO:0000076,GO:0005634,GO:0071163,GO:0000278,GO:0030174,GO:0003677
OG0005288_00	GO:0005634,GO:0006357
OG0004636_00	GO:0007165,GO:0005615
OG0009276_00	GO:0098609,GO:0005911,GO:0045216,GO:1900026,GO:0005925,GO:0005737,GO:2001046
OG0006534_00	GO:0005743,GO:0030003
OG0006901_00	GO:0005737,GO:0007023,GO:0006457,GO:0007021
OG0001984_00	GO:0071929,GO:0019799
OG0006109_00	GO:1990904,GO:0005634,GO:0005737,GO:0003729
OG0006808_00	GO:0009982,GO:0001522
OG0002996_00	GO:0003729
OG0004019_00	GO:0005737
OG0007811_00	GO:0042058,GO:0046755,GO:0005829,GO:0032801,GO:0019075,GO:0032510,GO:0000813
OG0003983_00	GO:0034727,GO:0034045,GO:0061709,GO:1990316,GO:0019901,GO:0001934,GO:0000422,GO:0000045,GO:0061723,GO:0060090,GO:0034517,GO:0030242
OG0005725_00	GO:0030992,GO:0005929,GO:0042073,GO:0005814,GO:0060271
OG0006881_00	GO:0006606
OG0010456_00	GO:0006468,GO:0001664,GO:0007186,GO:0004703,GO:0004672,GO:0009966
OG0003162_00	GO:0046621,GO:0016477,GO:0060090,GO:0006355,GO:0019900,GO:0005737,GO:0035330
OG0000238_01	GO:0005886,GO:0005549,GO:0007608,GO:0004984,GO:0016020,GO:0050911
OG0006187_00	GO:0051087,GO:0051131,GO:0005737,GO:0016272,GO:0006457
OG0000347_00	GO:0006096,GO:0004332
OG0000699_00	GO:0005549,GO:0007608,GO:0004984,GO:0016020,GO:0050911,GO:0005886
OG0003311_00	GO:0031410
OG0004097_00	GO:0004177,GO:0008233,GO:0006508,GO:0005739
OG0009605_00	GO:0016051,GO:0008146,GO:0016020
OG0002424_00	GO:0005254
OG0005327_00	GO:0005739,GO:0043337,GO:0032049,GO:0046474
OG0004492_00	GO:0000977,GO:0006357,GO:0000981,GO:0032502
OG0008056_00	GO:0005594,GO:0030020,GO:0031012,GO:0030198,GO:0005615,GO:0062023
OG0001738_00	GO:0090501,GO:0004530,GO:0003723,GO:0004525,GO:0006309,GO:0030422,GO:0031054,GO:0070578,GO:0005634,GO:0005737
OG0007637_00	GO:0097500,GO:0060271,GO:0034464
OG0001226_00	GO:0006888,GO:0005789,GO:0005085,GO:0003400
OG0001613_00	GO:0051560,GO:0044233,GO:1990456
OG0007466_00	GO:0006357,GO:0005634,GO:0000981,GO:0000978
OG0005402_00	GO:0007423,GO:0005634,GO:0045944,GO:0070888,GO:0000981,GO:0003700,GO:0061564
OG0006582_00	GO:0006281,GO:0006357,GO:0005675
OG0010155_00	GO:0030018,GO:0005634,GO:0003712
OG0002361_00	GO:0005634,GO:0004842,GO:0005737,GO:0034657,GO:0043161
OG0003450_00	GO:0031514,GO:0060271,GO:0005815,GO:0030992,GO:0042073
OG0000855_00	GO:0016491,GO:0050660
OG0009117_00	GO:0046835,GO:0016256,GO:0003976,GO:0005794
OG0004788_00	GO:0006289,GO:0000724,GO:0003684,GO:0006298,GO:0035861,GO:0003697,GO:0005662,GO:0006260,GO:0006284
OG0002944_00	GO:0005765,GO:0042144,GO:0006886,GO:0016197,GO:0030897,GO:0005768,GO:0007033,GO:0003779
OG0003011_00	GO:0005697,GO:0042162,GO:0070034,GO:0000184
OG0003222_00	GO:0070652,GO:1990498,GO:0051225,GO:0000226,GO:0008017
OG0003806_00	GO:0016192
OG0002517_00	GO:0015293,GO:0006814
OG0009425_00	GO:0023052
OG0002561_00	GO:0005686,GO:0071011,GO:0000398,GO:0071013
OG0003027_00	GO:0006890,GO:0006888,GO:0070939,GO:0060628
OG0004750_00	GO:0012505,GO:0003841,GO:0016746
OG0002914_00	GO:0005739
OG0007399_00	GO:0016020,GO:0005886
OG0006454_00	GO:0006623,GO:0035658,GO:0032510
OG0001895_00	GO:0005886,GO:0007389,GO:0007417,GO:0030425,GO:0007224,GO:0005113,GO:0071679,GO:0005929
OG0006696_00	GO:0006312,GO:0045002,GO:0006281,GO:0005634,GO:0000724,GO:0006310
OG0003466_00	GO:0019005,GO:0031146
OG0004324_00	GO:0034472,GO:0032039
OG0009767_00	GO:0005886,GO:0016020
OG0002417_00	GO:0043565,GO:0005634,GO:0006357,GO:0000981
OG0000789_00	GO:0000226,GO:0036064,GO:0015631,GO:0018095,GO:0070740
OG0003119_00	GO:0008104,GO:0015031
OG0003308_00	GO:0003995
OG0010033_00	GO:0005216,GO:0004888,GO:0016020,GO:0034220
OG0003154_00	GO:0061723,GO:0034045,GO:0034274,GO:0061739,GO:0019776,GO:0005737,GO:0034727,GO:0000045,GO:0000422,GO:0000421,GO:0097352
OG0003345_00	GO:0006457,GO:0016018,GO:0043231,GO:0003755,GO:0000413,GO:0005737
OG0000933_00	GO:0045202,GO:0016185,GO:0016020,GO:0005874,GO:0003924,GO:0008017,GO:0005886,GO:0031623,GO:0005737
OG0004663_00	GO:0006621,GO:0005102,GO:0005737
OG0000317_00	GO:0008194
OG0005490_00	GO:0006355,GO:0000978,GO:0005634,GO:0006357,GO:0001708,GO:0000785,GO:0007507,GO:0000981,GO:0003700
OG0007966_00	GO:0017069,GO:0045736,GO:0000122,GO:0005654,GO:0004861,GO:0097322,GO:0005737,GO:0005634
OG0001869_00	GO:0006357,GO:0000981,GO:0000978
OG0004211_00	GO:0006399,GO:0051499,GO:0005737,GO:0051500,GO:0002161
OG0009487_00	GO:0005634,GO:0006357,GO:1990837,GO:0000981
OG0004400_00	GO:0033617
OG0006701_00	GO:0016567,GO:0043161,GO:0005634
OG0009388_00	GO:0003779,GO:0030036
OG0006965_00	GO:0035099
OG0006510_00	GO:0016020
OG0005681_00	GO:0099078
OG0001543_00	GO:0008201,GO:0005615
OG0008513_00	GO:0012505
OG0007726_00	GO:0006672,GO:0016020,GO:0046514
OG0005805_00	GO:0005762,GO:0005739
OG0008136_00	GO:0006432,GO:0004826
OG0008565_00	GO:0016020
OG0006027_00	GO:0006413,GO:0003743,GO:0016281,GO:0003723,GO:0000340
OG0004933_00	GO:0005739
OG0000443_00	GO:0005856
OG0001160_00	GO:0009101,GO:0016757
OG0004574_00	GO:0003712,GO:0008134,GO:0051091,GO:0005634,GO:0045944,GO:0030374
OG0010557_00	GO:0007275,GO:0038062,GO:0005886,GO:0007169,GO:0005518,GO:0010976,GO:0004714,GO:0043235,GO:0051897,GO:0033674
OG0001814_00	GO:0016925,GO:0000785,GO:0006357,GO:0061665,GO:0030374,GO:0003712
OG0005555_00	GO:0005737,GO:0061133,GO:0070628,GO:0005634,GO:0008541
OG0001362_00	GO:0004823,GO:0005524,GO:0000166,GO:0006429
OG0005883_00	GO:0005525
OG0006998_00	GO:0005758,GO:1990050,GO:0005634,GO:0005829,GO:0045332
OG0004813_00	GO:0003723,GO:0016973,GO:0005634
OG0000884_00	GO:0005730
OG0004188_00	GO:0019915,GO:0008654,GO:0010945,GO:0034389,GO:0005789
OG0010453_00	GO:0005615,GO:0005509,GO:0050840,GO:0048856,GO:0005518
OG0009709_00	GO:0000981,GO:0005634,GO:0000978,GO:0006357
OG0002421_00	GO:0000981,GO:0005634,GO:0043565,GO:0006357
OG0006182_00	GO:0005737,GO:0046856,GO:0016020
OG0003314_00	GO:0005739,GO:0006654,GO:0052689,GO:0042171,GO:0005811,GO:0055088
OG0003167_00	GO:0000981,GO:0005634,GO:0006357,GO:0000977
OG0004092_00	GO:0140662
OG0004899_00	GO:0004693,GO:0005634,GO:0004674,GO:0005737,GO:0010033,GO:0000082,GO:0030332,GO:0007165,GO:0000307,GO:0010468,GO:0010389,GO:0006468
OG0003292_00	GO:0035556,GO:0018105,GO:0005634,GO:0004674,GO:0007059
OG0001456_00	GO:0032934,GO:0015918
OG0007371_00	GO:0009101,GO:0015020,GO:0005794,GO:0035269
OG0005001_00	GO:0072546
OG0001539_00	GO:0006357,GO:0032502,GO:0000981,GO:0000977
OG0010150_00	GO:0005109,GO:0007275,GO:0045165,GO:0030182,GO:0005615,GO:0005576,GO:0005102,GO:0005125,GO:0016055,GO:0060070
OG0002364_00	GO:0004722,GO:0006470,GO:0005739,GO:0004741
OG0008986_00	GO:0042393,GO:0006338,GO:0003682,GO:0140658,GO:0005634,GO:0016887,GO:0003677,GO:0000785
OG0003455_00	GO:0019211,GO:0003755,GO:0005634,GO:0008160,GO:0007052,GO:0005737,GO:0000159
OG0006579_00	GO:0005802,GO:0043001
OG0000850_00	GO:0003723,GO:0022625,GO:0003735,GO:0000463
OG0009112_00	GO:0061630,GO:0030971,GO:0023051,GO:0005886,GO:0004842,GO:0017124,GO:0007175,GO:0045121,GO:0007165
OG0009736_00	GO:0005604,GO:0008045,GO:0016358,GO:0009888,GO:0009887
OG0000058_00	GO:0080019,GO:0005777,GO:0043231,GO:0035336
OG0004469_00	GO:0022857
OG0001278_00	GO:0006412,GO:0005840,GO:0003735
OG0007100_00	GO:0018206,GO:0031365,GO:0043686,GO:0042586,GO:0005739
OG0008101_00	GO:0005886,GO:0006888,GO:0016197,GO:0005794,GO:0005789,GO:0031902
OG0001313_00	GO:0003723,GO:0005634,GO:0003729,GO:0005844
OG0005645_00	GO:0006355,GO:0008469,GO:0018216,GO:0005634,GO:0016274,GO:0005829
OG0007711_00	GO:0005516,GO:0001669,GO:0005879
OG0007438_00	GO:0005634,GO:0003729,GO:0006406
OG0008008_00	GO:0045047,GO:0005787,GO:0016020,GO:0006465
OG0008310_00	GO:0005758
OG0008324_00	GO:0043138,GO:0005737,GO:0006310,GO:0000724,GO:0009378,GO:0005634,GO:0006268,GO:0032508,GO:0005694,GO:0006281
OG0001510_00	GO:0007187,GO:0004993,GO:0030425,GO:0030594,GO:0007210,GO:0005886,GO:0007268,GO:0051378
OG0006384_00	GO:0042626,GO:0016020,GO:0055085
OG0005532_00	GO:0005739
OG0001639_00	GO:0005634
OG0001301_00	GO:0007281
OG0000961_00	GO:0006974,GO:0000724,GO:0070531,GO:0045944,GO:0006281,GO:0031436,GO:0004842
OG0006004_00	GO:0001836,GO:0005741,GO:0042981,GO:0097192,GO:0051400,GO:0006919,GO:0008630
OG0006439_00	GO:0007165,GO:0005525,GO:0016020
OG0001838_00	GO:0005737
OG0004241_00	GO:0008089,GO:0005765
OG0006751_00	GO:0006890,GO:0043001,GO:0007030,GO:0048194,GO:0031985,GO:0070273,GO:0005802,GO:0005829
OG0005387_00	GO:0030488,GO:0005737
OG0006207_00	GO:0004674,GO:0018105,GO:0005737
OG0007954_00	GO:0016593
OG0009880_00	GO:0005886,GO:0005911,GO:0098609,GO:0050839
OG0001952_00	GO:0006020,GO:0033857,GO:0032958,GO:0005829,GO:0000829,GO:0000828
OG0007697_00	GO:0055072,GO:0005886,GO:0016491,GO:0006826
OG0001057_00	GO:0003886,GO:0003677,GO:0044027,GO:0010424,GO:0005634
OG0000035_01	GO:0016491,GO:0050660
OG0007698_00	GO:0035091,GO:0043231,GO:0005769
OG0007265_00	GO:0003712,GO:0000978,GO:0070847,GO:0016592,GO:0006357
OG0005388_00	GO:0061928,GO:0005737,GO:0006751
OG0005217_00	GO:0016020,GO:0004674,GO:0043235,GO:0004675,GO:0005886,GO:0070724,GO:0005524,GO:0006468,GO:0007178,GO:0071363
OG0008885_00	GO:0016020,GO:0005549,GO:0050911,GO:0005886,GO:0004984,GO:0007608
OG0005622_00	GO:0035861,GO:0005634,GO:0006468,GO:0005737,GO:0004674,GO:0007095,GO:0007165
OG0007127_00	GO:0061630,GO:0005654
OG0006397_00	GO:0006730,GO:0004089,GO:0008270,GO:0016836
OG0001338_00	GO:0005634
OG0008337_00	GO:0017111
OG0000284_00	GO:0016925,GO:0000795,GO:0007129,GO:0007131,GO:0019789
OG0001342_00	GO:0004993,GO:0016907,GO:0045202,GO:0030594,GO:0007197,GO:0007268,GO:0007187,GO:0030425,GO:0005886
OG0005571_00	GO:0031122,GO:0008017,GO:0030425,GO:0030165
OG0004873_00	GO:0005215,GO:0016020
OG0003499_00	GO:0030490,GO:0003723,GO:0000398,GO:0000932,GO:0005730,GO:0005688,GO:0005732,GO:0046540
OG0000111_00	GO:0005549,GO:0016020,GO:0050911,GO:0005886,GO:0004984,GO:0007608
OG0001884_00	GO:0005743,GO:0090374,GO:0015421
OG0000278_00	GO:0005886,GO:0004984,GO:0007608,GO:0005549,GO:0016020,GO:0050911
OG0000546_00	GO:0045116,GO:0097602,GO:0031624,GO:0032182,GO:0000151
OG0006351_00	GO:0005737
OG0004206_00	GO:0005737,GO:0005968,GO:0004663,GO:0018344
OG0004435_00	GO:0120013,GO:1902387,GO:0035627,GO:0016020,GO:1902388,GO:0005829,GO:0120009,GO:0005737
OG0006525_00	GO:0005737,GO:0003952,GO:0009435,GO:0004359
OG0000519_01	GO:0005518,GO:0007169,GO:0051897,GO:0005886,GO:0043235,GO:0004714,GO:0033674,GO:0010976,GO:0038062,GO:0007275
OG0001995_00	GO:0000400,GO:0009378,GO:0043138,GO:0045003,GO:0036297
OG0006679_00	GO:0003700,GO:0000978,GO:0006357
OG0000101_00	GO:0004252
OG0002335_00	GO:0005634,GO:0006357,GO:0050684,GO:0043565
OG0002766_00	GO:0032543,GO:0005739,GO:0004814,GO:0005524,GO:0006420
OG0005943_00	GO:0031090,GO:0030659
OG0001693_00	GO:0003779
OG0008179_00	GO:0016616,GO:0005811
OG0000980_00	GO:0005615,GO:0006508,GO:0004252
OG0007769_00	GO:0036211
OG0009863_00	GO:0098793,GO:0016191,GO:0098978
OG0002000_00	GO:0003825,GO:0003824,GO:0005992,GO:0004805,GO:0005829,GO:0070413
OG0002109_00	GO:0016460,GO:0005737,GO:0000146,GO:0032982,GO:0051015
OG0003205_00	GO:0036126,GO:0008017,GO:0005879,GO:0005814,GO:0005856,GO:0036064
OG0009434_00	GO:0005886,GO:0006833,GO:0015250
OG0002927_00	GO:0005634,GO:0006357,GO:0000981,GO:0003700,GO:0000978
OG0002211_00	GO:0055085,GO:0016020,GO:0022857
OG0007380_00	GO:0004739,GO:0005967,GO:0006086
OG0002074_00	GO:0051225,GO:0043015,GO:0005815,GO:0007020,GO:0000930,GO:0051011,GO:0000226,GO:0051321,GO:0000278,GO:0000922,GO:0031122
OG0005084_00	GO:0003723,GO:0016075,GO:0005730,GO:0034475,GO:0071051,GO:0000177,GO:0034427,GO:0000176,GO:0071028
OG0003961_00	GO:0005737,GO:0019722,GO:0051015,GO:0031175,GO:0015629,GO:0014069,GO:0007015,GO:0030425
OG0005358_00	GO:0055085,GO:0022857,GO:0016020
OG0001088_00	GO:0030686,GO:0005730,GO:0000462
OG0002203_00	GO:0015421,GO:0005743,GO:0090374
OG0003006_00	GO:0000976,GO:0048188,GO:0051568
OG0008740_00	GO:0006749,GO:0004364
OG0002936_00	GO:0005096
OG0004699_00	GO:0034511,GO:0032040,GO:0030515
OG0004772_00	GO:0097272,GO:0008519,GO:0005886,GO:0072488
OG0002503_00	GO:0047429,GO:0009143,GO:0005737
OG0010258_00	GO:0016405
OG0000885_00	GO:0006406,GO:0031080,GO:0006606,GO:0017056,GO:0000973,GO:0005643
OG0004126_00	GO:0016263,GO:0016267
OG0001161_00	GO:0006357,GO:0005634
OG0005882_00	GO:0005643,GO:0006913
OG0006616_00	GO:0005737
OG0006999_00	GO:0005737
OG0001377_00	GO:0033539,GO:0000062,GO:0004361,GO:0046949,GO:0005743,GO:0050660
OG0007160_00	GO:0005886,GO:0008528,GO:0007188
OG0004864_00	GO:0071951,GO:0004479,GO:0005739
OG0007458_00	GO:0005886,GO:0015179,GO:0071705,GO:0035725,GO:0015187,GO:0089718,GO:0016020,GO:0006865,GO:0005283
OG0010195_00	GO:0006020,GO:0008934,GO:0007165,GO:0046855
OG0004565_00	GO:0000122,GO:0045944,GO:0005634,GO:0030154,GO:0000978,GO:0007420,GO:0001228,GO:0030182
OG0006989_00	GO:0005762,GO:0003735
OG0005250_00	GO:0005739
OG0001805_00	GO:0034498,GO:0006891,GO:0048193,GO:1990071
OG0008370_00	GO:0016020
OG0001171_00	GO:0006357,GO:0016538
OG0001538_00	GO:0006357,GO:0000785,GO:2000134,GO:0000977,GO:0030154,GO:0005667,GO:0051726
OG0003293_00	GO:0006572,GO:0009072,GO:0003868,GO:0016701,GO:0000139,GO:0005789
OG0005808_00	GO:0005737
OG0001457_00	GO:0006235,GO:0004550,GO:0005829,GO:0004798,GO:0005634,GO:0005737,GO:0006227,GO:0005739,GO:0006233
OG0005000_00	GO:1902975,GO:0000811
OG0004898_00	GO:0005634,GO:0003700,GO:0006357,GO:0003677,GO:0000981,GO:0000978
OG0009623_00	GO:0030198,GO:0005615,GO:0007155,GO:0031012,GO:0050839
OG0001898_00	GO:0006893,GO:0031267,GO:0006886,GO:0034394,GO:0005802
OG0000808_00	GO:0005737,GO:0045087
OG0004329_00	GO:0006413,GO:0003743,GO:0003729,GO:0022627,GO:0043022,GO:0000049
OG0002442_00	GO:0005634,GO:1990431,GO:0003723,GO:0000289,GO:1990432,GO:0005783,GO:0000175
OG0000901_00	GO:0008239
OG0006459_00	GO:0051879
OG0004651_00	GO:0004651
OG0006869_00	GO:0006357,GO:0000981,GO:0000978
OG0007923_00	GO:1902176,GO:0003341,GO:0005929
OG0007686_00	GO:0047938,GO:0005737
OG0001046_00	GO:0004438
OG0003843_00	GO:0004175,GO:0016020,GO:0034205,GO:0006509,GO:0070765,GO:0007219,GO:0055074,GO:0016485,GO:0042500
OG0001562_00	GO:0070037,GO:0070475,GO:0005634,GO:0032040,GO:0019843
OG0003630_00	GO:0071011,GO:0003723
OG0008532_00	GO:0008081
OG0001197_00	GO:0006357,GO:0000978,GO:0005634,GO:0001228
OG0008828_00	GO:1990904,GO:0005829,GO:0043022,GO:0042256,GO:0003924
OG0005852_00	GO:0005634,GO:0010468
OG0008147_00	GO:0005886
OG0006056_00	GO:0005689
OG0001422_00	GO:0007189,GO:0004016,GO:0006171,GO:0005886
OG0000296_00	GO:0033528,GO:0008898,GO:0009086
OG0005509_00	GO:0003998
OG0002600_00	GO:0061630,GO:0036435,GO:0004842,GO:0071797,GO:0097039,GO:0070530,GO:1990450
OG0003405_00	GO:0001729,GO:0016310,GO:0006665,GO:0001727,GO:0006672
OG0007489_00	GO:0005549,GO:0005886,GO:0050911,GO:0016020,GO:0007608,GO:0004984
OG0007580_00	GO:0016226,GO:0097428,GO:0005737,GO:0005739,GO:0051537
OG0002811_00	GO:0005762,GO:0005840,GO:0006412,GO:0003735
OG0002709_00	GO:0006325,GO:0035267,GO:0006355,GO:0000123,GO:0005634
OG0001793_00	GO:0006533,GO:0006520,GO:0004069,GO:0008483,GO:0005739
OG0004592_00	GO:0031683,GO:0005737,GO:0005834,GO:0003924,GO:0001664,GO:0007186,GO:0007188,GO:0019001
OG0008974_00	GO:0003924
OG0000304_01	GO:0031507,GO:0016581,GO:0004407,GO:0016575,GO:0040029
OG0000862_00	GO:0016020,GO:0007608,GO:0004984,GO:0005549,GO:0005886,GO:0050911
OG0001990_00	GO:0030036,GO:0004674,GO:0005737,GO:0005634
OG0004203_00	GO:0007030,GO:0005794,GO:0000137,GO:0005801,GO:0032580
OG0004430_00	GO:0006491,GO:0006517,GO:0004559,GO:0000139
OG0005693_00	GO:0045910,GO:0005524,GO:0032508,GO:0005634,GO:0090657,GO:0003678,GO:0070182,GO:0010569,GO:1904430
OG0000104_00	GO:0004222
OG0003050_00	GO:0008253
OG0007326_00	GO:0043161,GO:0005829,GO:0005838,GO:0005634,GO:0006508,GO:0008541
OG0005056_00	GO:0003700,GO:0006355
OG0003568_00	GO:0005634,GO:0033260
OG0005116_00	GO:0008308,GO:0051452,GO:0032580
OG0002386_00	GO:0071004,GO:0071011,GO:0030619,GO:0000398,GO:0005685,GO:0017069,GO:0003729
OG0008498_00	GO:0004888,GO:0016020,GO:0005216,GO:0034220
OG0001721_00	GO:0006120,GO:0005747,GO:0016651
OG0005707_00	GO:0005739,GO:0000064,GO:0006810,GO:1990575,GO:0022857
OG0002197_00	GO:0098656,GO:0008308,GO:0005741
OG0001004_00	GO:1990817,GO:0005634,GO:0006378
OG0007833_00	GO:0019784,GO:0000338
OG0006254_00	GO:0005789,GO:0036503
OG0008404_00	GO:0006289,GO:0006366,GO:0070816,GO:0006294,GO:0005675,GO:0000439,GO:0006367
OG0005924_00	GO:0004674,GO:0005634,GO:0005737,GO:0030036
OG0008857_00	GO:0006508,GO:0030198,GO:0031012,GO:0004222
OG0009685_00	GO:0051082,GO:0005737,GO:0006457
OG0007742_00	GO:0015937,GO:0004140
OG0004351_00	GO:0006488
OG0006421_00	GO:0005952,GO:0004691,GO:0005634,GO:0005829
OG0010563_00	GO:0005634,GO:0006357
OG0000979_00	GO:0003735,GO:0006412,GO:0005840
OG0000504_00	GO:0006631,GO:0033540,GO:0005777,GO:0005504,GO:0050660,GO:0003997,GO:0016402,GO:0071949,GO:0055088
OG0001846_00	GO:0016311,GO:0016791
OG0001587_00	GO:0033554,GO:0008379,GO:0045321,GO:0006979,GO:0019430,GO:0045454,GO:0042744,GO:0005829
OG0004526_00	GO:0007094,GO:1990423,GO:0006888
OG0006623_00	GO:0035252,GO:0012505,GO:0045747,GO:0046527,GO:0035251,GO:0006493
OG0002413_00	GO:0035517,GO:0009887,GO:0045944,GO:0003682
OG0010245_00	GO:0004553,GO:0008422,GO:0005975
OG0006148_00	GO:0005121,GO:0008083,GO:0005576,GO:0021556,GO:0045087
OG0000281_00	GO:0090307,GO:0005876,GO:0008574,GO:0051231,GO:0072686
OG0004384_00	GO:0009786,GO:0008356,GO:0000132,GO:0008093,GO:0045179,GO:0045176
OG0008586_00	GO:0005737,GO:0008887,GO:0006468
OG0000388_00	GO:0101030
OG0005574_00	GO:0005634,GO:0005829,GO:0003730
OG0003290_00	GO:0004557,GO:0005737,GO:0009311,GO:0004553,GO:0016139,GO:0005975
OG0008138_00	GO:0003723,GO:0043484
OG0007728_00	GO:0031902,GO:0005765,GO:0005886,GO:0072594,GO:0016020
OG0005003_00	GO:0005737
OG0001987_00	GO:0101030,GO:0005829,GO:0008479
OG0004427_00	GO:0005201,GO:0007411,GO:0009888,GO:0009887,GO:0005604
OG0002995_00	GO:0043161,GO:0010992,GO:0005634,GO:0005737,GO:0043130
OG0006902_00	GO:0016020,GO:0008146,GO:0016051
OG0000244_01	GO:0006144
OG0009275_00	GO:0005783,GO:0007029
OG0000688_00	GO:0006468,GO:0005794,GO:0016773,GO:0004674
OG0004082_00	GO:0032456,GO:0005768
OG0004767_00	GO:0005615,GO:0032504
OG0003300_00	GO:0005741,GO:0016020
OG0002870_00	GO:0072686,GO:0000776,GO:0007094,GO:0005635,GO:0051315
OG0002104_00	GO:0006428,GO:0004822
OG0007284_00	GO:0000781,GO:0000724,GO:0035861,GO:0006289,GO:0005662,GO:0003697,GO:0006260
OG0003972_00	GO:0019706,GO:0006612,GO:0018230,GO:0005783,GO:0016409,GO:0005794
OG0005794_00	GO:0005739,GO:0005829,GO:0031072,GO:0006626
OG0008955_00	GO:0015267,GO:0005737,GO:1901858,GO:0016020,GO:0005739
OG0002621_00	GO:0003677,GO:0005634,GO:0000398
OG0005007_00	GO:0045047,GO:0043161,GO:0005737,GO:0005783
OG0003294_00	GO:0006384,GO:0005666
OG0001450_00	GO:0004421,GO:0006084,GO:0010142
OG0003669_00	GO:0016298,GO:0005615,GO:0016042
OG0007377_00	GO:0007186,GO:0005085,GO:0005737,GO:0001965
OG0001464_00	GO:0032502
OG0005015_00	GO:0061630
OG0004984_00	GO:0005794,GO:0016409,GO:0006612,GO:0019706,GO:0018230,GO:0005783
OG0003996_00	GO:0005737,GO:0032981
OG0006890_00	GO:0016020
OG0005885_00	GO:0033181,GO:0033179,GO:0055085,GO:0046961,GO:1902600
OG0004815_00	GO:0006506,GO:0051377,GO:0005789
OG0001812_00	GO:0043231,GO:0004630,GO:0009395,GO:0060627
OG0007199_00	GO:0043488,GO:0005634,GO:0005737,GO:1900364,GO:0008143
OG0006329_00	GO:0032418,GO:0016197,GO:0000930,GO:0031083,GO:0043015,GO:0099078
OG0005553_00	GO:0016567,GO:0004842
OG0000882_00	GO:0005634,GO:0031515,GO:0030488
OG0001166_00	GO:0036064,GO:0005814,GO:0060271
OG0008389_00	GO:0005634
OG0010182_00	GO:0015031
OG0005206_00	GO:0061630,GO:0005634
OG0005822_00	GO:0030641,GO:0001671,GO:0033176
OG0006386_00	GO:0007165,GO:0046855,GO:0006020,GO:0008934
OG0007136_00	GO:0018345,GO:0016746,GO:0016409,GO:0005783
OG0008898_00	GO:0046578,GO:0097060,GO:0016477,GO:0030030,GO:0005096
OG0005530_00	GO:0007608,GO:0005886,GO:0005549,GO:0016020,GO:0004984,GO:0050911
OG0008115_00	GO:0035556,GO:0007165,GO:0035591,GO:0005886,GO:0005068
OG0005659_00	GO:0005829,GO:0022008
OG0001303_00	GO:0006364,GO:0006261,GO:0005656,GO:0120330
OG0000268_00	GO:0030527,GO:0000786,GO:0003677
OG0006697_00	GO:0005784,GO:0006886
OG0000804_00	GO:0055085,GO:0016020,GO:0022857
OG0001894_00	GO:0004163,GO:0005829,GO:0019287
OG0009766_00	GO:0043138,GO:0005675,GO:0006367,GO:0097550,GO:0000112
OG0006455_00	GO:0005886,GO:0046854,GO:0016308,GO:0016309
OG0004325_00	GO:0016020,GO:0009101,GO:0006493,GO:0000139,GO:0016757,GO:0016758
OG0003467_00	GO:0003714,GO:0045892,GO:0008134,GO:0005634
OG0000552_00	GO:0005886,GO:0016020
OG0009503_00	GO:0006357,GO:0005634
OG0010471_00	GO:0035556,GO:0050321,GO:0004674,GO:0005737,GO:0000226
OG0000320_00	GO:0050911,GO:0004984,GO:0007608,GO:0005886,GO:0016020,GO:0005549
OG0003332_00	GO:0005739
OG0002546_00	GO:0005615,GO:0004867
OG0009954_00	GO:0005789,GO:0004144,GO:0019432,GO:0008374
OG0004737_00	GO:0006820,GO:0022857,GO:0016020
OG0007267_00	GO:0005886,GO:0019991
OG0006853_00	GO:0004343,GO:0008080
OG0007959_00	GO:0033617,GO:0051082,GO:0005743,GO:0005739
OG0005777_00	GO:0005576
OG0004407_00	GO:0006457,GO:0034976,GO:0005783,GO:0003756
OG0007961_00	GO:0003697,GO:0008310,GO:0000712
OG0004216_00	GO:0005634,GO:0006357
OG0005686_00	GO:0005643,GO:0005096,GO:0005737
OG0000568_00	GO:0004341,GO:0019853,GO:0005509
OG0009480_00	GO:0005085
OG0006962_00	GO:0005886
OG0001344_00	GO:0045944,GO:0000978,GO:0003700,GO:0000981,GO:0005634,GO:0045165,GO:0000122,GO:0006357
OG0004875_00	GO:0097730,GO:1905515,GO:0036064,GO:0034464
OG0005577_00	GO:0005681,GO:0005689,GO:0000398
OG0004387_00	GO:0005739,GO:0044877,GO:1901006
OG0001819_00	GO:0006796,GO:0000287,GO:0004427,GO:0005737
OG0001976_00	GO:0005737,GO:0031932,GO:0031929,GO:0004674,GO:0005634,GO:0031931,GO:0016242
OG0004261_00	GO:0048490,GO:0016182,GO:0098943,GO:0010008,GO:0098830,GO:0048499,GO:0015031,GO:0030123,GO:0043195,GO:0006896,GO:0006623
OG0008382_00	GO:0005753
OG0006322_00	GO:0005856,GO:0034314,GO:0005885
OG0001657_00	GO:0004558,GO:0004553
OG0005558_00	GO:0005680,GO:0097027,GO:1905786,GO:0031145,GO:0010997,GO:1990757,GO:1904668
OG0004579_00	GO:0005874,GO:0007017
OG0003326_00	GO:0097363,GO:0006493,GO:0016757
OG0003959_00	GO:0005783,GO:1904382,GO:0004571,GO:1904380
OG0002901_00	GO:0005576,GO:0004568,GO:0006032,GO:0008061
OG0002552_00	GO:0032504,GO:0005615
OG0007323_00	GO:0016267,GO:0016263
OG0003055_00	GO:0005886,GO:0043069
OG0005053_00	GO:0005634,GO:0000054,GO:0006606,GO:0005525,GO:0005737,GO:0006913,GO:0003924
OG0007059_00	GO:0016405
OG0001256_00	GO:0140110,GO:0003714,GO:0000122,GO:0006357,GO:0005634,GO:0045892,GO:0070822
OG0002172_00	GO:0006826,GO:0005769,GO:0055037,GO:0005886,GO:0005615
OG0002099_00	GO:0003684,GO:0000110,GO:0000724,GO:0000712,GO:0000014,GO:0003697,GO:1901255
OG0005069_00	GO:0016020,GO:0005764,GO:0003725,GO:0051033,GO:0005886,GO:0050658
OG0008026_00	GO:0005634,GO:0051864
OG0005335_00	GO:0006891,GO:0006886,GO:0007030,GO:0017119,GO:0005801,GO:0016020
OG0007416_00	GO:0032436,GO:0032434,GO:0080008
OG0005133_00	GO:0000398,GO:0071011,GO:0008380,GO:0003723
OG0002796_00	GO:0033627,GO:0007160,GO:0098609,GO:0005178,GO:0007229,GO:0009897,GO:0008305
OG0001700_00	GO:0006357,GO:0000981,GO:0000977,GO:0071456
OG0007023_00	GO:0005739
OG0008434_00	GO:0016020
OG0005370_00	GO:0031573,GO:0071479,GO:0000076,GO:0006281,GO:0000077,GO:0030896
OG0007578_00	GO:0009755,GO:1900011,GO:0005615,GO:0051424,GO:0051460
OG0000020_01	GO:0050911,GO:0007608,GO:0016020,GO:0005886,GO:0004984,GO:0005549
OG0002753_00	GO:0030490,GO:0004521,GO:0030688
OG0005914_00	GO:0019901,GO:0000407,GO:1990316,GO:0006914,GO:0000045
OG0007739_00	GO:0017154,GO:0005886,GO:0030334,GO:0002116,GO:0071526
OG0005074_00	GO:0006886,GO:0030970,GO:0005789,GO:0036502,GO:0036513,GO:0030968
OG0003652_00	GO:0003839
OG0002084_00	GO:0005886,GO:1902476,GO:0005254
OG0008129_00	GO:0005634
OG0003388_00	GO:0042420,GO:0042421,GO:0006589,GO:0005615,GO:0004500,GO:0005507,GO:0030667
OG0003281_00	GO:0005634
OG0003640_00	GO:0000932,GO:0003729,GO:0000289
OG0008858_00	GO:0031954,GO:0008284,GO:0005615,GO:0070851
OG0001552_00	GO:0005730,GO:0032040,GO:0006364
OG0003851_00	GO:0006357,GO:0005634,GO:0000977,GO:0000981
OG0005999_00	GO:0016791,GO:0005737
OG0000196_00	GO:0016020,GO:0050911,GO:0005886,GO:0005549,GO:0007608,GO:0004984
OG0005256_00	GO:0005634,GO:0006357
OG0000893_00	GO:0005576,GO:0008083,GO:0021556,GO:0045087,GO:0005121
OG0007166_00	GO:0005739,GO:0004491,GO:0006210,GO:0006574
OG0007908_00	GO:0004809,GO:0005737,GO:0008168
OG0004862_00	GO:0016024,GO:0004605,GO:0032049,GO:0005739
OG0001803_00	GO:0005634,GO:0140664,GO:0005524,GO:0051026,GO:0006298,GO:0030983,GO:0003690
OG0001371_00	GO:0006357,GO:0005634
OG0002256_00	GO:0051879,GO:0005737,GO:0007283,GO:0034587
OG0003075_00	GO:0044255
OG0007862_00	GO:0005654,GO:0003723,GO:0000785,GO:0010468
OG0007563_00	GO:0031201,GO:0048278,GO:0005484,GO:0006906,GO:0000149,GO:0012505,GO:0006888,GO:0006886,GO:0000139
OG0003930_00	GO:0072669,GO:0005634,GO:0003972,GO:0006396,GO:0000971,GO:0008452
OG0008773_00	GO:0016020,GO:0055085,GO:0042626
OG0002047_00	GO:0003729,GO:0005737,GO:0006369,GO:0031124,GO:0005849,GO:0000993
OG0008618_00	GO:0008631,GO:0005739,GO:0051402,GO:0008635,GO:0006915
OG0003619_00	GO:0005815,GO:1990811,GO:1990810
OG0002968_00	GO:0008654,GO:0004512,GO:0006021
OG0000373_01	GO:0050911,GO:0004984,GO:0007608,GO:0016020,GO:0005549,GO:0005886
OG0005755_00	GO:0019509,GO:0046523
OG0007245_00	GO:0016020,GO:0055085,GO:0022857
OG0006879_00	GO:0016020
OG0006260_00	GO:0030125,GO:0016192
OG0000915_00	GO:0005634,GO:0007062,GO:0003677,GO:0008278
OG0010015_00	GO:0000978,GO:0006357,GO:0000981
OG0002434_00	GO:0006281,GO:0005634,GO:0000724,GO:0030915,GO:0004842
OG0004673_00	GO:0016255,GO:0016020,GO:0042765
OG0004952_00	GO:0005634,GO:0010468
OG0003359_00	GO:0008253,GO:0009166,GO:0006196,GO:0005886,GO:0016787
OG0000923_00	GO:0004601,GO:0005615
OG0002464_00	GO:0031012,GO:0005615
OG0006506_00	GO:0007097,GO:0030424,GO:0005875,GO:0000132,GO:0000922,GO:0000776
OG0005486_00	GO:0062129,GO:0008010
OG0006955_00	GO:0006623,GO:0005770,GO:0034058,GO:0030897
OG0004229_00	GO:0016887,GO:0005634
OG0001073_00	GO:0046875,GO:0007411,GO:0048013,GO:0005886
OG0006223_00	GO:0006457
OG0000547_00	GO:0016435,GO:0005730,GO:0070476
OG0006668_00	GO:0000398,GO:0071013,GO:0034715,GO:0005685,GO:0003723
OG0000279_00	GO:0008299,GO:0005737,GO:0016765,GO:0004337,GO:0004161,GO:0045337
OG0004158_00	GO:0006888,GO:0005793,GO:0005789,GO:0000139,GO:0030134
OG0002884_00	GO:1990542,GO:0006810,GO:0005739
OG0001127_00	GO:0016646,GO:0004074,GO:0042602
OG0001325_00	GO:0003723,GO:0005622,GO:0010529,GO:0004386
OG0004854_00	GO:0000978,GO:0006357,GO:0001228,GO:0005634
OG0005633_00	GO:0000398,GO:0005684
OG0000595_00	GO:0004439,GO:0008962,GO:0004721
OG0008340_00	GO:0003924
OG0006860_00	GO:0016787
OG0002326_00	GO:0000794,GO:0006312,GO:0003690,GO:0003697,GO:0008094,GO:0042148,GO:0007131,GO:0070192,GO:0000730,GO:0000150
OG0009033_00	GO:0005634,GO:0003729
OG0002713_00	GO:0004252,GO:0005794
OG0010282_00	GO:0007186,GO:0004888,GO:0016020,GO:0038039,GO:0007214,GO:0004965
OG0008809_00	GO:0016020,GO:0005789,GO:0015031
OG0010137_00	GO:0099572,GO:0098978,GO:0098962,GO:0060090,GO:0023052
OG0004334_00	GO:0048244,GO:0001561
OG0000253_00	GO:0005886,GO:0004984,GO:0050911,GO:0007608,GO:0016020,GO:0005549
OG0006682_00	GO:0005634
OG0006444_00	GO:0005739
OG0003472_00	GO:0005743,GO:0006879,GO:0055085,GO:0042626,GO:0016020
OG0009715_00	GO:0016020
OG0007154_00	GO:0016324,GO:0016020,GO:0006821,GO:0005254,GO:0005737
OG0000678_00	GO:2000300,GO:0016079,GO:0006886,GO:0031083,GO:0099078,GO:0008333,GO:0008021,GO:0007040,GO:0000149,GO:0032418
OG0005264_00	GO:0004930,GO:0005886,GO:0001973,GO:0007186,GO:0007189
OG0000591_00	GO:0050660,GO:0016491
OG0004850_00	GO:0016598,GO:0004057,GO:0005737
OG0001321_00	GO:0050911,GO:0005549,GO:0016020,GO:0005886,GO:0004984,GO:0007608
OG0008344_00	GO:0045944,GO:0090575,GO:0003713
OG0007085_00	GO:0055085,GO:0016020
OG0005357_00	GO:0000978,GO:0000981,GO:0006357
OG0005784_00	GO:0070006,GO:0035551,GO:0005829
OG0003531_00	GO:0016791,GO:0016311,GO:0004035
OG0002114_00	GO:0016925,GO:0019948,GO:0005737,GO:0031510,GO:0032446
OG0007294_00	GO:0140007,GO:0032006
OG0005195_00	GO:0005634,GO:0003714,GO:0005737
OG0002860_00	GO:0006417,GO:0005730,GO:0003729,GO:0003723
OG0007647_00	GO:0005634
OG0009499_00	GO:0009408,GO:0005737,GO:0042026,GO:0051082,GO:0005634
OG0004438_00	GO:0106034,GO:0005739,GO:0051537
OG0000207_00	GO:0004984,GO:0007608,GO:0005549,GO:0005886,GO:0050911,GO:0016020
OG0001998_00	GO:0000387,GO:0030619,GO:0030620,GO:0015030
OG0000571_00	GO:0003700,GO:0000981,GO:0006355,GO:0005634,GO:0001708,GO:0000978,GO:0000785,GO:0006357
OG0006472_00	GO:0004864,GO:0005737,GO:0035308
OG0004302_00	GO:0000981,GO:0000978,GO:0006357
OG0006674_00	GO:0030141
OG0003484_00	GO:0098609
OG0007766_00	GO:0006357,GO:0000124,GO:0070461,GO:0003713
OG0003762_00	GO:0003729,GO:0000339,GO:0000340,GO:0005634
OG0002769_00	GO:0005739,GO:0032981
OG0005845_00	GO:0005783,GO:0016409,GO:0006612,GO:0019706,GO:0018230,GO:0005794
OG0001575_00	GO:0006635,GO:0005739
OG0008833_00	GO:0140326,GO:0045332,GO:0005886
OG0009277_00	GO:0071763,GO:0006629,GO:0005637
OG0001985_00	GO:0006990,GO:0000977,GO:0005634,GO:0000981
OG0006108_00	GO:0005215,GO:0016020,GO:0005886,GO:0008643,GO:0071702,GO:0015293
OG0004425_00	GO:0005795,GO:0005793,GO:0005783,GO:0006487,GO:0008375
OG0004018_00	GO:0005829,GO:0008180
OG0002110_00	GO:0004714,GO:0007275,GO:0033674,GO:0043235,GO:0005886,GO:0007169
OG0002301_00	GO:0008195,GO:0003713,GO:0044255,GO:0032869,GO:0005634,GO:0009062,GO:0045944,GO:0019432
OG0009344_00	GO:0005549,GO:0007608,GO:0016020,GO:0050911,GO:0004984,GO:0005886
OG0003535_00	GO:0008934,GO:0046855,GO:0006020,GO:0007165
OG0002864_00	GO:0047560,GO:0006666,GO:0030148,GO:0005789
OG0007643_00	GO:0016020,GO:0005829
OG0002208_00	GO:0051015,GO:0005938,GO:0005516,GO:1903479,GO:0005096
OG0007081_00	GO:0005737,GO:0004719,GO:0036211
OG0008927_00	GO:0005576
OG0001083_00	GO:0003777,GO:0007018
OG0005353_00	GO:0008270
OG0005780_00	GO:0006357
OG0002362_00	GO:0070475,GO:0008168,GO:0071424
OG0009114_00	GO:0000981,GO:0000977,GO:0030182,GO:0005634,GO:0006357
OG0002674_00	GO:0031120,GO:0042254,GO:0070034,GO:0030515,GO:0001522,GO:0031429,GO:0031118,GO:1904874
OG0010156_00	GO:0005886
OG0008980_00	GO:0045892,GO:0005634,GO:0003714
OG0000856_00	GO:0016020,GO:0055085
OG0004193_00	GO:0031267,GO:0043087,GO:0005096
OG0005614_00	GO:0000122,GO:0035102,GO:1990841
OG0001100_00	GO:0005739,GO:0052689,GO:0044255
OG0001676_00	GO:0005634,GO:0032452,GO:0006338,GO:0010468,GO:0000785,GO:0051864,GO:0032454
OG0004284_00	GO:0046920,GO:0008417,GO:0016020,GO:0036065,GO:0009101
OG0008363_00	GO:0005739,GO:0000175
OG0006794_00	GO:0005923
OG0008486_00	GO:0003735,GO:0006412,GO:0005840
OG0000183_00	GO:0008374,GO:0008203,GO:0005789
OG0001917_00	GO:0005739,GO:0045454
OG0005243_00	GO:0016020
OG0003608_00	GO:0005747,GO:0032981,GO:0005743,GO:0045271
OG0002957_00	GO:0034969,GO:0016274,GO:0019919,GO:0018216,GO:0042054,GO:0005634,GO:0006338
OG0003064_00	GO:0005829,GO:0022008
OG0003819_00	GO:0045747,GO:0005634
OG0002221_00	GO:0003723,GO:1990904
OG0003235_00	GO:0005737,GO:0004674,GO:0006468
OG0002052_00	GO:0000209
OG0002525_00	GO:0005851,GO:0003743,GO:0031369,GO:0005085
OG0002958_00	GO:0005737,GO:0001736,GO:0060271,GO:0007399,GO:0005929
OG0003607_00	GO:0018342,GO:0008318,GO:0005968,GO:0018344,GO:0004663
OG0003122_00	GO:0097361,GO:0097428,GO:0051604
OG0004794_00	GO:0005829,GO:0033499,GO:0005996,GO:0003978
OG0002667_00	GO:0052856,GO:0005739
OG0009107_00	GO:0000981,GO:0005634,GO:0006357,GO:0000978
OG0000849_00	GO:0004588,GO:0019856,GO:0006222,GO:0004590
OG0009316_00	GO:0004714,GO:0043235,GO:0005886,GO:0007275,GO:0010976,GO:0007169,GO:0033674,GO:0038062,GO:0051897,GO:0005518
OG0010149_00	GO:0043025,GO:0030424,GO:0030425,GO:0007635,GO:0008049
OG0002714_00	GO:0016020,GO:0004984,GO:0005549,GO:0007608,GO:0005886,GO:0050911
OG0003410_00	GO:0032051,GO:0071439,GO:0005938,GO:0006898,GO:0045334
OG0002321_00	GO:0005789,GO:0140284,GO:0099044,GO:0031902,GO:0005765
OG0007494_00	GO:0005615,GO:0031012
OG0009658_00	GO:0006145,GO:0005777,GO:0019628,GO:0004846
OG0001782_00	GO:0004252
OG0003779_00	GO:0005634,GO:1990189,GO:0010485,GO:0043998
OG0010285_00	GO:0007269,GO:0030672
OG0001949_00	GO:0051015,GO:0008360,GO:0030866,GO:0016477,GO:0007010,GO:0005829,GO:0022604
OG0006728_00	GO:0022857,GO:0016020,GO:0055085
OG0004238_00	GO:0031080,GO:0006606,GO:0016973,GO:0000972,GO:0017056
OG0007271_00	GO:0001530,GO:0003723
OG0006944_00	GO:0005762
OG0005479_00	GO:0062129,GO:0008010
OG0006236_00	GO:0097352,GO:0005737
OG0001066_00	GO:0006636,GO:0004768,GO:0005789,GO:0005506,GO:0016717
OG0005339_00	GO:0007030,GO:0043001,GO:0000139
OG0002266_00	GO:0004222,GO:0005886,GO:0006508
OG0007315_00	GO:0009101,GO:0016020,GO:0008417
OG0003593_00	GO:0016020,GO:0005215
OG0005065_00	GO:0016055
OG0009103_00	GO:0005886
OG0000045_00	GO:0050911,GO:0004984,GO:0005549,GO:0005886,GO:0007608,GO:0016020
OG0006026_00	GO:0005634,GO:0006334,GO:0006335,GO:0033186
OG0004932_00	GO:0005868,GO:0045503,GO:0042073,GO:0045504
OG0000442_00	GO:0016491
OG0000635_00	GO:0005737
OG0003334_00	GO:0017136,GO:0005634,GO:0070403
OG0002038_00	GO:0004843,GO:0016579
OG0009839_00	GO:0008017,GO:0007059,GO:0007052,GO:0051382,GO:0007346,GO:0023052,GO:0031616,GO:0005634,GO:0051642,GO:0005737
OG0003143_00	GO:0005634,GO:0140110
OG0002540_00	GO:0008234
OG0005458_00	GO:0030424,GO:0043410,GO:0051897,GO:0043235,GO:0007169,GO:0042593,GO:0005899,GO:0043560,GO:0007275,GO:0005886,GO:0033674,GO:0005009,GO:0004714
OG0006015_00	GO:0036211,GO:0004719,GO:0005737
OG0004134_00	GO:0003729,GO:0006398,GO:0071204,GO:0051028,GO:0071207,GO:0005737
OG0010544_00	GO:0016020,GO:0005267,GO:0071805,GO:0022841,GO:0015271,GO:0030322,GO:0005886
OG0001821_00	GO:0033314,GO:0006270,GO:0003688,GO:0005664
OG0005542_00	GO:0010970,GO:0045503,GO:0005868,GO:0045504,GO:0007018
OG0004259_00	GO:2001268,GO:0042981
OG0002304_00	GO:1990918,GO:0031573,GO:0007129,GO:0006281,GO:0005634,GO:0000793,GO:0070182,GO:0036297
OG0007646_00	GO:0036159,GO:0045503,GO:0060294,GO:0036156,GO:0007018,GO:0045504
OG0005194_00	GO:0006606
OG0005356_00	GO:0051537,GO:0016226,GO:0008199,GO:0034986,GO:0008198,GO:0005739,GO:0006879,GO:0018283,GO:0004322
OG0003008_00	GO:0005615,GO:0005737,GO:0016020
OG0002115_00	GO:0060271,GO:0030992,GO:0042073,GO:0005930,GO:0070507,GO:0008017,GO:0036064
OG0001086_00	GO:0000423,GO:0000045,GO:0043231,GO:1990756,GO:0080008
OG0002861_00	GO:0005680,GO:0016567,GO:0051301,GO:0045842
OG0005785_00	GO:0010468,GO:0000978,GO:0006357,GO:0045165,GO:0003700,GO:0005634,GO:0005737
OG0008922_00	GO:0048856,GO:0000981,GO:0006355,GO:0000978,GO:0003677,GO:0006357
OG0002871_00	GO:0007095,GO:0005634,GO:0043161,GO:0030674
OG0002105_00	GO:0010506,GO:0052629,GO:0016020,GO:0005737,GO:0004438,GO:0046856,GO:0019903
OG0002620_00	GO:0007186,GO:0004930,GO:0032870,GO:0005886,GO:0005000,GO:0042277
OG0009351_00	GO:0034765,GO:1990573,GO:0006813,GO:0005886,GO:0005242,GO:0016020
OG0003506_00	GO:0042147,GO:0000938,GO:0019905,GO:0006896
OG0008954_00	GO:0005886,GO:0035725,GO:0006814,GO:0005272,GO:0016020,GO:0015280
OG0005795_00	GO:0005546,GO:0005737,GO:0031932,GO:0038203,GO:0005886
OG0007285_00	GO:0005737
OG0006449_00	GO:0034464,GO:0060271,GO:0016020,GO:0036064,GO:0031514,GO:0043005,GO:1905515
OG0000335_00	GO:0034722,GO:0046900,GO:0005773,GO:0008242
OG0000911_00	GO:0005634,GO:0005737,GO:0031072
OG0004339_00	GO:0005813,GO:0005814,GO:0051299,GO:1902410,GO:0007099,GO:1902017
OG0009637_00	GO:0005886,GO:0007608,GO:0004984,GO:0050911,GO:0016020,GO:0005549
OG0010011_00	GO:0006357,GO:0000981,GO:0000978
OG0004641_00	GO:0005886,GO:0098703,GO:0015275
OG0007218_00	GO:0019287,GO:0004631,GO:0006695,GO:0005737
OG0008044_00	GO:0000398,GO:0089701,GO:0003723
OG0007474_00	GO:0043491,GO:0051896,GO:0048870,GO:0008285,GO:0042995,GO:0004725,GO:0016314,GO:0006470,GO:0005829,GO:0046856,GO:0016311,GO:0005634,GO:0005886
OG0006590_00	GO:0006046,GO:0008448
OG0002198_00	GO:0000077,GO:0006281
OG0006781_00	GO:0097320,GO:0051666,GO:0008289,GO:0006897,GO:0015629
OG0007009_00	GO:0042054,GO:0006338,GO:0034969,GO:0016274,GO:0070611,GO:0019919,GO:0018216
OG0005601_00	GO:0006812,GO:0008324,GO:0005432,GO:0016020,GO:0006874
OG0005708_00	GO:0006366,GO:0005634,GO:0001046,GO:0016251,GO:0017054
OG0005119_00	GO:0034472,GO:0032039
OG0004480_00	GO:0003735,GO:0006412,GO:0005762
OG0002389_00	GO:0005874,GO:0007017
OG0004291_00	GO:0002098,GO:0033588
OG0005410_00	GO:0047545
OG0003668_00	GO:0005739,GO:0003989,GO:0006633
OG0005006_00	GO:0006189,GO:0005829,GO:0004639
OG0007376_00	GO:0034553,GO:0005739
OG0000200_00	GO:0042277,GO:0070006,GO:0005737,GO:0016020,GO:0008270,GO:0043171,GO:0006508,GO:0005615
OG0000576_00	GO:0005886,GO:0005261,GO:0035725,GO:0086010,GO:0005248,GO:0019228,GO:0001518
OG0004143_00	GO:0007032,GO:0001881,GO:0005802,GO:0055037,GO:0042147,GO:0005769
OG0004305_00	GO:0016567,GO:0004842
OG0006673_00	GO:0045087,GO:0004867,GO:0005615,GO:0019731
OG0003483_00	GO:0000323,GO:0035493,GO:0000149,GO:0005768
OG0004514_00	GO:0005385,GO:0071577,GO:0006882
OG0001628_00	GO:0000132,GO:0005819,GO:0061172
OG0005646_00	GO:0006783,GO:0006784,GO:0005739,GO:0016020,GO:0008495
OG0005233_00	GO:0015718,GO:0008028
OG0007103_00	GO:0016491,GO:0006338,GO:0050660,GO:0008134,GO:0003682
OG0008313_00	GO:0050911,GO:0005886,GO:0004984,GO:0007608,GO:0016020,GO:0005549
OG0008865_00	GO:0072659,GO:0043495,GO:0016324
OG0007712_00	GO:0033565,GO:0043328
OG0005762_00	GO:0005815,GO:0008094,GO:0007131,GO:0000724,GO:0000723,GO:0033063,GO:0042148,GO:0005657,GO:0000400,GO:0003697
OG0007272_00	GO:0005643,GO:0006913,GO:0017056,GO:0008139
OG0007948_00	GO:0043328,GO:0032509,GO:0000814,GO:0043130,GO:0031902
OG0006235_00	GO:0016272,GO:0005737,GO:0006457,GO:0051082
OG0001065_00	GO:0005261,GO:0005886,GO:0032224,GO:0032230
OG0006209_00	GO:0005768
OG0006850_00	GO:0005739,GO:0004408,GO:0018063
OG0007699_00	GO:0005811,GO:0010890,GO:0019915,GO:0005829
OG0007264_00	GO:0035556,GO:0005737,GO:0004860
OG0003784_00	GO:0051015,GO:0031965,GO:0005521,GO:0030473
OG0004671_00	GO:0016175,GO:0042554,GO:0006952,GO:0005886,GO:0043020
OG0000738_00	GO:0005634,GO:0000785,GO:0007064,GO:0061733
OG0004950_00	GO:0008010,GO:0062129
OG0010021_00	GO:0005509
OG0000420_00	GO:0030893,GO:0006302,GO:0051177,GO:0008278,GO:0003682,GO:0007062
OG0003172_00	GO:0003697,GO:0042645,GO:0006260,GO:0051096,GO:0006264,GO:0009295
OG0003323_00	GO:0000981,GO:0005634,GO:0000978,GO:0045944,GO:0003700,GO:0006357
OG0004740_00	GO:0032924,GO:0048185,GO:0071363,GO:0043235,GO:0005886,GO:0017002,GO:0005524,GO:0016020,GO:0007178,GO:0004674,GO:0004675,GO:0006468,GO:0048179
OG0009941_00	GO:0004984,GO:0050911,GO:0007608,GO:0005549,GO:0005886,GO:0016020
OG0002557_00	GO:0006121,GO:0005749,GO:0009055,GO:0000104,GO:0050660,GO:0008177
OG0010370_00	GO:0008168
OG0000069_00	GO:0006633,GO:0004312
OG0001883_00	GO:0005886,GO:0050839,GO:0098609,GO:0005911
OG0000541_00	GO:0004984,GO:0005886,GO:0050911,GO:0007608,GO:0016020,GO:0005549
OG0010113_00	GO:0000329,GO:0016020
OG0000116_00	GO:0005506,GO:0016491
OG0002882_00	GO:0005730,GO:0010521
OG0005161_00	GO:0047631
OG0009082_00	GO:0006357,GO:0005634
OG0007673_00	GO:0005739
OG0005363_00	GO:0050660,GO:0016491
OG0002146_00	GO:0034515,GO:0005634,GO:0043161,GO:0008540
OG0008878_00	GO:0006526,GO:0000050,GO:0005524,GO:0000053,GO:0005737,GO:0004055
OG0005679_00	GO:0015718,GO:0008028
OG0007071_00	GO:0008045
OG0010111_00	GO:0045165,GO:0005125,GO:0005615,GO:0030182,GO:0007275,GO:0005576,GO:0005102,GO:0060070,GO:0005109,GO:0016055
OG0001881_00	GO:0045892,GO:0005634,GO:0034244,GO:0032021
OG0006354_00	GO:0003682,GO:0045892,GO:0042393,GO:0005634
OG0002880_00	GO:0043005
OG0000114_00	GO:0016020
OG0000811_00	GO:0005634,GO:0006355,GO:0000124,GO:0006281,GO:0035267
OG0003415_00	GO:0004601
OG0008946_00	GO:0009249,GO:0033819
OG0002324_00	GO:0006424,GO:0005739,GO:0004818
OG0010280_00	GO:0050806,GO:0048788,GO:0044325,GO:0042391,GO:0016020,GO:0048791,GO:0006887,GO:0031267,GO:0048167,GO:0042734
OG0007491_00	GO:0004984,GO:0007608,GO:0050911,GO:0005886,GO:0016020,GO:0005549
OG0001787_00	GO:0005544,GO:0005886,GO:0005634,GO:0005737,GO:0012506,GO:0001786,GO:0032509
OG0003760_00	GO:0008080
OG0008831_00	GO:0005634,GO:0006357,GO:0000978,GO:0000981,GO:0000977
OG0008174_00	GO:0005634,GO:0006357
OG0005847_00	GO:0007064
OG0004056_00	GO:0048468,GO:0019901,GO:0090090,GO:0031625,GO:0005634,GO:0030877,GO:0005886,GO:0008013,GO:0060090,GO:0032436,GO:0045860
OG0001433_00	GO:0031369,GO:0071541,GO:0006413,GO:0003743
OG0000650_00	GO:0090307,GO:0072686,GO:0005634,GO:0008574,GO:0005876,GO:0051231
OG0001349_00	GO:0046403,GO:0046939,GO:0046404,GO:0003690,GO:0006281
OG0004878_00	GO:0005737,GO:0018342
OG0005449_00	GO:0034727,GO:0051697,GO:0016485,GO:0004197,GO:0000045,GO:0005737,GO:0000423,GO:0008234,GO:0019786,GO:0006501,GO:0035973
OG0001360_00	GO:0006405,GO:0017056,GO:0044611,GO:0036228,GO:0006913,GO:0000972,GO:0005643,GO:0006606
OG0001658_00	GO:0006096,GO:0051156,GO:0004347,GO:0048029,GO:0006094,GO:0005829
OG0005988_00	GO:0005615,GO:0031012,GO:0010033,GO:0008191,GO:0010951,GO:0002020,GO:0051045
OG0006615_00	GO:0019901,GO:0090443,GO:0043406,GO:1903358
OG0000886_00	GO:0005730,GO:0000463,GO:0000027,GO:0019843,GO:0000470
OG0004576_00	GO:0007608,GO:0050911,GO:0016020,GO:0005886,GO:0004984,GO:0005549
OG0001816_00	GO:0005770,GO:0031267,GO:2000641,GO:0015031,GO:0005085
OG0004125_00	GO:0006888
OG0001162_00	GO:0034657,GO:0043161
OG0010312_00	GO:0015459,GO:0008076,GO:1901379,GO:0044325
OG0004722_00	GO:0051787,GO:0071818,GO:0036503,GO:0031593
OG0010468_00	GO:0030154,GO:0004879,GO:0000122,GO:0000978,GO:0045944,GO:0009755
OG0009206_00	GO:0005737
OG0009475_00	GO:0016491,GO:0050660
OG0003697_00	GO:0043130,GO:0006355
OG0004646_00	GO:0018105,GO:0005634,GO:0005956,GO:0004674,GO:0006468,GO:0051726,GO:0018107,GO:0005829
OG0006099_00	GO:0051897,GO:0007275,GO:0033674,GO:0043235,GO:0007169,GO:0005886,GO:0010976,GO:0007409
OG0000916_00	GO:0004386,GO:0003723,GO:0005622,GO:0010529
OG0002437_00	GO:0004714,GO:0007169,GO:0005886,GO:0007275,GO:0033674,GO:0043235
OG0003478_00	GO:0000124,GO:0051123,GO:0003713,GO:0006367,GO:0005669,GO:0016251,GO:0046695
OG0006688_00	GO:0004024,GO:0005829,GO:0046294,GO:0051903,GO:0008270
OG0000332_00	GO:0016829
OG0000259_00	GO:0004252
OG0003758_00	GO:0060271,GO:0036038
OG0001561_00	GO:0005886,GO:0019905,GO:0031201,GO:0006887,GO:0031629,GO:0005484,GO:0016082,GO:0006906
OG0003633_00	GO:0005769,GO:0007032,GO:0055037,GO:0042147,GO:0005802,GO:0001881
OG0005851_00	GO:0019900,GO:0019722,GO:0005509
OG0003840_00	GO:0045905,GO:0018126,GO:0005634,GO:0016706,GO:0005737,GO:0043565
OG0009795_00	GO:0016020,GO:0005886,GO:0007608,GO:0005549,GO:0050911,GO:0004984
OG0007083_00	GO:0003723,GO:0005654,GO:0000785,GO:0010468
OG0003968_00	GO:0005747
OG0008925_00	GO:0008049,GO:0030425,GO:0043025,GO:0030424,GO:0007635
OG0009346_00	GO:0005615,GO:0031012
OG0008749_00	GO:0005615,GO:0031012
OG0002303_00	GO:1990756,GO:0019005
OG0001081_00	GO:0003724,GO:0004386,GO:0005622,GO:0000390,GO:0071013,GO:0003723
OG0005351_00	GO:0005794,GO:0005783
OG0002126_00	GO:0060294,GO:0035082,GO:0060271,GO:0001534,GO:0005930,GO:0003341
OG0007653_00	GO:0071617,GO:0006656,GO:0016746,GO:0016020,GO:0030258,GO:0047184
OG0005185_00	GO:0001650,GO:0005655,GO:0030681,GO:0000172,GO:0001682,GO:0004526,GO:0033204
OG0002742_00	GO:0000932,GO:0006397,GO:0071013,GO:1990726,GO:0003723,GO:0071011,GO:0000398,GO:0005688,GO:0046540
OG0009787_00	GO:0003735,GO:0006412,GO:0005840,GO:0022627
OG0008937_00	GO:0003714,GO:0000118,GO:0006357
OG0002315_00	GO:0006886,GO:0005829,GO:0034066,GO:0000139,GO:0042147
OG0001093_00	GO:0003735,GO:0006412,GO:0005840,GO:0002181,GO:0003723
OG0001282_00	GO:0005743,GO:0006207,GO:0009220,GO:0004152
OG0007095_00	GO:0032589,GO:0050808
OG0006954_00	GO:0005747
OG0004417_00	GO:0005743,GO:0032977,GO:0032979,GO:0051205,GO:0016020,GO:0033617
OG0007975_00	GO:0032981,GO:0005739
OG0001072_00	GO:0003938,GO:0006164,GO:0005737,GO:0006183
OG0004228_00	GO:0016020,GO:0022857,GO:0055085
OG0006222_00	GO:0005737,GO:0005634
OG0006738_00	GO:0000398,GO:0005689
OG0005487_00	GO:0006644,GO:0004620
OG0008351_00	GO:0050911,GO:0004984,GO:0007608,GO:0005886,GO:0016020,GO:0005549
OG0006058_00	GO:0003713,GO:0005634,GO:0006366
OG0004845_00	GO:0007030,GO:0048213,GO:0017119,GO:0006890
OG0001352_00	GO:0016791,GO:0016311,GO:0050124,GO:0046380
OG0006487_00	GO:0006457,GO:0140662,GO:0051082,GO:0016887,GO:0005524
OG0005507_00	GO:0004252
OG0005271_00	GO:0071013,GO:0000245,GO:0005686,GO:0071004
OG0001110_00	GO:0004672
OG0003670_00	GO:0008475,GO:0005783,GO:0017185
OG0004882_00	GO:0005829,GO:0003978,GO:0033499,GO:0005996
OG0001522_00	GO:0005524,GO:0005737,GO:0006423,GO:0004817
OG0005812_00	GO:0005829
OG0003883_00	GO:0007165
OG0003999_00	GO:0000381,GO:0005634,GO:0071011,GO:0003723
OG0008572_00	GO:0006357,GO:0000978,GO:0003700
OG0001413_00	GO:0000123,GO:0043966,GO:0045944,GO:0140672,GO:0006338,GO:0004402,GO:0010484
OG0007688_00	GO:0006355,GO:0005634,GO:0003700,GO:0000987
OG0006218_00	GO:0032008,GO:0071986,GO:0071230,GO:0005764,GO:0005085
OG0005398_00	GO:0000978,GO:0006357,GO:0005654,GO:0002682,GO:0001817,GO:0000122,GO:0001227
OG0001048_00	GO:0002926,GO:0000049,GO:0005829,GO:0033588,GO:0002098
OG0006867_00	GO:0061630,GO:0051092,GO:0005634,GO:0016567
OG0000483_00	GO:0004867,GO:0005615
OG0007405_00	GO:0003697,GO:1902975,GO:0005524,GO:0005634,GO:0000727,GO:0003677,GO:0042555,GO:0006271,GO:0017116
OG0006284_00	GO:0032154,GO:0030496,GO:0044878,GO:0005813,GO:0009838,GO:0032266
OG0005829_00	GO:0005739,GO:1905706,GO:0016279,GO:1905273,GO:0018023
OG0008264_00	GO:0006457,GO:0051082,GO:0005737
OG0001308_00	GO:0001731,GO:0003743
OG0001630_00	GO:0005745,GO:0034982
OG0005304_00	GO:0032543,GO:0003723,GO:0003735,GO:0005763
OG0008893_00	GO:0070593,GO:0098632,GO:0007156,GO:0030424,GO:0005886,GO:0007411
OG0002785_00	GO:0006402,GO:0000175,GO:0000932,GO:0010587
OG0001519_00	GO:0008194
OG0001245_00	GO:0004061
OG0003581_00	GO:0005975,GO:0036065,GO:0006486,GO:0016020,GO:0008107
OG0007826_00	GO:0005634,GO:0006357,GO:0000981,GO:0000977,GO:0030182
OG0002182_00	GO:0005829
OG0007202_00	GO:0004722,GO:0006470
OG0004059_00	GO:0005737,GO:0035556,GO:0004674,GO:0050321,GO:0000226
OG0000280_00	GO:0007608,GO:0005549,GO:0005886,GO:0016020,GO:0050911,GO:0004984
OG0006149_00	GO:0062023,GO:0005615,GO:0030198,GO:0030020,GO:0031012
OG0005575_00	GO:0006357,GO:0005634,GO:0000978,GO:0003700
OG0001346_00	GO:0004222,GO:0006508,GO:0031012,GO:0030198
OG0008587_00	GO:0070761,GO:0000463,GO:0005634,GO:0048254,GO:0000492
OG0004877_00	GO:0000139,GO:0015165,GO:0090481,GO:0016020
OG0004385_00	GO:0048205
OG0003716_00	GO:0005739,GO:0005737,GO:0000266,GO:0003924,GO:0005874,GO:0048312,GO:0006897,GO:0016020,GO:0008017,GO:0016559
OG0003019_00	GO:0005739,GO:0006108,GO:0006090,GO:0004470,GO:0004473
OG0003132_00	GO:0061630,GO:0005634,GO:0006511
OG0000375_00	GO:0050660,GO:0016491
OG0009677_00	GO:0004252
OG0004780_00	GO:0005764
OG0010311_00	GO:0005739,GO:0016702
OG0008695_00	GO:0036038,GO:0060271
OG0009205_00	GO:0006487,GO:0009312,GO:0005795,GO:0008455,GO:0016020,GO:0000139
OG0003247_00	GO:0016973,GO:0070390,GO:0000973,GO:0006368,GO:0003723,GO:0003690
OG0009476_00	GO:0005737,GO:0045505,GO:0007018,GO:0005868
OG0004668_00	GO:0036513,GO:0043161,GO:0012505,GO:0061630,GO:0036503
OG0002459_00	GO:0035091,GO:0043231
OG0009327_00	GO:0005634,GO:0000978,GO:0006357,GO:0004879
OG0002634_00	GO:0006508,GO:0031012,GO:0004222,GO:0030198
OG0003516_00	GO:0004775,GO:0004776,GO:0005739,GO:0006099,GO:0009361
OG0003945_00	GO:0030154
OG0002568_00	GO:0055085,GO:0016020
OG0004759_00	GO:0005829,GO:0006189,GO:0004643,GO:0006164,GO:0003937
OG0002010_00	GO:0000978,GO:0006357,GO:0000981,GO:0005634
OG0000265_01	GO:0015630,GO:0005634,GO:0060271,GO:0060294
OG0008165_00	GO:0051897,GO:0043539,GO:0038203,GO:0031932,GO:0031929
OG0003771_00	GO:0005840,GO:0005762,GO:0006412,GO:0003735
OG0001683_00	GO:0016020,GO:0005549,GO:0007608,GO:0004984,GO:0005886,GO:0050911
OG0003491_00	GO:0090599,GO:0006491,GO:0004553
OG0006661_00	GO:0006384,GO:0000127,GO:0004402
OG0004151_00	GO:0006457,GO:0030150,GO:0051087,GO:0050821,GO:0005739
OG0006359_00	GO:0008235,GO:0006508
OG0005331_00	GO:0005762,GO:0016150,GO:0004045,GO:0070126
OG0002792_00	GO:0005739,GO:0048821,GO:0003870,GO:0042541,GO:0006783
OG0002176_00	GO:0005615,GO:0016042,GO:0016298
OG0001252_00	GO:0016592,GO:0045893
OG0008251_00	GO:0034454,GO:0005813,GO:0072393,GO:0005815
OG0007412_00	GO:0000981,GO:0006357,GO:0005634
OG0007027_00	GO:0004828,GO:0000166,GO:0006434,GO:0005524
OG0007621_00	GO:0003682,GO:0005634,GO:0010369
OG0008729_00	GO:0005929,GO:0036064,GO:0008017
OG0000944_00	GO:0032040,GO:0006364,GO:0034388
OG0000405_00	GO:0016020,GO:0050911,GO:0007608,GO:0004984,GO:0005549,GO:0005886
OG0000229_00	GO:0005737,GO:0070006,GO:0006508,GO:0008270,GO:0016020,GO:0043171,GO:0005615,GO:0042277
OG0001495_00	GO:0045910,GO:0005634,GO:0003690,GO:0031492,GO:0030261
OG0006120_00	GO:0004085,GO:0046359,GO:0033539,GO:0003995,GO:0005739
OG0004975_00	GO:0042276,GO:0006261,GO:0008622,GO:0003677
OG0003372_00	GO:0004576,GO:0016020,GO:0043687,GO:0018279,GO:0004579,GO:0009101
OG0005070_00	GO:0006612,GO:0043162,GO:0000813,GO:0006623
OG0003285_00	GO:0043161,GO:0036503,GO:0012505,GO:0061630
OG0001548_00	GO:0005739,GO:1903108,GO:0003723
OG0007300_00	GO:0006105,GO:0034553,GO:0005739,GO:0005758
OG0005878_00	GO:0005739
OG0003656_00	GO:0016020
OG0008362_00	GO:0004930,GO:0043410,GO:0005886,GO:0004989,GO:0071880
OG0001677_00	GO:0050830,GO:0045087,GO:0034142,GO:0008063,GO:0005886,GO:0002755,GO:0043123,GO:0070976,GO:0035325
OG0005615_00	GO:0005737,GO:0007155,GO:0003779,GO:0030031,GO:0005925,GO:0071963,GO:0015629,GO:0030036,GO:0034446
OG0006795_00	GO:0006357,GO:0005634,GO:0000978,GO:0001228
OG0004285_00	GO:0043231,GO:0035091
OG0007172_00	GO:0033207,GO:0006688,GO:0016757,GO:0070085,GO:0005975,GO:0033842,GO:0008378,GO:0005794
OG0007918_00	GO:0005886,GO:0007608,GO:0050911,GO:0016020,GO:0005549,GO:0004984
OG0005426_00	GO:0005634
OG0008487_00	GO:0005846,GO:0000398,GO:0045292,GO:0000339
OG0005242_00	GO:0016020
OG0005216_00	GO:0048255,GO:0005634,GO:0007144,GO:0051321,GO:0005737,GO:0007141
OG0000589_00	GO:0016020,GO:0005886,GO:0007608,GO:0050911,GO:0004984,GO:0005549
OG0008336_00	GO:0071949,GO:0005829,GO:0035999,GO:0009086,GO:0004489
OG0007126_00	GO:0035871,GO:0070530,GO:0004843,GO:0005737,GO:0071947,GO:0070536,GO:0005634,GO:0071108
OG0001137_00	GO:0016020
OG0005623_00	GO:0005504,GO:0055088,GO:0003997,GO:0071949,GO:0005777,GO:0006631,GO:0050660,GO:0033540
OG0001339_00	GO:0005576,GO:0005125,GO:0005615
OG0003871_00	GO:0060070,GO:0030182,GO:0045165,GO:0016055,GO:0005109,GO:0007275,GO:0005125,GO:0005576,GO:0005102,GO:0005615
OG0008603_00	GO:0005262,GO:0051480,GO:0070588,GO:0070679,GO:0034703,GO:0016020,GO:0015279,GO:0005886
OG0005046_00	GO:0005743,GO:0005747,GO:0006120,GO:0045271
OG0007336_00	GO:0006367,GO:0005669
OG0003620_00	GO:0016477,GO:0030866,GO:0048812,GO:0030031,GO:0031209,GO:0000902
OG0002249_00	GO:0015179,GO:0003333,GO:0005774,GO:0016020
OG0002973_00	GO:0006433,GO:0005739,GO:0004827
OG0009293_00	GO:0019205,GO:0006139,GO:0005524
OG0003586_00	GO:0003714,GO:0003682,GO:0010923,GO:0019212,GO:0000122
OG0007520_00	GO:0062129,GO:0008010
OG0005328_00	GO:0016020,GO:0022857,GO:0055085
OG0005715_00	GO:0070545,GO:0042254,GO:0005730,GO:0000463,GO:0003723
OG0008059_00	GO:0005634,GO:0001228,GO:0006357,GO:0000978
OG0001737_00	GO:0140662
OG0007469_00	GO:0062129,GO:0008010
OG0005167_00	GO:0035591,GO:0030971,GO:0016477,GO:0007167,GO:0048013,GO:0005737
OG0007424_00	GO:0005783,GO:0051480
OG0001772_00	GO:0030488,GO:0005829
OG0008205_00	GO:0005544,GO:0005886,GO:0017156,GO:0070382,GO:0030276,GO:0048791,GO:0048488,GO:0005509,GO:0000149,GO:0001786,GO:0031045,GO:0030424,GO:0030672
OG0002140_00	GO:1901890,GO:0045807,GO:0002090,GO:0070528,GO:0016600,GO:0072659,GO:2000049,GO:0031410,GO:0005886,GO:0002020
OG0000006_03	GO:0004984,GO:0050911,GO:0005549,GO:0007608,GO:0016020,GO:0005886
OG0001264_00	GO:0005886,GO:0005254,GO:1902476
OG0007675_00	GO:0005747
OG0003543_00	GO:0015986,GO:0005753,GO:0015078
OG0008429_00	GO:0003729,GO:0005634
OG0004783_00	GO:0006511,GO:0043161,GO:0005737,GO:0061630,GO:0016567
OG0003715_00	GO:0010468,GO:0005634,GO:0045944
OG0003229_00	GO:0019901,GO:0004860,GO:0006469,GO:0005730,GO:0003725
OG0006502_00	GO:0003729,GO:0034063,GO:0033962,GO:0000932
OG0006951_00	GO:0043130,GO:0000813,GO:0008333
OG0005482_00	GO:0005509
OG0007970_00	GO:0035145,GO:0071013,GO:0008380
OG0001077_00	GO:0012505
OG0006227_00	GO:0005543
OG0006512_00	GO:0032979,GO:0051205,GO:0005743,GO:0016020,GO:0032977
OG0006408_00	GO:0005886,GO:0008324
OG0009485_00	GO:0005886,GO:0042391,GO:0005249,GO:0071805
OG0004402_00	GO:0042796,GO:0045945,GO:0042795
OG0005492_00	GO:0062023,GO:0031012,GO:0030198,GO:0030020,GO:0005615
OG0005683_00	GO:0007026,GO:0008017,GO:0090090,GO:0001708,GO:0005881,GO:0007399,GO:0016342,GO:0030877,GO:0008013,GO:0045295,GO:0030178,GO:0016477,GO:0007389
OG0007964_00	GO:0008320,GO:0005744,GO:0030150,GO:0022857
OG0006967_00	GO:0010468,GO:0005634
OG0005588_00	GO:0006886
OG0000872_00	GO:0000398,GO:0003729,GO:0071013
OG0009303_00	GO:0005840,GO:0017148,GO:0003735,GO:0006412,GO:0022625,GO:0003729
OG0004689_00	GO:0008429,GO:0005544,GO:0031210,GO:0005509,GO:0035091,GO:0005789
OG0008458_00	GO:0004674
OG0005978_00	GO:0030620,GO:0000398,GO:0005686
OG0008960_00	GO:0005576,GO:0008430,GO:0001887
OG0007594_00	GO:0031032,GO:0005856
OG0009174_00	GO:0006470,GO:0043409,GO:0008138,GO:0033549,GO:0005737
OG0000329_00	GO:0044666,GO:0000978,GO:0031490,GO:0071557,GO:0071558,GO:0010468
OG0003254_00	GO:0032040,GO:0005730,GO:0019843,GO:0000462,GO:0034511,GO:0006364
OG0009403_00	GO:0000978,GO:0005634,GO:0000981,GO:0006357,GO:0009952
OG0002037_00	GO:0005778,GO:0005777,GO:0045046,GO:0033328
OG0008254_00	GO:0003735,GO:0006412,GO:0005840
OG0002098_00	GO:1990883,GO:1904812,GO:0030686,GO:0008080,GO:0005730,GO:0000049
OG0005068_00	GO:0015271,GO:0022841,GO:0005267,GO:0030322,GO:0071805,GO:0005886,GO:0016020
OG0002173_00	GO:0005794,GO:0000139,GO:0016020
OG0005334_00	GO:0051298,GO:0005813,GO:0005819,GO:0005634,GO:0051225
OG0002797_00	GO:0006888,GO:0007030,GO:0031267,GO:0005794
OG0007417_00	GO:0015379,GO:0055075,GO:0015377,GO:0006811,GO:0055064,GO:0016020,GO:0006884,GO:1902476
OG0008027_00	GO:0050727,GO:0004197,GO:0072559,GO:0072557,GO:0097169,GO:0006508
OG0001701_00	GO:0005634,GO:0002039,GO:0042981
OG0001257_00	GO:0008239
OG0007318_00	GO:0005737
OG0009489_00	GO:0000786,GO:0030527,GO:0003677
OG0004507_00	GO:0000176,GO:0000177,GO:0071051,GO:0005730,GO:0034475,GO:0034427,GO:0071028,GO:0003723,GO:0016075
OG0006404_00	GO:0006631,GO:0000062
OG0009755_00	GO:0005634,GO:0006357
OG0000132_00	GO:0007608,GO:0004984,GO:0016020,GO:0050911,GO:0005549,GO:0005886
OG0001867_00	GO:0034450,GO:0000209,GO:0005634,GO:0005737,GO:0090263
OG0007968_00	GO:0031514,GO:0044782,GO:0005737
OG0000561_00	GO:0008080
OG0005584_00	GO:0005615,GO:0004720,GO:0018057
OG0002085_00	GO:0015171,GO:0015189,GO:0000064,GO:0061459,GO:0097638,GO:0005886,GO:0006865,GO:1903352
OG0008128_00	GO:0052742,GO:0048015,GO:0005737,GO:0046854,GO:0016020,GO:0004430
OG0003653_00	GO:0004672
OG0007738_00	GO:0005794,GO:0006493,GO:0004653
OG0007305_00	GO:0030968,GO:0055074,GO:0005789
OG0005075_00	GO:0016589,GO:0071339
OG0003389_00	GO:0005840,GO:0003735,GO:0006412
OG0001444_00	GO:0016020
OG0006819_00	GO:0031032,GO:0005856
OG0007889_00	GO:0006897,GO:0005737,GO:0016567,GO:0007219
OG0009263_00	GO:0005634,GO:0003677,GO:0005524,GO:0000978,GO:0000981,GO:0006355
OG0000765_00	GO:0007051,GO:0005516,GO:0000922,GO:0000278,GO:0051295
OG0009271_00	GO:0051015,GO:0008013,GO:0016477,GO:0016342,GO:0098609,GO:0005912
OG0004423_00	GO:0005547,GO:0005737
OG0009569_00	GO:0071567
OG0000012_00	GO:0006508,GO:0004190
OG0001983_00	GO:0005730,GO:0032040,GO:0006364
OG0006533_00	GO:0047238,GO:0008376,GO:0030206
OG0009320_00	GO:0003714,GO:0045666,GO:0005634,GO:0045746
OG0007397_00	GO:0006400,GO:0005634,GO:0016432
OG0009153_00	GO:0005886,GO:0043542,GO:0007266,GO:0030139,GO:0030424
OG0003278_00	GO:0006338,GO:0006261,GO:0008623,GO:0005634
OG0003029_00	GO:0008467,GO:0008146
OG0002633_00	GO:0043130,GO:0043161,GO:0005634
OG0002017_00	GO:0016020,GO:0012505
OG0003942_00	GO:0031410,GO:0032483
OG0003511_00	GO:0005743
OG0004094_00	GO:0000785,GO:0000122,GO:0003682,GO:0035064,GO:0035102
OG0006184_00	GO:0015803,GO:0015658,GO:0009083,GO:0005739
OG0010455_00	GO:0034975,GO:0005783,GO:0005789,GO:0015035,GO:0016972,GO:0071949
OG0003312_00	GO:0006357,GO:0003713,GO:0000124
OG0003161_00	GO:0005634
OG0002427_00	GO:0098609
OG0006082_00	GO:0003735,GO:0032543,GO:0005763
OG0000695_00	GO:0005525,GO:0005886,GO:0005246
OG0002428_00	GO:0016311,GO:0016791
OG0000242_00	GO:0005829,GO:0051059,GO:0007253,GO:0071356
OG0009609_00	GO:0008092,GO:0031344
OG0009248_00	GO:0000146,GO:0051015,GO:0005737,GO:0015629,GO:0016020,GO:0007015
OG0006919_00	GO:0007051,GO:0005813
OG0000702_00	GO:0043235,GO:0006898,GO:0016324,GO:0042562,GO:0005886
OG0003192_00	GO:0004842,GO:0005737,GO:0051603
OG0006111_00	GO:0051536,GO:0005506,GO:0016226
OG0004001_00	GO:0007064,GO:0031415
OG0009463_00	GO:0005634,GO:0030182,GO:0000978,GO:0048468,GO:0000981,GO:0006357
OG0009816_00	GO:0005886,GO:0004930
OG0004460_00	GO:0005762,GO:0003735
OG0000859_00	GO:0005911,GO:0005886,GO:0050839,GO:0098609
OG0009232_00	GO:0005737,GO:0019878,GO:0004753
OG0002049_00	GO:0005262,GO:0070588,GO:0005886,GO:0008273,GO:0006874
OG0003617_00	GO:0031966,GO:0008654,GO:0005778,GO:0008611,GO:0016287,GO:0006631,GO:0019432,GO:0006629,GO:0004366,GO:0008374
OG0003052_01	GO:0006355,GO:0003723
OG0002531_00	GO:0006355
OG0002521_00	GO:0005634,GO:0030833,GO:0048813,GO:0030027,GO:0032433,GO:0003785,GO:0051015,GO:0030425,GO:0051489
OG0002059_00	GO:0005737
OG0003126_00	GO:0043015,GO:0000922,GO:0051225,GO:0007020,GO:0000226,GO:0000930,GO:0051011,GO:0000278,GO:0051321,GO:0031122,GO:0005815
OG0003812_00	GO:0042795,GO:0000987,GO:0032968,GO:0008023
OG0004790_00	GO:0008254,GO:0012505
OG0001415_00	GO:1990573,GO:0055075,GO:0015379,GO:0055078,GO:0055064,GO:0015377,GO:0035725,GO:0016020,GO:0006811,GO:0006884,GO:1902476,GO:0008511
OG0006861_00	GO:0016409
OG0000485_00	GO:0005886,GO:0007190,GO:0007189,GO:0009755,GO:0008528
OG0001320_00	GO:0005319
OG0005636_00	GO:0051092,GO:0018105,GO:0045944,GO:0004674,GO:0008385,GO:0005737,GO:0008384,GO:0033209
OG0005265_00	GO:0030015
OG0000590_00	GO:0045835,GO:0007088,GO:0005634
OG0001122_00	GO:0005737,GO:0002953
OG0007155_00	GO:0003723,GO:0003677,GO:0042273,GO:0005730,GO:0042274
OG0001116_00	GO:0006302,GO:0005634,GO:0035861,GO:0003906,GO:0008408
OG0007147_00	GO:0008180,GO:0006511
OG0006481_00	GO:0005096,GO:0005776,GO:0090630,GO:1901096
OG0001354_00	GO:0120147,GO:0018158,GO:0005783
OG0004843_00	GO:0000398
OG0005501_00	GO:0005576
OG0007838_00	GO:0051457,GO:0042531,GO:0005758
OG0001663_00	GO:0043021,GO:0070545,GO:0030687,GO:0042254,GO:0000463
OG0006594_00	GO:0000977,GO:0006357,GO:0000981,GO:0005634
OG0004295_00	GO:0003333,GO:0005774,GO:0015179,GO:0016020
OG0004484_00	GO:0008143,GO:0003723,GO:0031251,GO:0000932,GO:0000289
OG0001924_00	GO:0046856,GO:0043231,GO:0043813
OG0008040_00	GO:0012505
OG0000328_00	GO:0070481,GO:0070651,GO:0071025,GO:0070966,GO:0032790,GO:0005737
OG0008683_00	GO:0048471,GO:0007010,GO:0006997,GO:0007097,GO:0005635,GO:0019894
OG0000074_00	GO:0005549,GO:0005886,GO:0004984,GO:0016020,GO:0007608,GO:0050911
OG0002036_00	GO:0030276,GO:0016020,GO:0007165,GO:0005768
OG0009837_00	GO:0006355,GO:0003677
OG0003245_00	GO:0006400,GO:0036265,GO:0043527,GO:0005829,GO:0005634
OG0010313_00	GO:0000977,GO:0006357,GO:0000981
OG0003696_00	GO:0006408,GO:0005634
OG0006405_00	GO:0005829,GO:0004045
OG0000560_00	GO:0008299,GO:1990234,GO:0004659,GO:0006744,GO:0005739
OG0006373_00	GO:0006281,GO:0030896,GO:0000077
OG0001866_00	GO:0005730,GO:0045943,GO:0006364
OG0004506_00	GO:0007411,GO:0007156,GO:0070593,GO:0030424,GO:0098632,GO:0005886
OG0005585_00	GO:0038039,GO:0004888,GO:0007214,GO:0016020,GO:0007186,GO:0004965
OG0000133_00	GO:0000209,GO:0000151,GO:0036503,GO:0005634,GO:0034450,GO:0005737
OG0009488_00	GO:0016020
OG0004375_00	GO:0005516
OG0003571_00	GO:0018812,GO:0030148,GO:0042761,GO:0030497,GO:0005789
OG0003926_00	GO:0072659,GO:0005886,GO:0046854
OG0001762_00	GO:0000775,GO:0051233,GO:0000070,GO:0032133
OG0007870_00	GO:0003723
OG0008707_00	GO:0005886
OG0002244_00	GO:0005886,GO:0007156
OG0002436_00	GO:0000122,GO:0017054,GO:0140223,GO:0017025,GO:0016251,GO:0051123
OG0000917_00	GO:0043966,GO:0045944,GO:0000123,GO:0006338,GO:0010484,GO:0004402,GO:0140672
OG0006689_00	GO:0005747,GO:0022900
OG0004647_00	GO:0005737
OG0006098_00	GO:0008033,GO:0005655,GO:0003723
OG0009988_00	GO:0042026,GO:0005634,GO:0009408,GO:0051082,GO:0005737
OG0001056_00	GO:0005634
OG0004240_00	GO:0120212,GO:0007283,GO:0032027
OG0001953_00	GO:0032039,GO:0034472
OG0005386_00	GO:0003723,GO:0043066,GO:0005634
OG0007696_00	GO:0043248
OG0005463_00	GO:0003723
OG0009123_00	GO:0030154,GO:0000981,GO:0005634,GO:0003700,GO:0006357
OG0002643_00	GO:0031462
OG0005025_00	GO:0036064,GO:0042073,GO:0005930,GO:0030992
OG0001476_00	GO:0016192,GO:0016020
OG0003606_00	GO:0006355,GO:0005634
OG0003123_00	GO:0016491,GO:0046592
OG0003817_00	GO:0016197,GO:0071203,GO:0005768,GO:0007032
OG0002524_00	GO:0032874
OG0002959_00	GO:0045944,GO:0008134,GO:0016592,GO:0003713
OG0006303_00	GO:0005844
OG0001386_00	GO:0070125,GO:0003924,GO:0005739,GO:0003746
OG0000143_00	GO:0016020,GO:0005886,GO:0004984,GO:0007608,GO:0050911,GO:0005549
OG0001834_00	GO:0004814,GO:0006420,GO:0005524
OG0004554_00	GO:0051864,GO:0032453,GO:0005730
OG0008190_00	GO:1902093,GO:0097730,GO:0097225
OG0006008_00	GO:0003723,GO:0003729,GO:0034063,GO:0010494
OG0004837_00	GO:0008474,GO:0002084,GO:0016790,GO:0005764,GO:0006898,GO:0043231
OG0006435_00	GO:0019888,GO:0000159
OG0001597_00	GO:0003999,GO:0005737,GO:0016208,GO:0002055,GO:0044209,GO:0006168
OG0004173_00	GO:0005634,GO:0006357
OG0010055_00	GO:0050911,GO:0007608,GO:0005549,GO:0005886,GO:0016020,GO:0004984
OG0004029_00	GO:0032543,GO:0005762,GO:0006412,GO:0003735
OG0009538_00	GO:0005886,GO:0016020,GO:0004984,GO:0050911,GO:0007608,GO:0005549
OG0006643_00	GO:0007264,GO:0005525
OG0004946_00	GO:0044183,GO:0005759,GO:0034551
OG0000955_00	GO:0003724,GO:0005829
OG0002474_00	GO:0006606
OG0010503_00	GO:0005739
OG0007276_00	GO:0015811,GO:0005765,GO:0005774,GO:0015184
OG0005766_00	GO:0000422,GO:0061709,GO:0005829,GO:0000407,GO:0004674,GO:0010508,GO:0034727,GO:0005737,GO:0042594,GO:0018105,GO:0046777,GO:0010506,GO:0034045,GO:0000045,GO:0048675,GO:0005776,GO:0016020
OG0003509_00	GO:0031209,GO:0035591,GO:0098858,GO:0048870,GO:0001764,GO:0030027,GO:0017124
OG0002924_00	GO:0022904,GO:0009060,GO:0031966
OG0003206_00	GO:0009982,GO:0031119
OG0009437_00	GO:0009410,GO:0034751,GO:0005634,GO:0006805,GO:0006357,GO:0004879,GO:0000976
OG0002212_00	GO:0006309,GO:0004521,GO:0004519,GO:0005743,GO:0005634,GO:0000014
OG0008654_00	GO:0007009
OG0009860_00	GO:0015718,GO:0008028
OG0007201_00	GO:0000981,GO:0006357,GO:0005634,GO:0035259,GO:0000978,GO:0071376,GO:0005667
OG0001864_01	GO:0000138,GO:0005797,GO:0016020
OG0001939_00	GO:0005858,GO:0051959,GO:0007018,GO:0045505,GO:0030286
OG0005711_00	GO:0006559,GO:1902000,GO:0006572,GO:0009072,GO:0004334
OG0008734_00	GO:0070461,GO:0003682,GO:0006338,GO:0003713,GO:0006357,GO:0005634
OG0004499_00	GO:0035091,GO:0005525,GO:0070300,GO:0045494
OG0001733_00	GO:0005730
OG0003582_00	GO:0005874,GO:0031267,GO:0005794,GO:0048870,GO:0008017
OG0001618_00	GO:0000387,GO:0005634,GO:0003730,GO:0032797
OG0002181_00	GO:0005507
OG0002368_00	GO:0000226,GO:0007023,GO:0006457,GO:0007021,GO:0070830,GO:0005096,GO:0034333,GO:0016328,GO:0048487
OG0009237_00	GO:0005840,GO:0003735,GO:0006412
OG0003459_00	GO:0016491,GO:0055072,GO:0005886,GO:0006826
OG0004199_00	GO:0000139
OG0006406_00	GO:0003995,GO:0005739
OG0004505_00	GO:0060271,GO:0005930
OG0009757_00	GO:0005737,GO:0004586,GO:0006596,GO:0033387
OG0006969_00	GO:0005886,GO:0001540,GO:0070062,GO:0042985,GO:0005794
OG0000563_00	GO:0005655,GO:0000172,GO:0001682,GO:0008033
OG0001865_00	GO:0042797,GO:0005665,GO:0005736,GO:0006366,GO:0001056,GO:0005666,GO:0003899,GO:0001054,GO:0001055,GO:0006362
OG0006370_00	GO:0036396,GO:0080009,GO:0003723
OG0009384_00	GO:0016020,GO:0055085
OG0004376_00	GO:0005634,GO:0003723
OG0003772_00	GO:0005829,GO:0071074,GO:0006413,GO:0003743,GO:0001732,GO:0005092
OG0008166_00	GO:0060271,GO:0007268,GO:0097539,GO:0005814,GO:0007005
OG0005950_00	GO:0005794,GO:0016020,GO:0006890
OG0007776_00	GO:0031901
OG0001789_00	GO:0005615,GO:0042742,GO:0006959
OG0004495_00	GO:0000166,GO:0004828,GO:0006434,GO:0005524
OG0005122_00	GO:0036503,GO:0005789
OG0008738_00	GO:0003755,GO:0043231,GO:0000413,GO:0005737,GO:0016018,GO:0006457
OG0007829_00	GO:0051087,GO:0051085,GO:0051082,GO:0005829
OG0005320_00	GO:0005634,GO:0032021,GO:0045892,GO:0034244,GO:0003723
OG0005405_00	GO:0005615
OG0007630_00	GO:0006614,GO:0008312,GO:0005786,GO:0043022
OG0005268_00	GO:0009968,GO:0006915,GO:0032006,GO:0005737
OG0005512_00	GO:0070888,GO:0000981,GO:0045944,GO:0061564,GO:0007423,GO:0005634,GO:0003700
OG0006492_00	GO:0005737,GO:0005096,GO:0008277,GO:0005886,GO:0005634
OG0006067_00	GO:0046474,GO:0005739
OG0006402_00	GO:0005634,GO:0005737,GO:0004722
OG0005498_00	GO:0016020
OG0000134_00	GO:0003723,GO:0005622,GO:0000462,GO:0004386,GO:0005730
OG0004501_00	GO:0015631,GO:0005813,GO:0060271,GO:0005814,GO:0061511
OG0004408_00	GO:0035025
OG0006374_00	GO:0080008,GO:0016567
OG0005582_00	GO:0006412,GO:0022625,GO:0005840,GO:0002181,GO:0003735
OG0000567_00	GO:0017108,GO:0000400
OG0004372_00	GO:0016567
OG0006670_00	GO:0097272,GO:0072488,GO:0008519,GO:0005886
OG0004306_00	GO:0003723,GO:0000398,GO:0070274,GO:0005684
OG0003480_00	GO:0005615,GO:0030020,GO:0030198,GO:0031012,GO:0062023
OG0000575_00	GO:0016717,GO:0004768,GO:0005506,GO:0006636,GO:0005789
OG0004517_00	GO:0006413,GO:0003743,GO:0005851,GO:0005085
OG0006348_00	GO:0005634,GO:1990837,GO:0003700,GO:0000981
OG0009741_00	GO:0009653
OG0006476_00	GO:0005737
OG0002894_00	GO:0006357,GO:0044545
OG0010530_00	GO:0005886
OG0004738_00	GO:0006611,GO:0005049
OG0003252_00	GO:0070181,GO:0006412,GO:0003735,GO:0005763,GO:0005840,GO:0032543
OG0008684_00	GO:0005737
OG0002549_00	GO:0007608,GO:0005549,GO:0050911,GO:0004984,GO:0016020,GO:0005886
OG0000073_00	GO:0007608,GO:0005549,GO:0050911,GO:0004984,GO:0016020,GO:0005886
OG0009405_00	GO:0004222,GO:0030574,GO:0005615,GO:0030198
OG0010308_00	GO:0061630
OG0006531_00	GO:0032039,GO:0034472,GO:0016180
OG0009273_00	GO:0005634,GO:0003729
OG0002993_00	GO:0006281,GO:0070182
OG0006904_00	GO:0030490,GO:0005634,GO:0030686
OG0000779_00	GO:0016020,GO:0022857,GO:0055085
OG0004421_00	GO:0005747,GO:0022904
OG0003045_00	GO:0005737,GO:0009328,GO:0006432,GO:0005829,GO:0004826
OG0003621_00	GO:0006357,GO:0000977,GO:0000978,GO:0005634,GO:0000981
OG0002248_00	GO:0043539,GO:0035556
OG0002972_00	GO:0005085,GO:0031085
OG0005047_00	GO:0006099,GO:0009055,GO:0005749,GO:0006121
OG0009292_00	GO:0055085,GO:0016020
OG0003870_00	GO:0000978,GO:0048856,GO:0000981,GO:0006355,GO:0003677,GO:0006357
OG0008602_00	GO:0016460
OG0002151_00	GO:0005930,GO:0036064,GO:0060271
OG0008272_00	GO:0008643,GO:0016020,GO:0051119
OG0005648_00	GO:0051603,GO:0004842,GO:0005737
OG0007602_00	GO:0006396,GO:0000479,GO:0004521,GO:0005730
OG0001626_00	GO:0050218,GO:0005759
OG0005150_00	GO:0005886,GO:0016020,GO:0031175
OG0007040_00	GO:0005634
OG0007435_00	GO:0090162
OG0000349_00	GO:0007608,GO:0005549,GO:0016020,GO:0005886,GO:0050911,GO:0004984
OG0004099_00	GO:0006508,GO:0004176,GO:0006515,GO:0005743,GO:0007005
OG0000697_00	GO:0032040,GO:0030515,GO:0000462,GO:0034388
OG0006189_00	GO:0002244
OG0003443_00	GO:0015031,GO:0005737
OG0006080_00	GO:0006506,GO:0016020,GO:0000506
OG0003712_00	GO:0005730,GO:0030687,GO:0000466,GO:0008173,GO:0008650,GO:0000463,GO:0031167,GO:0001510,GO:0016435
OG0004784_00	GO:0005634,GO:0048024,GO:0003729
OG0009673_00	GO:0050839,GO:0098609,GO:0005911,GO:0005886
OG0009810_00	GO:0030334,GO:0017154,GO:0002116,GO:0071526,GO:0005886
OG0004466_00	GO:0016597,GO:0000052,GO:0045429,GO:0006525,GO:0016403
OG0006576_00	GO:0005921,GO:0005243,GO:0005886,GO:0007602
OG0008989_00	GO:0070822,GO:0006355,GO:0000122
OG0009465_00	GO:0016012
OG0002542_00	GO:0042799,GO:0005700,GO:0005634,GO:0034771,GO:0140110,GO:0043516,GO:0006357
OG0009950_00	GO:0090090,GO:0003714,GO:0005634,GO:0006355,GO:0005667
OG0003336_00	GO:0004867,GO:0005615
OG0003259_00	GO:0035869,GO:1905515
OG0003141_00	GO:0005730,GO:0019843
OG0003898_00	GO:0005829,GO:0070773,GO:0005634,GO:0008418
OG0008891_00	GO:0007018,GO:0036158,GO:0036157,GO:0045504,GO:0003341,GO:0045503
OG0001632_00	GO:0005615,GO:0004181,GO:0006508
OG0005650_00	GO:0005669,GO:0017025,GO:0000124,GO:0003677,GO:0051123
OG0005539_00	GO:0005576,GO:0005121,GO:0021556,GO:0045087,GO:0008083
OG0007407_00	GO:0003712,GO:0016592,GO:0006357
OG0005306_00	GO:0060271,GO:0036064
OG0008037_00	GO:0003755,GO:0000413,GO:0006457,GO:0016018,GO:0005737
OG0004340_00	GO:0000151,GO:0043161,GO:0043130,GO:0004842,GO:0097039,GO:0071797
OG0000533_00	GO:0050911,GO:0007608,GO:0016020,GO:0005549,GO:0005886,GO:0004984
OG0000469_00	GO:0004301,GO:0097176
OG0001145_00	GO:0007018,GO:0005874,GO:0003777,GO:0007019
OG0001831_00	GO:0000981,GO:0005634,GO:0006357
OG0004551_00	GO:0008010,GO:0062129
OG0008195_00	GO:0047238,GO:0008376,GO:0030206
OG0004832_00	GO:0005634,GO:0006166,GO:0008973
OG0000146_00	GO:1902495,GO:0022857,GO:0034220
OG0001383_00	GO:0006890,GO:0070939,GO:0000149
OG0010068_00	GO:0099536,GO:0005886
OG0006430_00	GO:0005737
OG0004919_00	GO:0038023,GO:0016020
OG0001483_00	GO:0071006,GO:0000974,GO:0061630,GO:0004842,GO:0005737,GO:0000398
OG0004624_00	GO:0005525,GO:0007264
OG0000974_00	GO:0016020,GO:0008381
OG0002495_00	GO:0005886,GO:0032217,GO:0032218
OG0004963_00	GO:0050998
OG0000602_00	GO:0061630,GO:0044027,GO:0016567
OG0010427_00	GO:0012505
OG0000509_00	GO:0005886,GO:0008528,GO:0007186
OG0005569_00	GO:0005737,GO:0030041,GO:0015629
OG0004045_00	GO:0008528,GO:0007190,GO:0009755,GO:0007189,GO:0005886
OG0006832_00	GO:0003743,GO:0005852,GO:0005737
OG0006155_00	GO:0003713,GO:0000124
OG0000746_00	GO:0061630
OG0009594_00	GO:0007275,GO:0005576,GO:0030154
OG0000514_00	GO:0005471,GO:1990544,GO:1901029,GO:0140021,GO:0005743
OG0009395_00	GO:0005737,GO:0043409,GO:0033550,GO:0006470,GO:0004721,GO:0005829,GO:0008330,GO:0035335,GO:0017017
OG0006361_00	GO:0012501,GO:0006508,GO:0043065,GO:0004252
OG0006228_00	GO:0005929,GO:0060271
OG0004222_00	GO:0005886,GO:0038166
OG0001078_00	GO:0051087,GO:0042803,GO:0001405,GO:0000774,GO:0051082,GO:0030150,GO:0006457
OG0000121_00	GO:0097112,GO:0072579,GO:0098970,GO:0099572,GO:0006777,GO:0030425,GO:0005737,GO:0045211,GO:0061599,GO:0007529,GO:0005829
OG0006732_00	GO:0031201,GO:0048278,GO:0006886,GO:0005484,GO:0012505,GO:0006906,GO:0000149
OG0007943_00	GO:0030133,GO:0031083,GO:0046907
OG0006315_00	GO:0006355
OG0007279_00	GO:0005615
OG0000155_00	GO:0004252
OG0001941_00	GO:0055085,GO:0016020
OG0009897_00	GO:0006749,GO:0004364
OG0005471_00	GO:0004252
OG0004725_00	GO:0035556,GO:0046620,GO:0018105,GO:0043065,GO:0035329,GO:0004674,GO:0000082
OG0009201_00	GO:1990131,GO:0005764,GO:0003924,GO:0005634,GO:0009267,GO:1904263,GO:0005525,GO:0010507
OG0009964_00	GO:0016020,GO:0050911,GO:0005886,GO:0005549,GO:0007608,GO:0004984
OG0009472_00	GO:0005634,GO:0000981,GO:0000977,GO:0006357
OG0000318_00	GO:0005634,GO:0031398,GO:0043027,GO:0090263,GO:0043066,GO:0051726,GO:0005737,GO:0061630
OG0003690_00	GO:0032194,GO:0004659,GO:0042371,GO:0009234,GO:0000139,GO:0005783
OG0003243_00	GO:0072657,GO:0016020
OG0010181_00	GO:0005764,GO:0045335,GO:0042147,GO:0005770
OG0000881_00	GO:0004672,GO:0010998,GO:0005634,GO:0005737,GO:0036492,GO:0004694,GO:0006468
OG0005550_00	GO:0005886,GO:0006509,GO:0004222,GO:0007219
OG0004571_00	GO:0016556,GO:0005634,GO:0000381,GO:0080009
OG0004269_00	GO:0071013
OG0001367_00	GO:0000819,GO:0005634,GO:0000712
OG0006779_00	GO:0005085,GO:0005737
OG0004653_00	GO:0005739,GO:0003985,GO:0006635
OG0000903_00	GO:0003910,GO:0006281,GO:0003677,GO:0006297,GO:0006303,GO:0032807,GO:0005524,GO:0005958
OG0003469_00	GO:0060070,GO:0005109,GO:0005829,GO:0016055
OG0009768_00	GO:0071805,GO:0005886,GO:0022841,GO:0030322,GO:0015271,GO:0005267,GO:0016020
OG0000266_00	GO:0008374,GO:0005789,GO:0006629,GO:0019432,GO:0004144
OG0009621_00	GO:0016020,GO:0005216,GO:0004888,GO:0034220
OG0007846_00	GO:0009086,GO:0033528,GO:0008898
OG0008717_00	GO:0006309,GO:0004531,GO:0006259
OG0003565_00	GO:0016020,GO:0007165,GO:0005525
OG0001714_00	GO:0008053,GO:0003924,GO:0051646,GO:0005741
OG0002162_00	GO:0006412,GO:0003735,GO:0005840
OG0007507_00	GO:0005886,GO:0017046,GO:0007188,GO:0008528
OG0002842_00	GO:0000978,GO:0006357,GO:0000981
OG0009191_00	GO:0042734,GO:0031267,GO:0006887,GO:0048788,GO:0042391,GO:0050806,GO:0048167,GO:0016020,GO:0048791,GO:0044325
OG0003900_00	GO:0005829,GO:0004799,GO:0006231,GO:0005739,GO:0016741
OG0007669_00	GO:0005778,GO:0005829,GO:0016558,GO:0016887
OG0008761_00	GO:0005615,GO:0007608
OG0007067_00	GO:0006644,GO:0004620
OG0008905_00	GO:0005524
OG0007571_00	GO:0031965
OG0009662_00	GO:1990837,GO:0005634,GO:0006357
OG0000799_00	GO:0005826,GO:0000915,GO:0000281,GO:0031106
OG0002403_00	GO:0016787,GO:0005634,GO:0000932,GO:0000290,GO:0050072,GO:0000340
OG0004690_00	GO:0006470,GO:0004722
OG0003109_00	GO:0009653
OG0002967_00	GO:0005634,GO:0005743,GO:0006309,GO:0000014,GO:0004519,GO:0004521
OG0002259_00	GO:0005739,GO:0006633,GO:0004315
OG0002048_00	GO:0005634
OG0010393_00	GO:0003729,GO:0022627,GO:0005840,GO:0006412,GO:0003735
OG0003616_00	GO:0005829,GO:0007200,GO:0004674,GO:0035556
OG0009255_00	GO:0051233,GO:0032154,GO:0030496,GO:0097149,GO:0005096,GO:0051256,GO:0000281,GO:0007266,GO:0005634
OG0003183_00	GO:0005634,GO:0006406,GO:0070390,GO:0005737
OG0002580_00	GO:0051497
OG0000835_00	GO:0030322,GO:0071805,GO:0005886,GO:0022841,GO:0005267,GO:0016020,GO:0015271
OG0010135_00	GO:0005737,GO:0016616
OG0006091_00	GO:0005096,GO:0043547,GO:0005737,GO:0005634
OG0010449_00	GO:0005634,GO:0010468
OG0006446_00	GO:0035269,GO:0030968,GO:0000030,GO:0005783
OG0003470_00	GO:0051016,GO:0015629,GO:0051015,GO:0005546,GO:0051014,GO:0008154,GO:0005737
OG0004336_00	GO:0005737,GO:0005634
OG0000496_00	GO:0005886
OG0005037_00	GO:0032511,GO:0005768
OG0006872_00	GO:0005615
OG0007322_00	GO:0019905,GO:0035494,GO:0006886,GO:0031201,GO:0005774,GO:0005483
OG0005148_00	GO:1990726,GO:0000290,GO:0000932,GO:0016070,GO:0003729
OG0005052_00	GO:0005615
OG0007058_00	GO:0010971,GO:0005634,GO:0000086,GO:0110032,GO:0004725,GO:0005737
OG0003054_00	GO:0005911,GO:0098609,GO:0005509
OG0009251_00	GO:0004252,GO:0005615,GO:0006508
OG0002658_00	GO:0098719,GO:0015385,GO:0055037,GO:0015386,GO:0016020,GO:0071805,GO:0005886,GO:0051453,GO:0006812,GO:1902600
OG0000717_00	GO:0031491,GO:0008023,GO:0034728,GO:0140673,GO:0042393,GO:0006368
OG0002584_00	GO:0004222,GO:0006508,GO:0005886,GO:0016485
OG0003187_00	GO:0006046,GO:0004342,GO:0005737,GO:0006044,GO:0019262,GO:0006043,GO:0042802
OG0007148_00	GO:0030154,GO:0009653,GO:0000978,GO:0000981,GO:0006357
OG0000291_00	GO:0016020,GO:0005886,GO:0007608,GO:0050911,GO:0004984,GO:0005549
OG0006051_00	GO:0004722,GO:0006470,GO:0005739
OG0000664_00	GO:0016212,GO:1901605,GO:0008483
OG0001425_00	GO:0016586,GO:0003682,GO:0006338,GO:0016514,GO:0006368
OG0008358_00	GO:0018094,GO:0003341,GO:0070736,GO:0060271,GO:0005930,GO:0015630
OG0003062_00	GO:0097027,GO:1990757,GO:0005680,GO:1904668,GO:0031145,GO:1905786,GO:0010997
OG0002227_00	GO:0005667,GO:0010628,GO:0006357,GO:0016592
OG0002054_00	GO:0035195,GO:0000932,GO:0005654,GO:0060213
OG0003233_00	GO:0016020
OG0005742_00	GO:0080008,GO:0045717,GO:0005737
OG0006211_00	GO:0008310,GO:0005829
OG0007252_00	GO:0008083
OG0005391_00	GO:0005737,GO:0006606
OG0007774_00	GO:0000974,GO:0071013,GO:0071011,GO:0006397
OG0005952_00	GO:0051091,GO:0030017,GO:0003779,GO:0035025,GO:0045944
OG0003770_00	GO:0006361,GO:0001181,GO:0001042,GO:0005634
OG0003419_00	GO:0005886,GO:0006509,GO:0004222,GO:0007219
OG0009651_00	GO:0005886,GO:0007156
OG0008472_00	GO:0007186,GO:0005576,GO:0001664,GO:0031395,GO:0005184
OG0000660_00	GO:0016717,GO:0005506,GO:0006636,GO:0005789,GO:0004768
OG0001421_00	GO:0007076,GO:0000796,GO:0000793,GO:0005737
OG0000295_00	GO:0008194
OG0005073_00	GO:0008188,GO:0016020,GO:0005886,GO:0007218
OG0007303_00	GO:0005789,GO:0000139,GO:0005793,GO:0006888,GO:0005537,GO:0030134
OG0003655_00	GO:0005634,GO:0042393,GO:0006335,GO:0006325,GO:0000785
OG0001442_00	GO:0004672
OG0003286_00	GO:0005096
OG0009526_00	GO:0005886,GO:0004930,GO:0042277,GO:0032870,GO:0007186
OG0004712_00	GO:0000287,GO:0006564,GO:0036424,GO:0016311,GO:0005737
OG0003788_00	GO:0045944,GO:0003700,GO:0000981,GO:0006357,GO:0000122,GO:0000978,GO:0005634,GO:0045165
OG0003681_00	GO:0005634,GO:0030154,GO:0003700,GO:0000981,GO:0006357
OG0000734_00	GO:0006869,GO:0016020,GO:0140359,GO:0005319,GO:0042626,GO:0055085,GO:0043231
OG0003357_00	GO:0009055,GO:0020037
OG0005255_00	GO:1904491,GO:0035869,GO:1905515
OG0006768_00	GO:0006122,GO:0005750
OG0004560_00	GO:0008235,GO:0005737,GO:0035551,GO:0004177
OG0005439_00	GO:0051082,GO:0005737,GO:0009408,GO:0042026,GO:0005634
OG0001372_00	GO:0051123,GO:0016251,GO:0005669
OG0001174_00	GO:0030991,GO:0036064,GO:0035721,GO:0042073,GO:0005930
OG0004278_00	GO:0006487,GO:0009311,GO:0005789,GO:0004573
OG0004861_00	GO:0004865
OG0007165_00	GO:0036064,GO:0005930,GO:0060271
OG0008375_00	GO:0017124
OG0004277_00	GO:0007271,GO:0043005,GO:0043231,GO:0043025,GO:0034394
OG0006983_00	GO:0005829,GO:0008093,GO:0005794,GO:0072393,GO:0033365,GO:0070507,GO:0034452,GO:0070840
OG0005436_00	GO:0000978,GO:0006357,GO:0000981
OG0008291_00	GO:0031519,GO:0000785,GO:0000978,GO:0006357,GO:0000981,GO:0005667
OG0005995_00	GO:0006396,GO:0001682,GO:0033204,GO:0000172,GO:0006364,GO:0030677
OG0007904_00	GO:0016192,GO:0016020
OG0008062_00	GO:0006302,GO:0003887,GO:0006261,GO:0097681
OG0001212_00	GO:0016491,GO:0050660
OG0001645_00	GO:0005730,GO:0008988,GO:0005737,GO:0031167
OG0001532_00	GO:0016020,GO:0036092,GO:0016477,GO:0043491,GO:0005886,GO:0046854,GO:0048015,GO:0035005,GO:0052742,GO:0005942,GO:0016303,GO:0005737
OG0004892_00	GO:0005634,GO:0016579,GO:0005829,GO:0004843
OG0003664_00	GO:0043113,GO:0005912,GO:0030054,GO:0016323,GO:0097120,GO:0098887,GO:0019901,GO:0045197,GO:0045211,GO:0009790,GO:0098609,GO:0098968,GO:0014069
OG0008131_00	GO:0006357,GO:0000978,GO:0000981
OG0008562_00	GO:0000981,GO:0000977,GO:0006357,GO:0032502
OG0007721_00	GO:0090161
OG0003299_00	GO:0003810,GO:0018149
OG0007249_00	GO:0005762,GO:0015934,GO:0005840,GO:0003735,GO:0006412
OG0005759_00	GO:0019888,GO:0006974,GO:0030289,GO:0072542,GO:0006470,GO:0005654
OG0007340_00	GO:0004791,GO:0031397,GO:0030178,GO:0005634
OG0003734_00	GO:0017116,GO:0008047,GO:0000731,GO:0005634,GO:0006261
OG0003118_00	GO:0005747,GO:0006120
OG0003309_00	GO:0005730,GO:0032040
OG0002416_00	GO:0004725,GO:0006470,GO:0019901,GO:0005829,GO:0005886,GO:0007165,GO:0030054
OG0000788_00	GO:0046907,GO:0016192,GO:0051295,GO:0051639,GO:0003779,GO:0036089,GO:0040038,GO:0030659,GO:0048193,GO:0005938,GO:0008017,GO:0045010,GO:0030041
OG0006622_00	GO:0043161,GO:0004866,GO:0006511,GO:0070628
OG0002499_00	GO:0031681,GO:0007165
OG0006420_00	GO:0022857,GO:0016020,GO:0055085
OG0004527_00	GO:0005789,GO:0000139,GO:0006506
OG0004628_00	GO:0005576
OG0000505_00	GO:0004757,GO:0006729
OG0000233_00	GO:0003951,GO:0019674,GO:0005739
OG0001586_00	GO:0016020
OG0004826_00	GO:0016192
OG0000978_00	GO:0005737,GO:0006081,GO:0004029
OG0004350_00	GO:0016020
OG0004112_00	GO:0016409
OG0008566_00	GO:0000978,GO:0000785,GO:0005634,GO:0001708,GO:0006355,GO:0006357,GO:0003700,GO:0000981
OG0004896_00	GO:0033211,GO:0038023,GO:0005886,GO:0016020
OG0003660_00	GO:0016409
OG0001536_00	GO:0047499,GO:0005739,GO:0052816,GO:2000304
OG0005806_00	GO:0004672,GO:0004703,GO:0007186,GO:0009966,GO:0006468,GO:0001664
OG0004688_00	GO:0005634,GO:0012506,GO:0006886,GO:0005737,GO:0042593
OG0002615_00	GO:0005634,GO:0030154,GO:0090090,GO:0070507,GO:0007165,GO:0030424,GO:0032436,GO:0004674,GO:0005829,GO:0005737,GO:0018107
OG0004583_00	GO:0035725,GO:0098855,GO:0071805,GO:0005249,GO:0003254
OG0000873_00	GO:0051315,GO:0031262
OG0002822_00	GO:0015293,GO:0006814
OG0008961_00	GO:0008897,GO:0019878,GO:0005829
OG0007595_00	GO:0005886,GO:0002028,GO:0017080
OG0001318_00	GO:0000407,GO:0043495,GO:0006914,GO:0061709,GO:0061723,GO:0000045,GO:0061908,GO:0034727,GO:0000422,GO:0032266,GO:0030242
OG0002157_00	GO:0003723
OG0001273_00	GO:0022008,GO:0007169,GO:0005886,GO:0007275,GO:0004714,GO:0033674,GO:0009925,GO:0043066,GO:0008284,GO:0043235
OG0001620_00	GO:0008430
OG0008003_00	GO:0000931,GO:0000930,GO:0051415,GO:0033566,GO:0005813,GO:0005819,GO:0090307,GO:0031021
OG0009093_00	GO:0009306,GO:0005794,GO:0007030
OG0007046_00	GO:0035064,GO:0048188,GO:0045893
OG0005314_00	GO:0017183,GO:0061685,GO:0005737
OG0005156_00	GO:0005777
OG0003957_00	GO:1990504,GO:0006887,GO:0016079
OG0002024_00	GO:0000462,GO:0005730
OG0000062_00	GO:0007608,GO:0005549,GO:0005886,GO:0016020,GO:0004984,GO:0050911
OG0003328_00	GO:0006357
OG0003261_00	GO:0000123
OG0006050_00	GO:0006900,GO:0007034,GO:0005771,GO:0032511,GO:0000815
OG0005279_00	GO:0005783,GO:0030968
OG0001424_00	GO:0007094,GO:0051754,GO:0004672,GO:0005634
OG0007149_00	GO:0005737,GO:0034657,GO:0004842,GO:0043161,GO:0005634
OG0008359_00	GO:0004016,GO:0005886,GO:0007189
OG0001118_00	GO:0043486,GO:0042393,GO:0006338,GO:0016887,GO:0000812
OG0000290_00	GO:0016567,GO:0004842
OG0008349_00	GO:0006357,GO:0003677,GO:0048856,GO:0000978,GO:0006355,GO:0000981
OG0005269_00	GO:0003779,GO:0034198,GO:0051015,GO:0140007,GO:0030027,GO:1904262,GO:0015629,GO:0007015
OG0005513_00	GO:0005634,GO:0000977,GO:0006357,GO:0000981,GO:0030182
OG0006066_00	GO:0048500,GO:0006614,GO:0005786
OG0006493_00	GO:0005737
OG0007842_00	GO:0005634,GO:0000122,GO:0006357,GO:0000981,GO:0000978,GO:0009952
OG0008713_00	GO:0005634,GO:0005794,GO:0005737,GO:0048172,GO:0045202,GO:0038203
OG0007503_00	GO:0006826,GO:0016491,GO:0055072,GO:0005886
OG0002683_00	GO:0072488,GO:0097272,GO:0008519,GO:0005886
OG0001710_00	GO:0071006,GO:0000398,GO:0008380
OG0002166_00	GO:0140662,GO:0051082,GO:0006457,GO:0005524,GO:0016887
OG0005145_00	GO:0061617,GO:0042407,GO:0044284
OG0003059_00	GO:0070765,GO:0007220
OG0004949_00	GO:0006355,GO:0005634,GO:0006357,GO:0003007,GO:0001708,GO:0000785,GO:0000981,GO:0001707,GO:0003700,GO:0000978
OG0003360_00	GO:0042626,GO:0016020,GO:0005886,GO:0055085
OG0003795_00	GO:0000139
OG0010333_00	GO:0005634,GO:0006357
OG0006136_00	GO:0016020
OG0004218_00	GO:0006446,GO:0005829,GO:0008494
OG0006519_00	GO:0017128,GO:0005886,GO:0017121
OG0005499_00	GO:0006749,GO:0005737,GO:0004364,GO:0045174
OG0004409_00	GO:0007033,GO:0016887,GO:0016197
OG0001860_00	GO:0000226,GO:0051225,GO:0000922,GO:0051321,GO:0007020,GO:0043015,GO:0000278,GO:0000930,GO:0051011,GO:0005815,GO:0031122
OG0000135_00	GO:0007608,GO:0016020,GO:0050911,GO:0005549,GO:0004984,GO:0005886
OG0005583_00	GO:0016423,GO:0004809,GO:0008033,GO:0002940,GO:0003723,GO:0005634
OG0009752_00	GO:0004984,GO:0005886,GO:0007608,GO:0016020,GO:0050911,GO:0005549
OG0005688_00	GO:0005737,GO:0034227
OG0003065_00	GO:0005765,GO:0015108,GO:0043231
OG0002220_00	GO:0120231,GO:0007129,GO:0003690,GO:0000709,GO:0000794,GO:0010774,GO:0120230
OG0002053_00	GO:0000981,GO:0009653,GO:0006357,GO:0000978,GO:0030154
OG0003234_00	GO:0007010,GO:0097320,GO:0005543,GO:0005886,GO:0030100,GO:0005737,GO:0005768
OG0003609_00	GO:0015630,GO:0060271,GO:0060294,GO:0005634
OG0002956_00	GO:0006814,GO:0015293
OG0003818_00	GO:0003723,GO:0005634,GO:0000956,GO:0004534,GO:0016075
OG0006971_00	GO:0018279,GO:0008250
OG0006179_00	GO:0007264,GO:0005525
OG0009578_00	GO:0045505,GO:0030286,GO:0005868,GO:0007017
OG0000766_00	GO:0042277,GO:0043171,GO:0016020,GO:0008270,GO:0070006,GO:0005615,GO:0006508,GO:0005737
OG0002980_00	GO:0071014,GO:0000398
OG0000358_00	GO:0016020,GO:0015232,GO:0020037,GO:0051184,GO:0097037
OG0006198_00	GO:0061564,GO:0007423,GO:0070888,GO:0003700,GO:0000981,GO:0005634,GO:0045944
OG0000682_00	GO:0016491
OG0003737_00	GO:0030286,GO:0007017
OG0009616_00	GO:0005886
OG0004088_00	GO:0005634,GO:0006357
OG0002415_00	GO:0016491
OG0002429_00	GO:0005634,GO:0070336,GO:0017108,GO:0008409,GO:0036297,GO:0004518
OG0003440_00	GO:0015693,GO:0016020,GO:0015095
OG0004180_00	GO:0005741,GO:0035694,GO:0035695
OG0009608_00	GO:0007635,GO:0030424,GO:0030425,GO:0008049,GO:0043025
OG0000694_00	GO:0050911,GO:0007608,GO:0016020,GO:0005886,GO:0005549,GO:0004984
OG0006083_00	GO:0005743,GO:0033617
OG0002840_00	GO:0006364,GO:0000470,GO:0000460,GO:0030687
OG0009078_00	GO:0071577,GO:0006882,GO:0005385
OG0007065_00	GO:0008333,GO:0005764,GO:0005770,GO:0090385,GO:0045335
OG0003902_00	GO:0004149,GO:0006099,GO:0005739
OG0002134_00	GO:0005768,GO:0005802,GO:0006895
OG0005175_00	GO:0005743,GO:0090374,GO:0015421
OG0001746_00	GO:0048244,GO:0001561
OG0007573_00	GO:0004672
OG0002758_00	GO:0005886,GO:0019991
OG0003551_00	GO:0005739
OG0008763_00	GO:0006914
OG0008894_00	GO:0003777,GO:0007018
OG0001637_00	GO:0006094,GO:0005524,GO:0006096,GO:0043531,GO:0004618,GO:0005829
OG0001242_00	GO:0016887,GO:0004017,GO:0005737,GO:0005634,GO:0005524
OG0008032_00	GO:0005886,GO:0016020,GO:0004984,GO:0050911,GO:0007608,GO:0005549
OG0005655_00	GO:1990131,GO:0005634,GO:0005764,GO:1904263,GO:0005525,GO:0009267,GO:0003924,GO:0010507
OG0008263_00	GO:0008194
OG0006283_00	GO:0005737,GO:0048066
OG0007709_00	GO:0033617,GO:0005758
OG0007402_00	GO:0000460
OG0002536_00	GO:0000981,GO:0009952,GO:0045944,GO:0005654,GO:0000978
OG0003610_00	GO:0003743,GO:0002183,GO:0003723,GO:0071541
OG0002961_00	GO:0016020
OG0003939_00	GO:0000184
OG0008611_00	GO:0036066,GO:0046922
OG0004931_00	GO:0034203,GO:0005789,GO:0006488,GO:0016020
OG0000441_00	GO:0019239,GO:0008892,GO:0005829,GO:0008270,GO:0046098
OG0000636_00	GO:0007165,GO:0060090
OG0006025_00	GO:0006506,GO:0000030,GO:0005789,GO:0016757,GO:0000026
OG0003865_00	GO:0005667,GO:0005634,GO:0006355,GO:0003714,GO:0090090
OG0009188_00	GO:0060072,GO:0045211,GO:0016020,GO:0071805,GO:0005267
OG0002963_00	GO:0004521,GO:0005634,GO:0016180
OG0003612_00	GO:0006355,GO:0070176
OG0002534_00	GO:0006357,GO:0005634
OG0006269_00	GO:0006412,GO:0022625,GO:0005840,GO:0070180,GO:0003735
OG0005035_00	GO:0005829,GO:0045048,GO:0071818
OG0001039_00	GO:0005736,GO:0001054,GO:0003899,GO:0006351,GO:0006363
OG0008289_00	GO:0006357,GO:0000981,GO:0000978,GO:0005667,GO:0005634
OG0006870_00	GO:0005737
OG0000494_00	GO:0004090
OG0009991_00	GO:0000981,GO:0005634,GO:0006357
OG0005393_00	GO:0008320,GO:0030150,GO:0005741
OG0007926_00	GO:0005764,GO:0071230,GO:0005085,GO:0071986,GO:0043066,GO:1904263,GO:0005737
OG0006213_00	GO:0010468,GO:0005634
OG0000852_00	GO:0005764,GO:0003948,GO:0006517,GO:0005737,GO:0016787
OG0009110_00	GO:0140662,GO:0051082,GO:0005524,GO:0016887,GO:0006457
OG0008984_00	GO:0042826,GO:0005654,GO:0000122,GO:0016581,GO:0003713,GO:0003714
OG0010152_00	GO:0086010,GO:0005261,GO:0035725,GO:0019228,GO:0001518,GO:0005248,GO:0005886
OG0003457_00	GO:0090630,GO:0005096
OG0002366_00	GO:0006886,GO:0006890,GO:0006891,GO:0006888,GO:0030126
OG0004197_00	GO:0030992,GO:0042073,GO:0120170,GO:0005879
OG0009210_00	GO:0005759,GO:0016279,GO:0008276,GO:0018023
OG0000077_00	GO:0004984,GO:0005549,GO:0007608,GO:0050911,GO:0016020,GO:0005886
OG0003339_00	GO:0030154,GO:0006357,GO:0000978,GO:0000981,GO:0009653
OG0009508_00	GO:0008241,GO:0008237,GO:0016020,GO:0005886,GO:0006508
OG0002035_00	GO:0032039,GO:0034472,GO:0016180
OG0008876_00	GO:0005507,GO:0006589,GO:0004500,GO:0042421,GO:0005615,GO:0042420,GO:0030667
OG0005677_00	GO:0046961
OG0002148_00	GO:0035556,GO:0004674,GO:0000226,GO:0005737,GO:0050321
OG0005901_00	GO:0043489,GO:0003723
OG0008304_00	GO:0006357
OG0007114_00	GO:0005634,GO:0003682,GO:0006338,GO:0003713,GO:0070461,GO:0006357
OG0001717_00	GO:0005102,GO:0048856,GO:0005576,GO:0009986
OG0005058_00	GO:0005783
OG0008714_00	GO:0032968,GO:0005634,GO:0016593,GO:0006368,GO:1990269
OG0007328_00	GO:0005685,GO:0006376,GO:0003729
OG0007845_00	GO:0004222,GO:0016485,GO:0006508,GO:0005886
OG0002161_00	GO:0055072,GO:0016491,GO:0006826,GO:0005886
OG0007052_00	GO:0008239
OG0003566_00	GO:0005615,GO:0048018
OG0005385_00	GO:0006357,GO:0003712,GO:0016592,GO:0070847
OG0007956_00	GO:0004660,GO:0018343,GO:0005965,GO:0005953,GO:0004662,GO:0018344,GO:0005737
OG0001950_00	GO:0032549,GO:0006351,GO:0003899
OG0001055_00	GO:0005622,GO:0003723,GO:0004386,GO:0003678,GO:0005634,GO:0002151,GO:0005737,GO:0003724
OG0005778_00	GO:0042800,GO:0035097,GO:0045893
OG0005460_00	GO:0004708,GO:0000165,GO:0008545
OG0004243_00	GO:0005886
OG0006488_00	GO:0005634,GO:0045814,GO:0003677,GO:0003682
OG0006057_00	GO:0005737,GO:0015031
OG0001423_00	GO:0005737,GO:0004016
OG0005508_00	GO:0051015,GO:0007015,GO:0015629
OG0000297_00	GO:0005886
OG0006140_00	GO:0034244,GO:0032021
OG0001435_00	GO:0005634,GO:0005737,GO:0005839,GO:0051603
OG0000656_00	GO:0005634,GO:0005739
OG0004050_00	GO:0000785,GO:0005634,GO:0045944,GO:0003712,GO:0045089
OG0006049_00	GO:0005680,GO:0090266
OG0003724_00	GO:0005764,GO:0043231,GO:0016790
OG0000798_00	GO:0005739
OG0002402_00	GO:0000902,GO:0019933,GO:0008179,GO:0007015,GO:0003779,GO:0007010,GO:0005737
OG0010250_00	GO:0045259,GO:0045263,GO:0015078,GO:0015986,GO:0000276
OG0004691_00	GO:0005737
OG0002591_00	GO:0008173,GO:0030488,GO:0002181,GO:0001510,GO:0005737,GO:0008175
OG0009455_00	GO:0006744,GO:0005739
OG0009222_00	GO:0000978,GO:0005634,GO:0000981,GO:0006357
OG0003097_00	GO:0005737,GO:0016020,GO:0005044
OG0009806_00	GO:0005085,GO:0007264,GO:0007265,GO:0005886
OG0004474_00	GO:0006302,GO:0031491,GO:0035861,GO:0004842,GO:0005634
OG0005690_00	GO:0006015,GO:0005524,GO:0006164,GO:0009165,GO:0000287,GO:0005737,GO:0004749,GO:0002189
OG0004518_00	GO:0005739,GO:0097250
OG0006523_00	GO:0030863,GO:0030036,GO:0051015,GO:0008290,GO:0051016
OG0001993_00	GO:0004819,GO:0006425,GO:0005829,GO:0017101
OG0000107_00	GO:0055085,GO:0042626,GO:0016020
OG0006347_00	GO:0006357,GO:0000978,GO:0000981,GO:0030154,GO:0005634
OG0004200_00	GO:0006493,GO:0004653,GO:0005794
OG0003477_00	GO:0006893,GO:0000145,GO:0005737,GO:0006887
OG0002438_00	GO:0005509,GO:0000149,GO:0001786,GO:0070382,GO:0005886,GO:0005544,GO:0017156,GO:0030276
OG0000832_00	GO:0008305,GO:0007229,GO:0005178,GO:0009897,GO:0098609,GO:0007160,GO:0033627
OG0006441_00	GO:0000049,GO:0005739,GO:0002144,GO:0002143
OG0000919_00	GO:0006032,GO:0004568,GO:0005576,GO:0008061
OG0000256_00	GO:0016791
OG0006107_00	GO:0140664,GO:0016887,GO:0006298,GO:0032300,GO:0032389
OG0000772_00	GO:0031638,GO:0005886,GO:0004252
OG0002998_00	GO:0097361,GO:0016226
OG0007896_00	GO:0022900,GO:0009055,GO:0051537,GO:0140647,GO:0005739
OG0004017_00	GO:0005737,GO:0003924
OG0005594_00	GO:0005737,GO:0000062,GO:0006631
OG0004166_00	GO:0000981,GO:0005634,GO:0006357
OG0004535_00	GO:0005886,GO:0016020,GO:0098703,GO:0006811,GO:0005216,GO:0005262
OG0006128_00	GO:0030042,GO:0015629
OG0004038_00	GO:0016192,GO:0007264,GO:0005737,GO:0005093,GO:0005092
OG0004364_00	GO:0007165
OG0006574_00	GO:0043161,GO:0034657,GO:0045721,GO:0006623,GO:0007039
OG0003458_00	GO:0005096,GO:0007420,GO:0008277,GO:0031267,GO:0045202,GO:0036465,GO:0032012
OG0009236_00	GO:0005829,GO:0008295,GO:0004766,GO:0003824
OG0000055_00	GO:0050911,GO:0004984,GO:0007608,GO:0005549,GO:0005886,GO:0016020
OG0004464_00	GO:0016255,GO:0042765
OG0009467_00	GO:0008233,GO:0016020,GO:0005787,GO:0006465
OG0002369_00	GO:0008097,GO:0005730,GO:0000027,GO:0006364
OG0004198_00	GO:0080048,GO:0005737,GO:0006006
OG0001109_00	GO:0042383,GO:0033017,GO:0006941,GO:0005790,GO:0014808,GO:0034704,GO:0006816,GO:0030018,GO:0005219
OG0001202_00	GO:0007411,GO:0009887,GO:0005604,GO:0009888,GO:0005201
OG0002395_00	GO:0032216,GO:0016746,GO:0005783,GO:0072659,GO:0016020,GO:0006506
OG0007015_00	GO:0035151,GO:0019991,GO:0005918
OG0007442_00	GO:0005875,GO:0003777,GO:0007052,GO:0007018,GO:0051231
OG0007226_00	GO:0031201,GO:0012505,GO:0048278,GO:0005484,GO:0006906,GO:0000149,GO:0006886,GO:0008021
OG0005736_00	GO:0016477,GO:0009986,GO:0016020
OG0006243_00	GO:0005789,GO:0061817,GO:0005886,GO:0090158,GO:0033149
OG0005902_00	GO:0017061,GO:0005829,GO:0019509
OG0005227_00	GO:0005739,GO:0009063,GO:0009055,GO:0033539
OG0001779_00	GO:0015248,GO:0097038,GO:0008289,GO:0005829,GO:0005886,GO:0016020,GO:0032934
OG0008875_00	GO:0010507,GO:0097190,GO:0070513,GO:0034198
OG0008422_00	GO:0006508,GO:0005615,GO:0004181
OG0005674_00	GO:0005737,GO:0060236,GO:0032147,GO:0005634,GO:0019901,GO:0007088
OG0003548_00	GO:0098609
OG0006076_00	GO:0003887,GO:0035861,GO:0005657,GO:0009314,GO:0042276,GO:0005634
OG0000580_00	GO:0006357,GO:0005634,GO:0001228,GO:0000978
OG0005833_00	GO:0030672,GO:1903744,GO:0072384,GO:0032418,GO:0098574,GO:0099078
OG0001608_00	GO:0005886,GO:0008381
OG0008553_00	GO:0005886,GO:0006865,GO:0005283,GO:0035725,GO:0089718,GO:0071705,GO:0015179,GO:0016020
OG0001503_00	GO:0008094,GO:0006283,GO:0005634
OG0008284_00	GO:0016020,GO:0005549,GO:0007608,GO:0004984,GO:0005886,GO:0050911
OG0001409_00	GO:0008239,GO:0006508,GO:0005886
OG0007241_00	GO:0003735,GO:0005840,GO:0006412
OG0001034_00	GO:0005615,GO:0031012
OG0007348_00	GO:0005682
OG0008775_00	GO:0018107,GO:0005737,GO:0004674,GO:0005634,GO:0018105,GO:0005856
OG0002539_00	GO:0106140,GO:0006909,GO:0005737,GO:0033749,GO:0005634
OG0002041_00	GO:0005815,GO:0005814,GO:0060271,GO:0034451,GO:0061511,GO:0071539
OG0003073_00	GO:0016925,GO:0032446,GO:0031510,GO:0019948,GO:0005737
OG0002250_00	GO:0005840,GO:0003735,GO:0006412
OG0003868_00	GO:0005243,GO:0005886,GO:0005921
OG0003936_00	GO:0005634,GO:0008017,GO:0005737
OG0007565_00	GO:0005737,GO:0006646,GO:0004306
OG0004620_00	GO:0031012,GO:0004222,GO:0006508,GO:0030198
OG0000417_00	GO:0006508,GO:0070006,GO:0008270,GO:0005615,GO:0043171,GO:0016020,GO:0005737,GO:0042277
OG0006428_00	GO:0006281,GO:0000077,GO:0005634,GO:0005694,GO:0004674,GO:0000723
OG0010070_00	GO:0000978,GO:0000785,GO:0000981,GO:0006357,GO:0005667
OG0000970_00	GO:0007186,GO:0004930,GO:0005886
OG0001487_00	GO:0005829,GO:0004843,GO:0016579,GO:0005634
OG0004358_00	GO:0071013,GO:0003723,GO:0034470
OG0010423_00	GO:0071577,GO:0005385,GO:0016020
OG0007080_00	GO:0000015,GO:0004634,GO:0000287,GO:0006096
OG0002300_00	GO:0000776,GO:0007094,GO:0043063,GO:0030496,GO:0007140,GO:0008608,GO:0051306,GO:0045171
OG0001082_00	GO:0005737,GO:0007275,GO:0043161,GO:0031624,GO:0006511,GO:0061630
OG0002111_00	GO:0045261,GO:0046933,GO:0005753,GO:0042776
OG0005190_00	GO:0019464,GO:0016594,GO:0030170,GO:0006546,GO:0005960,GO:0004375,GO:0005739
OG0003534_00	GO:0007264,GO:0005525
OG0009796_00	GO:0004984,GO:0005549,GO:0005886,GO:0016020,GO:0050911,GO:0007608
OG0005781_00	GO:0031213,GO:0042393,GO:0006355,GO:0045892
OG0007642_00	GO:0005229,GO:0005886,GO:0016020,GO:0072320
OG0002209_00	GO:0000175
OG0007291_00	GO:0006123
OG0004226_00	GO:0005829,GO:0002949,GO:0000408,GO:0005634
OG0006736_00	GO:0005085,GO:0005765,GO:0060090,GO:0071230,GO:0001919,GO:0043410,GO:0071986
OG0004419_00	GO:0034315,GO:0005886,GO:0030027,GO:0016477
OG0000125_00	GO:0042826,GO:0005634,GO:0005737
OG0005489_00	GO:0005868,GO:0005737,GO:0007018,GO:0045505
OG0009391_00	GO:0016020
OG0006365_00	GO:0005886
OG0004713_00	GO:0043087,GO:0043231,GO:0005096,GO:0005886,GO:0005737,GO:0005547
OG0003356_00	GO:0052689,GO:0005886,GO:0019695,GO:0006581,GO:0005615,GO:0003990
OG0000735_00	GO:0032045,GO:0005085,GO:0005851,GO:0003743,GO:0002183
OG0009527_00	GO:0030527,GO:0000786,GO:0003677
OG0000703_00	GO:0043256,GO:0009887,GO:0009888,GO:0007411,GO:0070831,GO:0034446,GO:0016477
OG0009249_00	GO:0003724,GO:0005829
OG0006110_00	GO:0018095
OG0006740_00	GO:0022841,GO:0005886,GO:0030322,GO:0015271,GO:0071805,GO:0016020,GO:0005267
OG0001154_00	GO:0006357,GO:0009952,GO:0000978,GO:0000981,GO:0000122,GO:0005634
OG0000175_00	GO:0005549,GO:0005886,GO:0004984,GO:0016020,GO:0007608,GO:0050911
OG0005451_00	GO:0008241,GO:0008237,GO:0016020,GO:0006508,GO:0005886,GO:0005615
OG0004809_00	GO:0005289,GO:0005739,GO:0022857,GO:1990575,GO:0006810
OG0001828_00	GO:0016491,GO:0005829
OG0001961_00	GO:0000175,GO:0005739,GO:0000288
OG0006335_00	GO:0051721,GO:0005783,GO:0042326,GO:0035307
OG0004548_00	GO:0062129,GO:0008010
OG0005899_00	GO:0003723,GO:0001682,GO:0000172
OG0008184_00	GO:0005930,GO:0008017,GO:0051493
OG0007185_00	GO:0016255,GO:0042765,GO:0016020
OG0000226_00	GO:0016020,GO:0005216,GO:0034220,GO:0004888
OG0004532_00	GO:0005085,GO:0005769,GO:0030133,GO:0048812,GO:0000149,GO:0097422,GO:0005886,GO:0045022,GO:0043005,GO:0005770
OG0002488_00	GO:0061630,GO:0005654
OG0006651_00	GO:0005789,GO:0051377,GO:0006506,GO:0016772
OG0005593_00	GO:0001725,GO:0005925,GO:0098609
OG0004161_00	GO:0098719,GO:0051453,GO:0071805,GO:0006812,GO:0016020,GO:0015385,GO:0005886,GO:1902600,GO:0015386
OG0001852_00	GO:0004674,GO:0000165,GO:0004709
OG0010511_00	GO:0005739,GO:0030145,GO:0004784
OG0004937_00	GO:0005634,GO:0006974,GO:0008283,GO:0001934
OG0006023_00	GO:0016020,GO:0005337,GO:0005886,GO:1901642
OG0000630_00	GO:0007186,GO:0004930,GO:0005886
OG0007179_00	GO:0006357,GO:0000981,GO:0005634
OG0005735_00	GO:0000727,GO:0000811,GO:0006261
OG0001010_00	GO:0003756,GO:0005789,GO:0006457,GO:0005793
OG0007225_00	GO:0008180
OG0007016_00	GO:0000981,GO:0006355,GO:0000978
OG0005249_00	GO:0005829,GO:0000932,GO:0022008
OG0006240_00	GO:0035869,GO:0060271,GO:0036038
OG0007913_00	GO:0005759,GO:0006631,GO:0006974
OG0005106_00	GO:0005737,GO:0019722,GO:0005634,GO:0008597
OG0003839_00	GO:0051087,GO:0006457,GO:0005739,GO:0005524,GO:0046872,GO:0051082,GO:0051085,GO:0005759,GO:0044183
OG0002407_00	GO:0005783,GO:0008117,GO:0030149
OG0004694_00	GO:0002028
OG0003721_00	GO:0006412,GO:0003735,GO:0005840
OG0003018_00	GO:0007169,GO:0035556
OG0003133_00	GO:0060070,GO:0005615,GO:0030182,GO:0005576,GO:0005102,GO:0005125,GO:0005109,GO:0016055,GO:0045165,GO:0007275
OG0004781_00	GO:0005634,GO:0005694,GO:0007131,GO:0051598
OG0003717_00	GO:0005739
OG0003675_00	GO:0003725,GO:0005622,GO:0005730,GO:0004386,GO:0003723,GO:0045943
OG0001527_00	GO:0004377,GO:0006490,GO:0016020,GO:0006487,GO:0005789
OG0005817_00	GO:0007034
OG0003886_00	GO:0006096,GO:0000015,GO:0004634,GO:0000287
OG0004887_00	GO:0043066,GO:0005739,GO:0007005
OG0008862_00	GO:0003735,GO:0005840,GO:0006412,GO:0000027,GO:0022625,GO:0008097
OG0005159_00	GO:0007030,GO:0005794
OG0002158_00	GO:0018107,GO:0018105,GO:0004674
OG0001317_00	GO:0000723,GO:0006302,GO:0005634,GO:0004674,GO:0008630
OG0007715_00	GO:0051015
OG0007049_00	GO:0005739
OG0005234_00	GO:0006357
OG0000975_00	GO:0019205,GO:0006139,GO:0005524
OG0010426_00	GO:0045505,GO:0005868,GO:0005737,GO:0007018
OG0000508_00	GO:0004467,GO:0016020,GO:0005783
OG0000412_00	GO:0005840,GO:0003735,GO:0006412
OG0002494_00	GO:0043015,GO:0005815,GO:0000278,GO:0051225,GO:0007020,GO:0000930,GO:0000922,GO:0051011,GO:0000226,GO:0031122,GO:0051321
OG0004625_00	GO:0007165
OG0003227_00	GO:0046856,GO:0005783,GO:0043812
OG0002941_00	GO:0002092,GO:0043005,GO:0097062,GO:0006886,GO:0008021,GO:0043113,GO:0005080,GO:0032588,GO:0098842,GO:0005543,GO:0014069,GO:0034315
OG0008631_00	GO:0005634,GO:0010468
OG0003803_00	GO:0000347,GO:0000346,GO:0006406
OG0003014_00	GO:0044389
OG0002512_00	GO:0005634,GO:0005737,GO:0000056,GO:0000055,GO:0005049,GO:0006611
OG0000378_00	GO:0004046
OG0006360_00	GO:0016603,GO:0008270,GO:0017186
OG0000120_00	GO:0016020,GO:0005886,GO:0007608,GO:0004984,GO:0005549,GO:0050911
OG0000515_00	GO:0000226,GO:0005737,GO:0005819,GO:0008017,GO:0051256,GO:1990023
OG0001079_00	GO:0031118,GO:0000495,GO:0031429,GO:0031120,GO:1990481,GO:0006396,GO:0009982
OG0004223_00	GO:0010468,GO:0005634
OG0006733_00	GO:0016323,GO:0045197,GO:0030054,GO:0009790,GO:0098609,GO:0043113,GO:0019901,GO:0097120
OG0009025_00	GO:0031490,GO:0005634,GO:0006355,GO:0042393
OG0007485_00	GO:0045944,GO:0000978,GO:0070411,GO:0000981,GO:0006355,GO:0006357,GO:0030154,GO:0060395,GO:0032924,GO:0009653,GO:0071144
OG0008440_00	GO:0005777,GO:0042744,GO:0034599,GO:0045454,GO:0008379,GO:0005739,GO:0005737
OG0003409_00	GO:0071683,GO:0019230,GO:0050954,GO:0042330
OG0009641_00	GO:0016491,GO:0050660
OG0005960_00	GO:0005814,GO:0007099,GO:0005813
OG0008978_00	GO:0007218,GO:0008528,GO:0035237,GO:0005886
OG0003702_00	GO:0009653
OG0002705_00	GO:0015643
OG0003776_00	GO:0000306,GO:0010008,GO:0070772,GO:0006661
OG0005954_00	GO:0036122,GO:0030513,GO:0005576
OG0007772_00	GO:0001228,GO:0006357
OG0007128_00	GO:0004653,GO:0006493,GO:0005112,GO:0005794,GO:0008593
OG0001337_00	GO:0005634,GO:0140658,GO:0003682,GO:0006338,GO:0003677,GO:0000785,GO:0016887,GO:0042393,GO:0034728
OG0006398_00	GO:0035269,GO:0005789,GO:0000030
OG0005522_00	GO:0010991,GO:0000139,GO:0031901,GO:0030512,GO:0070412,GO:0060394
OG0005218_00	GO:0006457,GO:0003755,GO:0005739,GO:0005737,GO:0000413,GO:0043231,GO:0016018
OG0008554_00	GO:0005886,GO:0004984,GO:0016020,GO:0005549,GO:0050911,GO:0007608
OG0000587_00	GO:0043025,GO:0008049,GO:0030425,GO:0030424,GO:0007635
OG0001139_00	GO:0005886
OG0001504_00	GO:0031901,GO:0016197
OG0002175_00	GO:0061630,GO:0000151,GO:0042393,GO:0016567,GO:0005829,GO:0070936,GO:0006302,GO:0035861,GO:0006511,GO:0005634
OG0007024_00	GO:0003743,GO:0006413,GO:0005851,GO:0005085
OG0007859_00	GO:0036158,GO:0045504,GO:0005737,GO:0043014
OG0001251_00	GO:0005622,GO:0004386,GO:0003723
OG0005134_00	GO:0034976,GO:0061666,GO:0071568,GO:0071569,GO:1990592,GO:0005789,GO:0032434
OG0008252_00	GO:0010628,GO:0016592,GO:0070847,GO:0003712,GO:0006357
OG0002791_00	GO:0015179,GO:0003333,GO:0016020
OG0007411_00	GO:0006271,GO:0042575,GO:0043625
OG0005332_00	GO:0000387,GO:0003723,GO:0032797
OG0007622_00	GO:0005739,GO:0016836
OG0007535_00	GO:0003682,GO:0005677,GO:0045892,GO:0000976,GO:0031507
OG0007856_00	GO:0005750,GO:0006122,GO:0009055,GO:0020037
OG0002091_00	GO:0007606
OG0005061_00	GO:0017148,GO:0005737,GO:0005634,GO:0003729
OG0001708_00	GO:0005643,GO:0006406,GO:1901673,GO:0017056
OG0002262_00	GO:0016020
OG0002762_00	GO:0005507,GO:0005615,GO:0004500,GO:0030667,GO:0042421,GO:0042420,GO:0006589
OG0005947_00	GO:0006879,GO:0005737,GO:0006880,GO:0008199,GO:0006826,GO:0008198
OG0003769_00	GO:0006865,GO:0016020,GO:0071705,GO:0035725,GO:0005886
OG0008838_00	GO:0005730,GO:0030692,GO:0042254,GO:0032040
OG0000984_00	GO:0090141,GO:0006468,GO:0004672,GO:0005739,GO:0042981,GO:0004674,GO:0000422
OG0001697_00	GO:0004365,GO:0005829,GO:0006096,GO:0016620
OG0003289_00	GO:0010008,GO:0022832,GO:0005765
OG0003380_00	GO:0006357,GO:0005634
OG0005874_00	GO:0005730,GO:0042254
OG0008514_00	GO:0005509
OG0001544_00	GO:0005737
OG0005440_00	GO:0008010,GO:0062129
OG0001651_00	GO:0003723,GO:0034458,GO:0005622,GO:0004386
OG0001970_00	GO:0015986,GO:0045259,GO:0046933,GO:0043531,GO:0005754,GO:0005524,GO:0045261
OG0006777_00	GO:0071011,GO:0000398,GO:0017069,GO:0003729
OG0004267_00	GO:0051639,GO:0051015,GO:0051017,GO:0005884,GO:0032432,GO:0005737
OG0008384_00	GO:0016020,GO:0015375,GO:0035725,GO:0071705,GO:0005886,GO:0006865
OG0005888_00	GO:0019902,GO:0010923
OG0004818_00	GO:0003735,GO:0005840,GO:0005762,GO:0006412
OG0007194_00	GO:0005786,GO:0008312,GO:0006614,GO:0030942
OG0007932_00	GO:0003723,GO:0045296
OG0006993_00	GO:0006891,GO:0017119
OG0001369_00	GO:0005737,GO:0016477,GO:0043087,GO:0005085
OG0005432_00	GO:0007417,GO:0030182,GO:0005634,GO:0006357,GO:0000978,GO:0000981
OG0001216_00	GO:0046933,GO:0015986,GO:0045259
OG0001641_00	GO:0003917,GO:0006281,GO:0005634,GO:0006310,GO:0006265,GO:0003677
OG0006987_00	GO:0005829,GO:0046890
OG0007456_00	GO:0032418,GO:0099078
OG0008295_00	GO:0004725
OG0001379_00	GO:0005737,GO:0016407,GO:0005739,GO:0031405
OG0007900_00	GO:0030036,GO:0005737
OG0008066_00	GO:0000978,GO:0000981,GO:0007417,GO:0030182,GO:0005634,GO:0007420,GO:0006357
OG0001902_00	GO:0004485,GO:0005739
OG0000834_00	GO:0005634,GO:0003677
OG0003471_00	GO:0031543,GO:0008198,GO:0071456
OG0010448_00	GO:0001558,GO:0005520,GO:0009966,GO:0005576
OG0006681_00	GO:0030166,GO:0030158,GO:0050650,GO:0015012
OG0004337_00	GO:0005739,GO:0097250
OG0006447_00	GO:0005783,GO:0018401,GO:0004656
OG0002659_00	GO:0005938,GO:0000132,GO:0001965,GO:0005092
OG0002585_00	GO:0005737,GO:0005634,GO:0042051,GO:0042826
OG0009917_00	GO:0016020,GO:0005549,GO:0005886,GO:0050911,GO:0007608,GO:0004984
OG0006923_00	GO:0005829,GO:0033353
OG0000716_00	GO:0061909
OG0003186_00	GO:0016485,GO:0016020,GO:0043085
OG0009800_00	GO:0005272,GO:0006814,GO:0016020,GO:0005886,GO:0015280,GO:0035725
OG0002597_00	GO:0005634,GO:0032204
OG0006562_00	GO:0005737,GO:0007165
OG0004472_00	GO:0003700,GO:0003677,GO:0000981,GO:0006357,GO:0000978,GO:0005667,GO:0006355,GO:0005634
OG0009453_00	GO:0008270,GO:0016836,GO:0004089,GO:0006730
OG0003091_00	GO:0006357,GO:0000976,GO:0005634
OG0009224_00	GO:0005509,GO:0000287
OG0003364_00	GO:0007186,GO:0008188,GO:0005886,GO:0007218,GO:0004930
OG0004022_00	GO:0051879,GO:0030544,GO:0060548
OG0000219_00	GO:0004984,GO:0050911,GO:0007608,GO:0005549,GO:0005886,GO:0016020
OG0000340_01	GO:0006412,GO:0003735,GO:0032040,GO:0030686,GO:0022627,GO:0006364,GO:0005840,GO:0042274
OG0006648_00	GO:0005634,GO:0042393
OG0000725_00	GO:0004984,GO:0050911,GO:0007608,GO:0005549,GO:0005886,GO:0016020
OG0003791_00	GO:0007309,GO:0034709
OG0010337_00	GO:0005840,GO:0006412,GO:0003735
OG0008315_00	GO:0042147,GO:0007041,GO:0000938,GO:1990745,GO:0048193,GO:0007030,GO:0016020,GO:0032456
OG0007714_00	GO:0005730,GO:0000122,GO:0006364,GO:0003677
OG0005640_00	GO:0046785,GO:0005874,GO:0001578,GO:0015631,GO:0032273
OG0007105_00	GO:0030866,GO:0045159,GO:0008593,GO:0019905,GO:0005737,GO:0030864,GO:0032878,GO:0051294,GO:0005886,GO:0005096,GO:0006893
OG0007048_00	GO:0008234
OG0005235_00	GO:0003730
OG0005158_00	GO:0005747
OG0008420_00	GO:0050808,GO:0032589
OG0005900_00	GO:0019901,GO:0007528,GO:0061098
OG0007115_00	GO:0005634,GO:0006357,GO:0000978,GO:0000981
OG0005676_00	GO:0016020,GO:1902936
OG0002940_00	GO:0015252,GO:1902600,GO:0016020
OG0003015_00	GO:0042274,GO:0019843,GO:0034457,GO:0030515,GO:0032040,GO:0006364
OG0000379_00	GO:0005829,GO:0016226,GO:0005634,GO:0031071,GO:0005739
OG0003226_00	GO:0035269,GO:0006506,GO:0005789,GO:0006488,GO:0004582
OG0003802_00	GO:0016887
OG0004804_00	GO:0032456,GO:0045022,GO:0043328,GO:0005768
OG0001159_00	GO:0003887,GO:0003682,GO:1902975,GO:0006273,GO:0006272,GO:0005658,GO:0003688,GO:0003697
OG0000178_00	GO:0005886,GO:0050911,GO:0004984,GO:0005549,GO:0007608,GO:0016020
OG0001825_00	GO:0005730,GO:0032040,GO:0030686
OG0005546_00	GO:0006887,GO:0006893,GO:0000145
OG0010540_00	GO:0000981,GO:0006357,GO:0000977
OG0004130_00	GO:0005739
OG0004545_00	GO:0001671,GO:0044571,GO:0005739,GO:0051087
OG0005059_00	GO:0005524,GO:0035299,GO:0005634,GO:0052746,GO:0032958
OG0008715_00	GO:0005886,GO:0006874,GO:0043231,GO:0019829,GO:0051480,GO:0005388
OG0005143_00	GO:0006351,GO:0000981,GO:0000978,GO:0003700,GO:0006357
OG0007329_00	GO:0006457,GO:0005829,GO:0001671,GO:0032781,GO:0051087
OG0003567_00	GO:0006814,GO:0015280,GO:0035725,GO:0016020,GO:0005272,GO:0005886
OG0007844_00	GO:0005262,GO:0005886,GO:0070679,GO:0034703,GO:0051480,GO:0016020,GO:0015279,GO:0070588
OG0002160_00	GO:0008305,GO:0007160,GO:0098609,GO:0007229,GO:0009897,GO:0005178,GO:0033627
OG0002278_00	GO:0005891,GO:0005245
OG0007053_00	GO:0005886
OG0003160_00	GO:0005886,GO:0035331
OG0004095_00	GO:0005829,GO:0016579,GO:0004843,GO:0005634
OG0003313_00	GO:0004842,GO:0005778,GO:0008270,GO:0005515,GO:0016558,GO:0006513,GO:1990429
OG0002426_00	GO:0016706
OG0000345_00	GO:0016836,GO:0000287,GO:0016052
OG0006185_00	GO:0016020,GO:0043066
OG0007749_00	GO:0004402,GO:0031509,GO:0005634
OG0001556_00	GO:0052745,GO:0003993
OG0003855_00	GO:0005615,GO:0055037,GO:0005886,GO:0005769,GO:0006826
OG0008159_00	GO:0015986,GO:0015078
OG0001189_00	GO:0005802
OG0001887_00	GO:0005739,GO:0006635
OG0000817_00	GO:0006740,GO:0005737,GO:0016491
OG0002886_00	GO:0071546
OG0006352_00	GO:0006357,GO:0042127,GO:0008134,GO:0000978,GO:0005667,GO:0000981,GO:0051726
OG0006468_00	GO:0008080
OG0000112_00	GO:0016616,GO:0005737
OG0001907_00	GO:0005634,GO:0006355,GO:0000981,GO:0006357,GO:0003700,GO:0000978
OG0004276_00	GO:0035267,GO:0006338,GO:0043486,GO:0003714,GO:0006281,GO:0000122,GO:0000812
OG0008290_00	GO:0005615,GO:0031012
OG0006766_00	GO:0060271,GO:0035869
OG0005437_00	GO:0005744,GO:0030150
OG0001644_00	GO:0005852,GO:0002188,GO:0043614,GO:0003743,GO:0003729,GO:0071540,GO:0001732,GO:0071541
OG0006982_00	GO:0008168,GO:0005829,GO:0018423,GO:0006481
OG0007905_00	GO:0006888,GO:0016192,GO:0030008
OG0007453_00	GO:0005743,GO:0034551
OG0001020_00	GO:0062023
OG0003025_00	GO:0006914,GO:0005737,GO:0034058,GO:0016020,GO:0016192
OG0004752_00	GO:0071230,GO:0032006,GO:0071986,GO:0032008
OG0000095_00	GO:0005886,GO:0007169,GO:0033674,GO:0043235,GO:0004714,GO:0007275
OG0002916_00	GO:0016020,GO:0055085,GO:0022857
OG0003274_00	GO:0099078,GO:0032418
OG0010362_00	GO:0004601
OG0009427_00	GO:0000977,GO:0005634,GO:0006357,GO:0032422,GO:0000981
OG0002563_00	GO:0045944,GO:0003700,GO:0090575
OG0007099_00	GO:0005794,GO:0016757,GO:0070085,GO:0006688,GO:0033842,GO:0008378,GO:0005975,GO:0033207
OG0008757_00	GO:0005737,GO:0019187
OG0005093_00	GO:0004128,GO:0005737,GO:0005783,GO:0020037,GO:0006801
OG0003525_00	GO:0036503,GO:0034450,GO:0005737,GO:0005634,GO:0000151,GO:0000209
OG0003910_00	GO:0003735,GO:0070180,GO:0005840,GO:0015934,GO:0022625,GO:0006412
OG0002856_00	GO:0006139,GO:0019205,GO:0005524
OG0002319_00	GO:0051539,GO:0005829,GO:0006099,GO:0005739,GO:0003994
OG0001754_00	GO:0005319
OG0002411_00	GO:0007099,GO:0090266,GO:0043015,GO:0035371,GO:0000242,GO:0000226,GO:0097431,GO:0008017,GO:0000132,GO:0001578,GO:0046600,GO:0007059
OG0003733_00	GO:0032040,GO:0005730,GO:0030692,GO:0030490
OG0010359_00	GO:0010468,GO:0005654,GO:0000785,GO:0003723
OG0005266_00	GO:0030246,GO:0016020
OG0001323_00	GO:0048856,GO:0006355,GO:0003677,GO:0006357,GO:0000981,GO:0000978
OG0008346_00	GO:0005634,GO:0042826,GO:0005737
OG0005635_00	GO:0030544,GO:0006450,GO:0043022,GO:0051083,GO:0005829
OG0007156_00	GO:0000276,GO:0046933,GO:0015986,GO:0015078
OG0001121_00	GO:0006260,GO:0006974,GO:0003690,GO:0005634
OG0000593_00	GO:0006913
OG0004852_00	GO:0061024,GO:0016020
OG0004367_00	GO:0006811,GO:0005743,GO:0022889,GO:0022857,GO:1990542,GO:0016020,GO:0140300,GO:0015075,GO:0055085
OG0004536_00	GO:0000139,GO:0018345,GO:0016409
OG0003379_00	GO:0004020,GO:0000103,GO:0050428
OG0000222_00	GO:0030527,GO:0000786,GO:0003677
OG0004165_00	GO:0050660,GO:0009055,GO:0005739,GO:0033539
OG0001856_00	GO:0036064,GO:0044458
OG0008511_00	GO:0008049,GO:0030424,GO:0030425,GO:0007635,GO:0043025
OG0005871_00	GO:0005737,GO:0016616
OG0005079_00	GO:0005634,GO:0005737,GO:0010468,GO:0003714
OG0001448_00	GO:0000077,GO:0045944,GO:0042393,GO:0005634
OG0001541_00	GO:0005634,GO:0006364
OG0003801_00	GO:0005634,GO:0005737
OG0003016_00	GO:0005536,GO:0006006,GO:0004340,GO:0006096,GO:0005524,GO:0051156,GO:0046835,GO:0004396,GO:0001678,GO:0005829,GO:0008865,GO:0005739,GO:0005975
OG0003225_00	GO:0006357,GO:0000981,GO:0000977,GO:0006986,GO:0005634
OG0003719_00	GO:0005654,GO:0042826,GO:0003714,GO:0000122
OG0002943_00	GO:0004350,GO:0005739
OG0001037_00	GO:0005783,GO:0008324,GO:0006829,GO:0006882
OG0007242_00	GO:0062129,GO:0008010
OG0008287_00	GO:0032589,GO:0050808
OG0005752_00	GO:0005507
OG0002480_00	GO:0000785,GO:0003712,GO:0016925,GO:0006357,GO:0061665
OG0000402_00	GO:0120013,GO:1902387,GO:0005737,GO:0016020,GO:1902388,GO:0120009,GO:0035627,GO:0005829
OG0004037_00	GO:0007517,GO:0006357,GO:0000978,GO:0006355,GO:0000981,GO:0045663
OG0000943_00	GO:0001653,GO:0006182,GO:0004383,GO:0007168,GO:0005886,GO:0004016
OG0004613_00	GO:1990573,GO:0015379,GO:0015377,GO:0055064,GO:0055078,GO:0006811,GO:0016020,GO:0006884,GO:0008511,GO:0055075,GO:1902476,GO:0035725
OG0003375_00	GO:0006874,GO:0070588,GO:0005262,GO:0008273,GO:0005886
OG0004972_00	GO:0016020,GO:0031267,GO:0034260
OG0006127_00	GO:0016593,GO:1990269
OG0004169_00	GO:0005634
OG0003082_00	GO:0005788,GO:0097363,GO:0016757,GO:0097370
OG0002654_00	GO:0005634
OG0002588_00	GO:0006435,GO:0005739,GO:0004829
OG0004443_00	GO:0030626,GO:0000398,GO:0097157,GO:0005689
OG0002514_00	GO:0005794,GO:0006468,GO:0016773
OG0003221_00	GO:0034975,GO:0072546
OG0002947_00	GO:0005789,GO:0004605
OG0003012_00	GO:0016592,GO:0045944,GO:0003713
OG0008637_00	GO:0006417,GO:0005737,GO:0003729
OG0003139_00	GO:0051721,GO:0005829,GO:0035303,GO:0009966
OG0003805_00	GO:0000398,GO:0046540,GO:0005682,GO:0005681
OG0002955_00	GO:0006606
OG0003237_00	GO:0006646,GO:0004305,GO:0005737
OG0002528_00	GO:0003827,GO:0005794,GO:0006487,GO:0006486
OG0003066_00	GO:0008757,GO:0030735,GO:0005829,GO:0005634,GO:0035498
OG0005647_00	GO:0006415,GO:0003747
OG0001629_00	GO:0140662
OG0007102_00	GO:0016020
OG0005956_00	GO:0048280,GO:0005789,GO:0006891,GO:0000149,GO:0006906,GO:0012507,GO:0005484,GO:0042147,GO:0016236,GO:1903076,GO:0031201,GO:0006896,GO:0005794,GO:0031902
OG0007499_00	GO:0005544,GO:0005737,GO:0001786,GO:0005886,GO:0032509,GO:0012506,GO:0005634
OG0009039_00	GO:0003341,GO:1904158,GO:0005930
OG0008803_00	GO:0007283,GO:0007112
OG0003774_00	GO:0016020
OG0007770_00	GO:0003735,GO:0006412,GO:0005840
OG0001686_00	GO:0043005
OG0008185_00	GO:0015179,GO:0005774,GO:0016020,GO:0003333
OG0007184_00	GO:0005737,GO:0005956,GO:0019887
OG0004549_00	GO:0062129,GO:0008010
OG0005898_00	GO:0006520,GO:0005737,GO:0016831
OG0001155_00	GO:0005245,GO:0005891
OG0001829_00	GO:0000712,GO:0031422,GO:0016604,GO:0000724
OG0004808_00	GO:0005634,GO:0006261,GO:0006281,GO:0005663,GO:0003689
OG0006334_00	GO:0005737
OG0005450_00	GO:0006509
OG0000527_00	GO:0006364,GO:0003723,GO:0005730,GO:0032040
OG0001960_00	GO:0000049,GO:0005739,GO:1990180,GO:0008033,GO:0001680
OG0000621_00	GO:0005549,GO:0050911,GO:0004984,GO:0007608,GO:0005886,GO:0016020
OG0009576_00	GO:0043235,GO:0042562,GO:0005886,GO:0006898,GO:0016324
OG0004067_00	GO:0004674,GO:0005737,GO:0006468
OG0007884_00	GO:0043565
OG0006177_00	GO:0030182,GO:0000978,GO:0005634,GO:0000981,GO:0006357
OG0007537_00	GO:0000027,GO:0003735,GO:0002181,GO:0022625,GO:0070180
OG0005063_00	GO:0005085,GO:0031267
OG0007029_00	GO:0005886,GO:0005307,GO:0008292,GO:0015871
OG0007313_00	GO:0005737,GO:0004860,GO:0035556
OG0002178_00	GO:0007131,GO:0005634,GO:0015616,GO:0000724
OG0003595_00	GO:0005655,GO:0008033
OG0007854_00	GO:0016020,GO:0020037,GO:0043231
OG0008076_00	GO:0000398,GO:0061632,GO:0071014
OG0007446_00	GO:0090630,GO:0005096
OG0002391_00	GO:0006357,GO:0009880,GO:0000981,GO:0005634,GO:0009790,GO:0000977,GO:0048619
OG0005101_00	GO:0005886,GO:0032266,GO:0031201,GO:2000786,GO:0015031,GO:0031901
OG0001017_00	GO:0005622,GO:1990904,GO:0003723,GO:0016887,GO:0003724,GO:0005730,GO:0045944,GO:0050684,GO:0004386,GO:0043138
OG0005732_00	GO:0042565,GO:0006611,GO:0005049,GO:0005634,GO:0006405,GO:0003723,GO:0005737
OG0005619_00	GO:0031080
OG0007011_00	GO:0003700,GO:0000978,GO:0006357,GO:0006355,GO:0000981,GO:0005634
OG0007914_00	GO:0048018,GO:0038098,GO:0005615,GO:0036122,GO:0009887
OG0005872_00	GO:0007281,GO:0010494,GO:0003729,GO:1990124,GO:0035418,GO:0043025,GO:0003725,GO:0008298,GO:0043005,GO:0098964,GO:0005886
OG0008512_00	GO:0031012,GO:0005615
OG0001542_00	GO:0051015,GO:0007015
OG0007737_00	GO:0005634,GO:0008270
OG0008127_00	GO:0060271,GO:0030317,GO:0031514,GO:0001669
OG0003386_00	GO:0003724,GO:0005829
OG0007718_00	GO:0005737,GO:0004620,GO:0030134
OG0007606_00	GO:0031011,GO:0071339,GO:0045944,GO:0002151,GO:0044545
OG0001622_00	GO:0042254,GO:0034511,GO:0000479,GO:0030686,GO:0000462,GO:0003924,GO:0005525
OG0005154_00	GO:0017187,GO:0047057,GO:0042373
OG0005316_00	GO:0007005,GO:0001401,GO:0005737
OG0002155_00	GO:0006367,GO:0005673
OG0006296_00	GO:0008467,GO:0008146
OG0008001_00	GO:0016020,GO:2001234,GO:0005783,GO:0005794
OG0007431_00	GO:0030008,GO:0005794
OG0007044_00	GO:0042393,GO:0003682,GO:0045892,GO:0005634
OG0005239_00	GO:0016020
OG0007109_00	GO:0006886,GO:0035091,GO:0034498,GO:0031901,GO:0042147
OG0008108_00	GO:0004930,GO:0007186,GO:0005886
OG0001271_00	GO:0004725
OG0000770_00	GO:0004672,GO:0006468
OG0000019_00	GO:0007635,GO:0043025,GO:0008049,GO:0030425,GO:0030424
OG0001988_00	GO:0003723,GO:0000447,GO:0005730,GO:0000472,GO:0034462,GO:0000480
OG0004015_00	GO:0030705,GO:0008017,GO:0005813,GO:0031122,GO:0005815,GO:0005737,GO:0051959
OG0009931_00	GO:0005840,GO:0003735,GO:0006412
OG0003020_00	GO:0007131,GO:0005694,GO:0042138,GO:0000228,GO:0003918,GO:0003677,GO:0000706
OG0002809_00	GO:0001099,GO:0003723,GO:0097484,GO:0005730
OG0004757_00	GO:0004842,GO:0016567
OG0009422_00	GO:0016616,GO:0005737
OG0010367_00	GO:0016192
OG0003271_00	GO:0000700,GO:0005634,GO:0008263,GO:0006285,GO:0004844
OG0009329_00	GO:0004674,GO:0004706
OG0002913_00	GO:0012505
OG0003518_00	GO:0005737,GO:0003723
OG0002929_00	GO:0004045,GO:0005829
OG0003504_00	GO:0090389
OG0005797_00	GO:0005524
OG0002107_00	GO:0006355,GO:0000724,GO:0005634,GO:0006281
OG0002622_00	GO:0051726,GO:0043484,GO:0003723,GO:0048024
OG0009353_00	GO:0042392
OG0000841_00	GO:0106073,GO:0006488,GO:0006487,GO:0005783
OG0008096_00	GO:0033185,GO:0180047,GO:0005789,GO:0006506,GO:0030234
OG0002375_00	GO:0016787
OG0008993_00	GO:0007186,GO:0005886,GO:0004930
OG0002726_00	GO:0007015,GO:0016020,GO:0051015,GO:0015629,GO:0005737
OG0008644_00	GO:0061630,GO:0007275,GO:0005737,GO:0043161,GO:0006511,GO:0031624
OG0003102_00	GO:0051539,GO:0005524,GO:0051536,GO:0032981,GO:0016226,GO:0005739
OG0004770_00	GO:1901981,GO:0043231
OG0002408_00	GO:0005739,GO:0016020,GO:0061668,GO:0005737
OG0000792_00	GO:0006511,GO:0016567,GO:0061630,GO:0005634,GO:0006397
OG0002501_00	GO:0003700,GO:0006357,GO:0000978
OG0003836_00	GO:0140662
OG0002934_00	GO:0005929,GO:0060271,GO:0030991,GO:0035721
OG0009669_00	GO:0008408
OG0010340_00	GO:0004252
OG0006193_00	GO:0006355,GO:0043565,GO:1990837,GO:0006357,GO:0005634
OG0003110_00	GO:0005739,GO:0006412
OG0004766_00	GO:0006071,GO:0006641,GO:0016310,GO:0005739,GO:0046167
OG0010356_00	GO:0006355,GO:0000981,GO:0048856,GO:0003677,GO:0000978,GO:0006357
OG0003301_00	GO:0000151
OG0004083_00	GO:0016020
OG0002575_00	GO:0006631,GO:0000062
OG0008871_00	GO:0045944,GO:0003713,GO:0005737,GO:0005634,GO:0035329
OG0005906_00	GO:0005942,GO:0046854,GO:0046935
OG0005168_00	GO:0005739
OG0005670_00	GO:0006635,GO:0005739
OG0008687_00	GO:0000981,GO:0000978,GO:0001228,GO:0006355,GO:0006357,GO:0005634,GO:0042063
OG0000070_00	GO:0004984,GO:0005549,GO:0005886,GO:0016020,GO:0050911,GO:0007608
OG0003251_00	GO:0006779,GO:0005737,GO:0006782,GO:0004109
OG0009406_00	GO:0005856,GO:0018107,GO:0018105,GO:0004674,GO:0005634,GO:0005737
OG0002032_00	GO:0030670,GO:0046856,GO:0031902,GO:0034597,GO:0005886,GO:0005765
OG0003149_00	GO:0006412,GO:0005840,GO:0005762,GO:0032543,GO:0003735
OG0009833_00	GO:0006357,GO:0005634,GO:0000981
OG0003573_00	GO:0002084,GO:0008474,GO:0052689,GO:0005737
OG0003924_00	GO:0051301,GO:0016567,GO:0045842,GO:0031145,GO:0005680,GO:0005737
OG0007515_00	GO:0004459,GO:0006089,GO:0006090
OG0007339_00	GO:0008081
OG0005049_00	GO:0000209,GO:0061630,GO:0006513
OG0002246_00	GO:0031462
OG0001760_00	GO:0004758,GO:0046512,GO:0046513,GO:0017059
OG0001839_00	GO:0006397,GO:0000347,GO:0000445,GO:0006406,GO:0003729
OG0004106_00	GO:0000978,GO:0003700,GO:0006357,GO:0000981
OG0004559_00	GO:0004222
OG0000960_00	GO:0050660,GO:0016491
OG0010060_00	GO:0050911,GO:0016020,GO:0005549,GO:0004984,GO:0005886,GO:0007608
OG0004630_00	GO:0005886,GO:0042626,GO:0030659,GO:0016020,GO:0055085
OG0006438_00	GO:0000184,GO:0005737,GO:0003724
OG0004911_00	GO:0005737,GO:0004016
OG0004348_00	GO:0005886,GO:0005261,GO:0016020,GO:0072345,GO:0005765
OG0006005_00	GO:0001731
OG0000612_00	GO:0005576
OG0004390_00	GO:0006421,GO:0005737,GO:0004816
OG0004927_00	GO:0005615
OG0005560_00	GO:0005783,GO:0043130,GO:0036503
OG0008049_00	GO:0001540,GO:0006355,GO:0005634,GO:0008134,GO:0005737
OG0006256_00	GO:0006914,GO:0042594,GO:0005737
OG0007479_00	GO:0016020,GO:0009966
OG0001723_00	GO:0006378,GO:0031124,GO:0005847
OG0007831_00	GO:0062129,GO:0008010
OG0007215_00	GO:0006974,GO:0006281,GO:0005634,GO:0005654,GO:0070876
OG0005114_00	GO:0030286,GO:0045505,GO:0051959,GO:0007018
OG0002195_00	GO:0071561,GO:0006623,GO:0045324,GO:0005770,GO:0016236,GO:0034272,GO:0034271,GO:0030242,GO:0004674
OG0002384_00	GO:0033557,GO:0000712
OG0005705_00	GO:0006357,GO:0005675,GO:0006289
OG0001971_00	GO:1990756,GO:0031462,GO:0043161,GO:0006886
OG0005441_00	GO:0062129,GO:0008010
OG0005980_00	GO:0005737,GO:0005634
OG0006776_00	GO:0007399,GO:0042953,GO:0005929,GO:0060271,GO:0008289
OG0004819_00	GO:0004674
OG0006992_00	GO:0005761
OG0005889_00	GO:0005737,GO:0070682,GO:0005634
OG0001650_00	GO:0016020,GO:0012505
OG0008410_00	GO:0006303,GO:0003677,GO:0003887,GO:0006284,GO:0005634,GO:0006281
OG0003756_00	GO:1904294,GO:0061630
OG0005930_00	GO:0003729,GO:0006376,GO:0005685
OG0009053_00	GO:0036064,GO:0005813,GO:0044782
OG0005050_00	GO:0030015
OG0003056_00	GO:0005737,GO:0036064,GO:0051959,GO:0031267,GO:0060271
OG0002169_00	GO:0006508,GO:0004197
OG0002271_00	GO:0051726,GO:0005634
OG0007320_00	GO:0006886
OG0000557_00	GO:0070131,GO:0009019,GO:0005739,GO:0097745,GO:0005634,GO:0000049,GO:0005654
OG0004320_00	GO:0019441,GO:0019442,GO:0020037,GO:0004833
OG0006450_00	GO:0005762
OG0004658_00	GO:0008094
OG0003462_00	GO:0043231,GO:0005777,GO:0035336,GO:0080019
OG0010008_00	GO:0004252
OG0004918_00	GO:0006090,GO:0005739,GO:0006108,GO:0004470,GO:0004473
OG0001593_00	GO:0006750,GO:0017109,GO:0004357
OG0000532_00	GO:0055088,GO:0004806,GO:0016042,GO:0005737,GO:0016787,GO:0019433,GO:0016020,GO:0005811
OG0007784_00	GO:0016266,GO:0035252
OG0001382_00	GO:0032543,GO:0005761,GO:0003735
OG0004341_00	GO:0005783,GO:0036503
OG0000969_00	GO:0005549,GO:0005886,GO:0004984,GO:0050911,GO:0007608,GO:0016020
OG0000468_00	GO:0022857,GO:0055085,GO:0016020
OG0001830_00	GO:0005813,GO:0007099
OG0001144_00	GO:0008526,GO:0031210,GO:0008525,GO:0005737,GO:0015914,GO:0005548,GO:0035091
OG0004550_00	GO:0062129,GO:0008010
OG0004833_00	GO:0005886,GO:0072659
OG0004639_00	GO:0016477,GO:0007015
OG0008194_00	GO:0140662
OG0008821_00	GO:0000978,GO:0005634,GO:0005667,GO:0000981,GO:0006357
OG0009057_00	GO:0042709,GO:0006099,GO:0006104,GO:0005739,GO:0004775
OG0003752_00	GO:0061630,GO:0043161,GO:0007275,GO:0006511,GO:0031624,GO:0005737
OG0005934_00	GO:0005840,GO:0003735,GO:0006412
OG0003639_00	GO:0000812
OG0000007_01	GO:0030424,GO:0008049,GO:0007635,GO:0043025,GO:0030425
OG0009124_00	GO:0005829,GO:0004013,GO:0033353
OG0000826_00	GO:0003796
OG0002598_00	GO:0046540,GO:0008380,GO:0071021,GO:0000350,GO:0005682
OG0002644_00	GO:0005828,GO:0005737,GO:0007094,GO:0000070,GO:0031267,GO:1990423,GO:1903394
OG0007163_00	GO:0005829,GO:0004157,GO:0006208,GO:0016812
OG0001374_00	GO:0005739
OG0001028_00	GO:0030422,GO:0003725,GO:0070578,GO:0070920,GO:0005737,GO:0016442,GO:0005634,GO:0035197
OG0001172_00	GO:0033186,GO:0006334,GO:0005634
OG0004867_00	GO:0071944
OG0008298_00	GO:0008010,GO:0062129
OG0008373_00	GO:0005886,GO:0016020
OG0000896_00	GO:0005737
OG0010223_00	GO:0016460
OG0006448_00	GO:0006906,GO:0005484,GO:0000149,GO:0031201,GO:0006887
OG0000334_00	GO:0007608,GO:0004984,GO:0016020,GO:0050911,GO:0005549,GO:0005886
OG0000910_00	GO:0061015,GO:0005634,GO:0005737
OG0002431_00	GO:0000422,GO:0005741
OG0005039_00	GO:0005886,GO:0008191,GO:0030198,GO:1904684,GO:0004866
OG0001408_00	GO:0007186,GO:0005886,GO:0008188,GO:0004930
OG0008285_00	GO:0032589,GO:0050808
OG0005750_00	GO:0010008,GO:0005886,GO:0008474,GO:0002084
OG0006265_00	GO:0005085,GO:0055037
OG0009458_00	GO:0009986,GO:0030182
OG0006569_00	GO:0071014,GO:0000398,GO:0008380,GO:0005684
OG0009120_00	GO:0018026,GO:0016279,GO:0018023
OG0006366_00	GO:0033674,GO:0042593,GO:0005899,GO:0005886,GO:0043410,GO:0004714,GO:0007169,GO:0051897,GO:0043560,GO:0030424,GO:0043235,GO:0005009,GO:0007275
OG0000513_00	GO:0004102,GO:0007274,GO:0008292,GO:0043005,GO:0005737,GO:0016746
OG0006735_00	GO:0016559,GO:0005778
OG0004225_00	GO:0051603,GO:0005737
OG0005179_00	GO:0003723,GO:0001522,GO:0005634,GO:0009451,GO:0009982
OG0005661_00	GO:0031624,GO:0097602,GO:0032182,GO:0045116,GO:0000151
OG0005377_00	GO:0097310,GO:0006370,GO:0005737,GO:0005634,GO:0097309,GO:0004483
OG0009074_00	GO:0030424,GO:0008046,GO:0005886,GO:0043025,GO:0007156,GO:0050808
OG0002138_00	GO:0005765,GO:0016020,GO:0003333,GO:0015179
OG0007667_00	GO:0006886,GO:0005741
OG0009690_00	GO:0005886,GO:0016020,GO:0006811,GO:0005216,GO:0098703,GO:0005262
OG0005913_00	GO:0000981,GO:0006357,GO:0000977,GO:0032502
OG0001294_00	GO:0000981,GO:0000978,GO:0006355
OG0002754_00	GO:0005319
OG0003240_00	GO:0004616
OG0003349_00	GO:0035725,GO:0005886,GO:0006865,GO:0016020,GO:0089718,GO:0015179,GO:0071705,GO:0005283
OG0004726_00	GO:0004768,GO:0005506,GO:0005789,GO:0016717,GO:0006636
OG0003693_00	GO:0007005,GO:0005737,GO:0005739
OG0009202_00	GO:0006812,GO:0071805,GO:0051453,GO:0015385,GO:0015386,GO:0016020,GO:1902600
OG0008692_00	GO:0000045,GO:0034045,GO:0000421,GO:0034274,GO:0043495
OG0003157_00	GO:0045116,GO:0000151,GO:0097602,GO:0031624,GO:0032182
OG0003346_00	GO:0006357,GO:0005634
OG0002451_00	GO:0045505,GO:0030286,GO:0007018,GO:0051959,GO:0005858
OG0004660_00	GO:0043161,GO:0000502
OG0000930_00	GO:0070971,GO:0000149,GO:0008270,GO:0030127,GO:0090110
OG0000314_00	GO:0004984,GO:0005549,GO:0005886,GO:0016020,GO:0007608,GO:0050911
OG0004729_00	GO:0005737,GO:0016579,GO:0006511,GO:0004843
OG0009482_00	GO:0055085,GO:0022857,GO:0016020
OG0000139_00	GO:0032504,GO:0005615
OG0004214_00	GO:0008408,GO:0090503,GO:0008409
OG0006515_00	GO:0003688,GO:0006260,GO:0000808,GO:0005634,GO:0003677,GO:0005664,GO:0006270
OG0005495_00	GO:0003746,GO:0005829,GO:0005853,GO:0005085,GO:0006414
OG0005684_00	GO:0016592,GO:0006357,GO:0003712
OG0004405_00	GO:0005634,GO:0003755,GO:0005829
OG0006704_00	GO:0005634,GO:0006357
OG0006379_00	GO:0007017,GO:0005874
OG0007963_00	GO:0000398
OG0009764_00	GO:0000978,GO:0000981,GO:0006357,GO:0045944
OG0003465_00	GO:0006897,GO:0008104,GO:0042147,GO:0016020,GO:0030139,GO:0005794
OG0000806_00	GO:0005789,GO:0042761,GO:0019367,GO:0009922,GO:0030148,GO:0034626,GO:0016020,GO:0034625
OG0001896_00	GO:0006357,GO:0005730
OG0004327_00	GO:0010972
OG0001736_00	GO:0070476,GO:0046982,GO:0030488,GO:0018364
OG0008058_00	GO:0006508,GO:0030145,GO:0008233,GO:0070006,GO:0019538,GO:0005737
OG0007204_00	GO:0007019,GO:0008352
OG0007639_00	GO:0001517,GO:0006044,GO:0006790
OG0005714_00	GO:0043231,GO:0020037,GO:0016020
OG0007521_00	GO:0003712,GO:0016592,GO:0006357
OG0007820_00	GO:0005739,GO:0032543,GO:0003735
OG0007468_00	GO:0062129,GO:0008010
OG0000080_00	GO:0050911,GO:0016020,GO:0005886,GO:0005549,GO:0004984,GO:0007608
OG0002213_00	GO:0000379,GO:0000213
OG0003030_00	GO:0030427,GO:0051015,GO:0030425,GO:0045773,GO:0045211,GO:0030864,GO:0030833,GO:0061003,GO:0014069,GO:0005884,GO:0098974,GO:0030027,GO:0048812
OG0002002_00	GO:0003755,GO:0071013,GO:0000413
OG0008655_00	GO:0005634,GO:0006357
OG0003207_00	GO:0005739,GO:0032981
OG0004508_00	GO:0000124,GO:0005669,GO:0003713,GO:0051123,GO:0006367,GO:0016251,GO:0046695
OG0005680_00	GO:0016531,GO:0006825,GO:0005829
OG0004210_00	GO:0051560,GO:0036444,GO:1990246
OG0009486_00	GO:0048665,GO:0000981,GO:0007409,GO:0045944
OG0006964_00	GO:0005730,GO:0032040,GO:0000462
OG0006700_00	GO:0005615
OG0006511_00	GO:0004169,GO:0035269,GO:0005783
OG0001868_00	GO:0004067
OG0005491_00	GO:0005634,GO:0046974
OG0004401_00	GO:0008289
OG0001526_00	GO:0015149,GO:0015749,GO:0016020
OG0003674_00	GO:0030126,GO:0006888,GO:0006891,GO:0006890,GO:0005198
OG0004886_00	GO:0000978,GO:0005634,GO:0030154,GO:0006357,GO:0000981
OG0005816_00	GO:0043565
OG0002988_00	GO:0160107,GO:0030488,GO:0031515,GO:0005634
OG0009268_00	GO:0090110,GO:0030127,GO:0070971,GO:0005096
OG0000981_01	GO:0005634,GO:0006289,GO:1990918,GO:0003678
OG0000476_00	GO:0017171
OG0000627_00	GO:0007608,GO:0005615
OG0004906_00	GO:0061630
OG0006171_00	GO:0000045,GO:0005789
OG0006812_00	GO:0005737
OG0007131_00	GO:0047369,GO:0008410,GO:0005739
OG0007618_00	GO:0005549,GO:0005886,GO:0016020,GO:0004984,GO:0050911,GO:0007608
OG0007702_00	GO:0006780,GO:0005829,GO:0004852
OG0006381_00	GO:0034625,GO:0030148,GO:0016020,GO:0034626,GO:0009922,GO:0019367,GO:0005789,GO:0042761
OG0001515_00	GO:0005539,GO:0008449
OG0002789_00	GO:0000723,GO:0140445,GO:0005634
OG0008268_00	GO:0005634,GO:0004518,GO:0000175,GO:0034477
OG0005825_00	GO:0005730,GO:0042273
OG0003896_00	GO:0005886,GO:0016020,GO:0006508,GO:0008237,GO:0008241
OG0005308_00	GO:0005737,GO:0006810,GO:0005886
OG0001249_00	GO:0005509,GO:0005783
OG0008112_00	GO:0005634,GO:0003713,GO:0006355
OG0008039_00	GO:0043005
OG0009125_00	GO:0005829,GO:0030866,GO:0016477,GO:0007010,GO:0022604,GO:0051015,GO:0008360
OG0002645_00	GO:0004843,GO:0005829,GO:0016579,GO:0005634
OG0002599_00	GO:0071004,GO:0003723,GO:0071013,GO:0005686,GO:0045292,GO:0000381
OG0010127_00	GO:0016018,GO:0003755,GO:0005737,GO:0006457,GO:0000413,GO:0043231
OG0000089_01	GO:0005615,GO:0004867
OG0002589_00	GO:0061061,GO:0001725,GO:0005912,GO:0030036,GO:0003779,GO:0030018,GO:0051371,GO:0031941
OG0003083_00	GO:0003842,GO:0005759,GO:0010133
OG0004442_00	GO:0005814,GO:0007099,GO:1903723,GO:0051298,GO:0032465,GO:0032053
OG0004634_00	GO:0007157,GO:0050839,GO:0046982,GO:0043005,GO:0042803,GO:0048666
OG0007789_00	GO:0006906,GO:0005794,GO:0005789,GO:0031201,GO:0005484,GO:0000149,GO:0012507,GO:0031902
OG0010064_00	GO:0007165,GO:0038023,GO:0017046
OG0001149_00	GO:0016491,GO:0005737
OG0004915_00	GO:0006468,GO:0005634,GO:0004674
OG0008199_00	GO:1902042,GO:0043066
OG0000465_00	GO:0005634,GO:0071339
OG0000616_00	GO:0016592,GO:0060261,GO:0003712
OG0002741_00	GO:0016020,GO:0006892,GO:0005794
OG0001281_00	GO:0005736,GO:0003899,GO:0001054,GO:0001055,GO:0008270,GO:0005665,GO:0005666,GO:0001056
OG0008758_00	GO:0005886
OG0005186_00	GO:0004610,GO:0006048
OG0002859_00	GO:0046922,GO:0007219,GO:0036066
OG0007096_00	GO:0005886,GO:0006508,GO:0004222,GO:0016485
OG0002125_00	GO:0005794,GO:0031902,GO:0005789,GO:0016197,GO:0005886,GO:0006888
OG0005340_00	GO:0016020,GO:0005886
OG0003013_00	GO:0051046,GO:0030141,GO:0045202
OG0003804_00	GO:0022900,GO:0051537,GO:0009055,GO:0140647,GO:0005739
OG0000006_01	GO:0016020,GO:0050911,GO:0005549,GO:0004984,GO:0005886,GO:0007608
OG0003138_00	GO:0005634,GO:0000978,GO:0001228,GO:0006357
OG0003220_00	GO:0000145,GO:0051601,GO:0000149,GO:0006887
OG0001175_00	GO:0003690,GO:0006303,GO:0042162,GO:0043564,GO:0000723
OG0005254_00	GO:0106018,GO:0046856,GO:0005737,GO:0004438
OG0001801_00	GO:0000245,GO:0000974,GO:0071011,GO:0071007,GO:0071014,GO:0000398
OG0005438_00	GO:0004674,GO:0005794,GO:0005737
OG0008374_00	GO:0051642,GO:0007346,GO:0032039
OG0006769_00	GO:0016020,GO:0003830,GO:0016757,GO:0006044
OG0004279_00	GO:0016791,GO:0016311
OG0000891_00	GO:0005886,GO:0004222,GO:0006508,GO:0016485
OG0004561_00	GO:0006508,GO:0008239
OG0007164_00	GO:0017150
OG0000194_00	GO:0051879,GO:0005737,GO:0061077
OG0001373_00	GO:0005737,GO:0008270,GO:0004089
OG0007486_00	GO:0005634,GO:0003677,GO:0000978,GO:0006355,GO:0005524,GO:0000981
OG0009642_00	GO:0003700,GO:0006357,GO:0000978
OG0002706_00	GO:0008171,GO:0008173,GO:0017069,GO:0040031
OG0005128_00	GO:0016887,GO:1902600,GO:0097401,GO:0000221,GO:0016471,GO:0046961
OG0002187_00	GO:0022625,GO:0003729,GO:0003735,GO:0002181
OG0001735_00	GO:0007219,GO:0016567
OG0007038_00	GO:0005634,GO:0006357,GO:0030154
OG0007823_00	GO:0006357,GO:0000978,GO:0000981,GO:0090575
OG0007522_00	GO:0006122,GO:0005750
OG0007207_00	GO:0001405,GO:0001671,GO:0030150
OG0003584_00	GO:0016020
OG0001709_00	GO:0032367,GO:0055037,GO:0005802
OG0007857_00	GO:0000978,GO:0006355,GO:0000981
OG0007534_00	GO:0006357,GO:0000978,GO:0005634,GO:0000981
OG0002090_00	GO:0048015,GO:0051209,GO:0046488,GO:0035556,GO:0004435
OG0003596_00	GO:0005634,GO:0006357
OG0005060_00	GO:0008360,GO:0030334,GO:0043087,GO:0071526,GO:0008045,GO:0050772,GO:0002116,GO:0017154,GO:0097374,GO:0005886,GO:0007162
OG0002263_00	GO:0005737,GO:0005634,GO:0070530,GO:0043122
OG0004925_00	GO:0004714,GO:0017147,GO:0007275,GO:0005886,GO:0007169,GO:0033674,GO:0043235
OG0004392_00	GO:0070877,GO:0042802,GO:0031053,GO:0003723,GO:0070878,GO:0003725,GO:0020037
OG0000644_00	GO:0016020,GO:0005886,GO:0055085,GO:0042626
OG0000455_00	GO:0005085,GO:0007264,GO:0043547
OG0006839_00	GO:0019005,GO:0043161
OG0000775_00	GO:0042256,GO:0005759
OG0006908_00	GO:0005104,GO:0008543,GO:0005068,GO:0005737,GO:0007169
OG0004010_00	GO:0005634,GO:0004482,GO:0006370,GO:0005845
OG0006100_00	GO:0005737,GO:0006629,GO:0000302
OG0006801_00	GO:0072546
OG0005559_00	GO:0006913
OG0005447_00	GO:0004843,GO:0005829,GO:0016579,GO:0042981,GO:0005634
OG0001818_00	GO:0003682,GO:0008278,GO:1990414,GO:0007062
OG0005986_00	GO:0097542,GO:0060271,GO:0036064,GO:0005814
OG0000888_00	GO:1902495,GO:0022857,GO:0034220
OG0001977_00	GO:0006357,GO:0000981,GO:0000976
OG0006770_00	GO:0031083
OG0004578_00	GO:0050911,GO:0007608,GO:0016020,GO:0005549,GO:0004984,GO:0005886
OG0001656_00	GO:0140291,GO:0005654,GO:0140293,GO:0006974,GO:0042278
OG0006994_00	GO:0000460,GO:0003677,GO:0003723,GO:0005730,GO:0010468,GO:0000178
OG0007935_00	GO:0072659,GO:0005886
OG0010268_00	GO:0000793,GO:0005634,GO:0003677,GO:0051276
OG0002821_00	GO:0004526,GO:0030678,GO:0001682,GO:0097745
OG0009019_00	GO:0006357,GO:0000981,GO:0000977
OG0008089_00	GO:0006083,GO:0008775,GO:0005739
OG0008786_00	GO:0004364,GO:0006559,GO:0005739,GO:0006749,GO:0016034
OG0007596_00	GO:0005539,GO:0008449
OG0000870_00	GO:0005730,GO:0007059,GO:0006260,GO:0003917,GO:0006265
OG0002616_00	GO:0005739,GO:0006627
OG0002739_00	GO:0005747
OG0009301_00	GO:0005737,GO:0005096
OG0004580_00	GO:0004252
OG0001975_00	GO:0043087
OG0006996_00	GO:0097431,GO:0031122,GO:0008017,GO:0030496,GO:0051256,GO:1990023,GO:0032467,GO:0005813,GO:0005881,GO:0000226
OG0006321_00	GO:0006906,GO:0031201,GO:0012505,GO:0005484,GO:0006886,GO:0000149,GO:0048278
OG0004262_00	GO:0043541,GO:0006488,GO:0004577
OG0006772_00	GO:0008023,GO:0003711,GO:0032783,GO:0006368
OG0000161_00	GO:0008049,GO:0043025,GO:0007635,GO:0030425,GO:0030424
OG0005984_00	GO:0031625,GO:0005783,GO:0005789,GO:0032933,GO:0015485
OG0004129_00	GO:0015093,GO:0031966,GO:0048250
OG0001654_00	GO:0006421,GO:0004816,GO:0005739
OG0006690_00	GO:0032438,GO:0072545,GO:0072544,GO:0007186,GO:0035240,GO:0004930,GO:0005886,GO:0033162,GO:0035643,GO:0050848,GO:0016020
OG0004322_00	GO:0003735,GO:0006412,GO:0005840
OG0003460_00	GO:0047499,GO:0016020,GO:0004620,GO:0019369,GO:0006631
OG0009628_00	GO:0004359,GO:0006541,GO:0006537,GO:0006543
OG0001893_00	GO:0003723
OG0006452_00	GO:0036064,GO:0005813
OG0002449_00	GO:0006886,GO:0005096,GO:0090630
OG0000839_00	GO:0005737,GO:0006979,GO:0042744,GO:0005739,GO:0042542,GO:0005777,GO:0004096,GO:0020037
OG0000336_00	GO:0009056,GO:0008270
OG0000912_00	GO:0007608,GO:0005549,GO:0005886,GO:0050911,GO:0004984,GO:0016020
OG0010139_00	GO:0005737,GO:0045947,GO:0008190
OG0002433_00	GO:0003729,GO:0005634,GO:0006406
OG0010012_00	GO:0005737,GO:0005654,GO:0043484,GO:0003723
OG0007307_00	GO:0005634
OG0003282_00	GO:0044782
OG0002087_00	GO:0005216,GO:0034220,GO:0004888,GO:0016020
OG0005077_00	GO:0043235,GO:0005886,GO:0033674,GO:0007169,GO:0004714,GO:0007275
OG0001315_00	GO:0005840,GO:0022625,GO:0006412,GO:0003723,GO:0003735
OG0005319_00	GO:0017056,GO:0005643,GO:0006606,GO:0008139,GO:0006405
OG0007609_00	GO:0006032,GO:0004568,GO:0008061,GO:0005576
OG0005236_00	GO:0002028,GO:0005886,GO:0017080
OG0007106_00	GO:0031267,GO:0005085
OG0008107_00	GO:0006888,GO:0005794,GO:0005484
OG0006299_00	GO:0005634,GO:0006355
OG0000757_00	GO:0005737,GO:0051603,GO:0005634,GO:0005839
OG0001388_00	GO:0006357,GO:0003700,GO:0000978
OG0006006_00	GO:0022857,GO:0007224,GO:0016020
OG0004912_00	GO:0000214,GO:0000379
OG0006635_00	GO:0003896,GO:0003887,GO:0003682,GO:0005759,GO:0009411,GO:0019985,GO:0031297,GO:0005634,GO:0006264,GO:0042276
OG0000611_00	GO:0005829,GO:0019433,GO:0004806,GO:0004771
OG0001599_00	GO:0006351,GO:0032549,GO:0003899
OG0000462_00	GO:0006325,GO:0005634
OG0000963_00	GO:0035861,GO:0005634
OG0004633_00	GO:0016020,GO:0006820,GO:0022857
OG0002425_00	GO:0005085,GO:0007264,GO:0043547
OG0000698_00	GO:0031012
OG0003310_00	GO:0006298,GO:0140664,GO:0005524,GO:0032301,GO:0003690,GO:0005634,GO:0030983
OG0003163_00	GO:0006611
OG0006186_00	GO:0043066,GO:0050821
OG0010457_00	GO:0030182,GO:0000977,GO:0000981,GO:0005634,GO:0006357
OG0004096_00	GO:0016485,GO:0004222,GO:0005759
OG0000820_00	GO:0000981,GO:0006357,GO:0000977,GO:0005634
OG0003098_00	GO:0006995,GO:0000423,GO:0043548,GO:0030674,GO:0006914,GO:0045324,GO:0034271,GO:0034272,GO:0000045,GO:0000407
OG0009122_00	GO:0016020,GO:0005886,GO:0030659
OG0002642_00	GO:0006412,GO:0002181,GO:0003735,GO:0022625,GO:0003723,GO:0005840
OG0002676_00	GO:0030317,GO:0048870,GO:0031514
OG0002360_00	GO:0005634,GO:0031124,GO:0003729,GO:0031123
OG0004191_00	GO:0009653
OG0009116_00	GO:0043291,GO:0007035
OG0003451_00	GO:0016579,GO:0005634,GO:0004843
OG0000854_00	GO:0005739
OG0008048_00	GO:0030036,GO:0051371,GO:0003779,GO:0031941,GO:0030018,GO:0001725,GO:0061061,GO:0005912
OG0002194_00	GO:0005978,GO:0004373,GO:0005737
OG0007214_00	GO:0005737
OG0001238_00	GO:0016787,GO:0012505
OG0002385_00	GO:0048039,GO:0005740,GO:0020037,GO:0006099,GO:0016020,GO:0005749,GO:0006121
OG0006257_00	GO:0016020
OG0007478_00	GO:0043171,GO:0042277,GO:0005615,GO:0006508,GO:0070006,GO:0008270,GO:0005737,GO:0016020
OG0001722_00	GO:0015035,GO:0005758,GO:0045041,GO:0022417
OG0007005_00	GO:0006357,GO:0030154,GO:0000978,GO:0009653,GO:0000981
OG0005115_00	GO:0005634,GO:0070370,GO:0005829,GO:0003714
OG0001007_00	GO:0098887
OG0007830_00	GO:0062129,GO:0008010
OG0001558_00	GO:0051225,GO:0070652,GO:0072686,GO:0031023,GO:0005815
OG0008508_00	GO:0000178,GO:0000176,GO:0005737,GO:0006396
OG0005921_00	GO:0005761,GO:0005762
OG0005868_00	GO:0006396
OG0003394_00	GO:0005886,GO:0043235
OG0003743_00	GO:0005829,GO:0047134
OG0002527_00	GO:0043565,GO:0003713,GO:0005634,GO:0016513,GO:0006357
OG0003069_00	GO:0007275,GO:0005615,GO:0016055,GO:0005109,GO:0005576,GO:0045165,GO:0030182,GO:0005102,GO:0060070,GO:0005125
OG0003238_00	GO:0017148,GO:0030014,GO:0006402
OG0003605_00	GO:0048039,GO:0005739,GO:0045333
OG0004796_00	GO:0005811,GO:0016616
OG0007327_00	GO:0005886,GO:0005215,GO:0016020,GO:0008643,GO:0015293,GO:0071702
OG0005057_00	GO:0033188,GO:0016780,GO:0005789,GO:0005886,GO:0047493,GO:0000139,GO:0046513
OG0002276_00	GO:0034220,GO:0004888,GO:0005216,GO:0016020
OG0003051_00	GO:0031151,GO:0051726,GO:0005634,GO:0000077,GO:0006281,GO:2000677
OG0003416_00	GO:0032034,GO:0001725,GO:0051893,GO:0051496
OG0008945_00	GO:0005634,GO:0000977,GO:0006357,GO:0000981
OG0009032_00	GO:0045892,GO:0003714,GO:0000118,GO:0005667,GO:0006357
OG0002712_00	GO:0005643,GO:0005096,GO:0005737
OG0008808_00	GO:0005634,GO:0032797,GO:0000387,GO:0000245
OG0007492_00	GO:0006508,GO:0005615,GO:0004252
OG0001784_00	GO:0006606
OG0003215_00	GO:0032299,GO:0005654,GO:0006401
OG0005789_00	GO:0005615,GO:0004867
OG0007552_00	GO:0000978,GO:0031519,GO:0005667,GO:0006357,GO:0000981,GO:0000785
OG0007088_00	GO:0005251,GO:0043679,GO:0045211,GO:0001508,GO:0071805,GO:0008076,GO:0032590,GO:0032809,GO:0016020,GO:0006813,GO:0042734,GO:0005249
OG0003004_00	GO:0005737,GO:0016712,GO:0006082,GO:0006805,GO:0020037,GO:0043231,GO:0008395
OG0003963_00	GO:0005576,GO:0016477,GO:1905475,GO:0009966,GO:0009986,GO:0031012,GO:0062023,GO:0005886,GO:0045202
OG0002201_00	GO:0005783
OG0007299_00	GO:0003333,GO:0015179
OG0002119_00	GO:0004586,GO:0005737,GO:0033387,GO:0006596
OG0002308_00	GO:0016887,GO:0042393,GO:0031011,GO:0006281,GO:0006338
OG0005198_00	GO:0005886
OG0005078_00	GO:0007165,GO:0016020,GO:0005525
OG0008846_00	GO:0034451,GO:0031122,GO:1905515
OG0002088_00	GO:0000082,GO:0010389,GO:0004693,GO:0005634,GO:0006468,GO:0000307,GO:0030332,GO:0005737,GO:0010468,GO:0010033,GO:0007165,GO:0004674
OG0003384_00	GO:0034765,GO:0006813,GO:1990573,GO:0005886,GO:0005242,GO:0016020
OG0007308_00	GO:0004791,GO:0005789,GO:0045454
OG0001449_00	GO:0005634,GO:0000981,GO:0003700,GO:0030154,GO:0006357
OG0001540_00	GO:0003682,GO:0006261
OG0008125_00	GO:0005739
OG0005870_00	GO:0070301
OG0000300_00	GO:0061630,GO:0036503,GO:0006516,GO:0031146,GO:0005737,GO:0019005
OG0004674_00	GO:0071011,GO:0005730,GO:0005686,GO:0048026,GO:0003723
OG0002463_00	GO:0000076,GO:0043111,GO:0031298,GO:0003677,GO:0048478
OG0003781_00	GO:0031201,GO:0006890,GO:0005783
OG0010024_00	GO:0005549,GO:0005886,GO:0004984,GO:0050911,GO:0007608,GO:0016020
OG0000924_00	GO:0003723,GO:0004386,GO:0071013,GO:0005622
OG0009582_00	GO:0005615,GO:0005737,GO:0016020,GO:0043171,GO:0006508,GO:0070006,GO:0008270,GO:0042277
OG0000754_00	GO:0000390,GO:0005681
OG0006820_00	GO:0004842,GO:0016567
OG0004071_00	GO:0008743,GO:0006567
OG0004452_00	GO:0006269,GO:0005658,GO:0006270
OG0006119_00	GO:0000030,GO:1990529,GO:0006506,GO:0051751,GO:0016020,GO:0004376
OG0000005_00	GO:0050911,GO:0007608,GO:0016020,GO:0005886,GO:0004984,GO:0005549
OG0004009_00	GO:0019205,GO:0006139,GO:0005524
OG0009240_00	GO:0016192
OG0002296_00	GO:0000226,GO:0015630
OG0004657_00	GO:0019005,GO:0005737,GO:0031146
OG0002444_00	GO:0055087,GO:0034427,GO:0006401
OG0010007_00	GO:0048856,GO:0006357,GO:0003677,GO:0000978,GO:0006355,GO:0000981
OG0000907_00	GO:0005739
OG0000887_00	GO:0005876,GO:0097431,GO:0008017,GO:0005737,GO:0005739
OG0010187_00	GO:0030681,GO:0001682,GO:0005730,GO:0033204
OG0001163_00	GO:0034599,GO:0005739,GO:0004362,GO:0006749,GO:0005829,GO:0045454,GO:0050660
OG0001817_00	GO:0005829,GO:0006457,GO:0051087,GO:0051879,GO:0005634,GO:0051131
OG0004124_00	GO:0023041,GO:0030867
OG0004577_00	GO:0000981,GO:0000978
OG0001659_00	GO:0005730,GO:0030686,GO:0032040,GO:0000462
OG0001978_00	GO:0016020,GO:0008474
OG0005448_00	GO:0008234
OG0002877_00	GO:0036071,GO:0046921,GO:0006487
OG0009357_00	GO:0004591,GO:0016624,GO:0006099,GO:0045252,GO:0030976,GO:0005739
OG0003038_00	GO:0004438,GO:0016020,GO:0052629,GO:0046856,GO:0005737
OG0003500_00	GO:0007271,GO:0031594,GO:0033130,GO:1900075,GO:0005886
OG0000088_00	GO:0016791,GO:0016311
OG0008952_00	GO:0005952,GO:0034237
OG0005793_00	GO:0030318
OG0002103_00	GO:0003899,GO:0005665,GO:0001055,GO:0006351
OG0007283_00	GO:0005743,GO:0030003
OG0001420_00	GO:0016281,GO:0003729,GO:0003743
OG0004849_00	GO:0005337,GO:0015293,GO:1901642,GO:0005415,GO:0005886,GO:0016020
OG0010344_00	GO:0034097,GO:0005737,GO:0000981,GO:0045087,GO:0033554,GO:0000978,GO:0006355,GO:0003700,GO:0038061,GO:0005634,GO:0007249,GO:0006954,GO:0045944
OG0003832_00	GO:0016020,GO:0004143,GO:0005886,GO:0007165
OG0004774_00	GO:1903955,GO:0005742
OG0002505_00	GO:0005730
OG0005660_00	GO:0009298,GO:0004476,GO:0005829
OG0001295_00	GO:0000981,GO:0005634,GO:0000977,GO:0030182,GO:0006357
OG0002139_00	GO:0005739
OG0005912_00	GO:0005737,GO:0016477,GO:0007169,GO:0090527,GO:0005886
OG0007068_00	GO:0006826,GO:0016491,GO:0055072,GO:0005886
OG0009075_00	GO:0005737,GO:0042826,GO:0005634
OG0008216_00	GO:0030154,GO:0045944,GO:0000978,GO:0001228,GO:0005634
OG0008432_00	GO:0006820,GO:0022857,GO:0016020
OG0007983_00	GO:0008134,GO:0045944,GO:0016592,GO:0003712,GO:0006357
OG0005376_00	GO:0007283
OG0002755_00	GO:0005737
OG0003768_00	GO:0015934,GO:0006412,GO:0003735
OG0002330_00	GO:0001653,GO:0007168,GO:0005886,GO:0004383,GO:0004016,GO:0006182
OG0000985_00	GO:0043023,GO:0005739,GO:0006412
OG0005946_00	GO:0016020
OG0001696_00	GO:0016405
OG0002763_00	GO:0005684,GO:0034247
OG0003170_00	GO:0006513,GO:0036297,GO:0043240,GO:0006281,GO:0004842,GO:0005634,GO:0061630
OG0002555_00	GO:0035725,GO:0005249,GO:0071805,GO:0098855,GO:0003254
OG0003321_00	GO:0000981,GO:0005634,GO:0006357,GO:0048468,GO:0030182,GO:0000978
OG0003268_00	GO:0000993,GO:0010506,GO:1904263,GO:0003682,GO:0005634
OG0008676_00	GO:0045505,GO:0007018,GO:0005868,GO:0005737
OG0004742_00	GO:0035267
OG0002906_00	GO:0032589,GO:0050808
OG0002206_00	GO:0006346,GO:0005721,GO:0046651,GO:0006306,GO:0044027,GO:0003682,GO:0031508,GO:0005634
OG0008929_00	GO:0004601
OG0003003_00	GO:0004502,GO:0070189,GO:0005741
OG0002071_00	GO:0008168,GO:0005634,GO:0070475,GO:0052907
OG0003212_00	GO:0005829,GO:0003723,GO:0016020,GO:0017124
OG0008745_00	GO:0031012,GO:0005615
OG0005081_00	GO:0016491
OG0003964_00	GO:0000445,GO:0006406,GO:0003729
OG0007590_00	GO:0001717,GO:0000049,GO:0001514,GO:0098621
OG0000876_00	GO:0097027,GO:1990757,GO:0010997,GO:0031145,GO:0005680,GO:1905786,GO:1904668
OG0008964_00	GO:0005886,GO:0004984,GO:0050911,GO:0005549,GO:0007608,GO:0016020
OG0002610_00	GO:0051539,GO:0005739,GO:0016992,GO:0009107
OG0009307_00	GO:0006352,GO:0003677
OG0002827_00	GO:0047389,GO:0046475
OG0000927_00	GO:0005881,GO:0007399,GO:0007026,GO:0008013,GO:0030877,GO:0001708,GO:0007389,GO:0016342,GO:0016477,GO:0008017,GO:0030178,GO:0090090
OG0004677_00	GO:0030374,GO:0003713,GO:0005634,GO:0045944,GO:0035097,GO:0005667
OG0003782_00	GO:1990247,GO:0003729,GO:0000398,GO:0000381,GO:0048024,GO:0005654
OG0000426_00	GO:0015293,GO:0006814
OG0002460_00	GO:0005634
OG0000303_00	GO:0008010,GO:0062129
OG0004298_00	GO:0034975,GO:0072546,GO:0005783,GO:0000045,GO:0016020
OG0007835_00	GO:0005615,GO:0004252,GO:0006508
OG0007211_00	GO:0005778,GO:0007031,GO:0016558,GO:0008270
OG0001002_00	GO:0003723,GO:0045292,GO:0071013,GO:0000398,GO:0005681
OG0005419_00	GO:0012505,GO:0008104
OG0002380_00	GO:0005789,GO:0043048,GO:0004168
OG0007227_00	GO:0097014,GO:0045504,GO:0045503,GO:0042073,GO:0005868,GO:0007018
OG0001012_00	GO:0016579,GO:0004843,GO:0005829,GO:0005634
OG0007443_00	GO:0005794,GO:0005789,GO:0004307,GO:0006646
OG0008073_00	GO:0051015,GO:0030864,GO:0040011,GO:0045214,GO:0030042
OG0001108_00	GO:0001561,GO:0003973,GO:0005782
OG0005104_00	GO:0016272,GO:0006457
OG0001203_00	GO:0005615,GO:0016042,GO:0016298,GO:0017171
OG0005737_00	GO:0005739,GO:0032981
OG0002394_00	GO:0033108,GO:0045040
OG0000102_00	GO:0006400,GO:0101030
OG0005695_00	GO:0005737,GO:0006996
OG0004205_00	GO:0003723,GO:0098789
OG0006715_00	GO:0005615,GO:0031012
OG0002987_00	GO:0005815,GO:0005813,GO:1903724,GO:0022027,GO:0010564
OG0000761_00	GO:0032040,GO:0030515,GO:0031428
OG0000479_00	GO:0042393,GO:0003714,GO:0030690,GO:0030691,GO:0005730,GO:0005654,GO:0000122,GO:0042273
OG0006976_00	GO:0061564,GO:0005634,GO:0045944,GO:0000981,GO:0007423,GO:0003700,GO:0070888
OG0000628_00	GO:0060271,GO:0045162,GO:0005814
OG0004909_00	GO:0010468,GO:0005634
OG0009267_00	GO:0007623
OG0002106_00	GO:0005847,GO:0004521,GO:0006398,GO:0004534,GO:0006378,GO:0003723
OG0003970_00	GO:0030970,GO:0030968,GO:0036503,GO:0005788
OG0007286_00	GO:0032589,GO:0050808
OG0002928_00	GO:0005634,GO:0004722,GO:0005737
OG0002872_00	GO:0005634,GO:0045944
OG0002623_00	GO:0006094,GO:0005737,GO:0004736,GO:0006090
OG0009352_00	GO:0004930,GO:0005886
OG0005247_00	GO:0006865,GO:0005283,GO:0015187,GO:0035725,GO:0005886,GO:0071705,GO:0089718,GO:0015179,GO:0016020
OG0000001_01	GO:0004984,GO:0016020,GO:0050911,GO:0005549,GO:0005886,GO:0007608
OG0006790_00	GO:0016702,GO:0019448,GO:0017172,GO:0008198,GO:0005506
OG0001104_00	GO:1902936,GO:0016020
OG0008482_00	GO:0005886,GO:0061630,GO:0007411,GO:0005634,GO:0008582
OG0004280_00	GO:0036374,GO:0006751,GO:0005886
OG0008367_00	GO:0004691,GO:0005829,GO:0005634,GO:0005952
OG0001913_00	GO:0015986,GO:0015078
OG0005610_00	GO:0045182,GO:0043022
OG0007177_00	GO:0005829,GO:0061929
OG0005423_00	GO:0036503
OG0004771_00	GO:0016020,GO:0016192
OG0003103_00	GO:0004053,GO:0005634,GO:0030145,GO:0046872,GO:0005829,GO:0005737,GO:0019547
OG0002500_00	GO:0005737,GO:0016316
OG0000793_00	GO:0005737,GO:0016651
OG0003837_00	GO:0030154,GO:0006357,GO:0005634,GO:0000981,GO:0000978
OG0002409_00	GO:0020037,GO:0006790,GO:0008482,GO:0005739,GO:0043546
OG0003984_00	GO:0006357,GO:0005634,GO:0003690,GO:0003712
OG0007232_00	GO:0005886,GO:0005509,GO:0017156,GO:0070382,GO:0030276,GO:0005544,GO:0000149,GO:0001786
OG0006886_00	GO:0005829,GO:0003921,GO:0006177
OG0005722_00	GO:0003727,GO:0071011,GO:0003725
OG0005029_00	GO:0005730
OG0005756_00	GO:0016192,GO:0043231,GO:0035658
OG0007246_00	GO:0043195,GO:0043410,GO:0030297
OG0001033_00	GO:0009328,GO:0004826,GO:0006432
OG0004455_00	GO:0008535,GO:0042775,GO:0005739
OG0002291_00	GO:0006747,GO:0003919
OG0006545_00	GO:0006357,GO:0005634
OG0006916_00	GO:0005525
OG0000605_00	GO:0005829,GO:0018738,GO:0046294
OG0000347_01	GO:0004332,GO:0006096
OG0000238_00	GO:0007608,GO:0004984,GO:0005886,GO:0016020,GO:0005549,GO:0050911
OG0010420_00	GO:0003755,GO:0000413,GO:0005783
OG0004119_00	GO:0005743,GO:0033617,GO:0032981
OG0000414_00	GO:0031267,GO:0016192,GO:0005829,GO:0030139,GO:0005085
OG0004964_00	GO:0007265,GO:0043410,GO:0005737,GO:0007169
OG0001484_00	GO:0016266,GO:0035252,GO:0140560,GO:0005789
OG0002492_00	GO:0005634,GO:0004527
OG0004623_00	GO:0007264,GO:0005525
OG0010073_00	GO:0006777,GO:1990133
OG0010566_00	GO:0009790,GO:0043113,GO:0030054,GO:0043005,GO:0098839,GO:0097120,GO:0031594,GO:0016323,GO:0007268,GO:0099072,GO:0019901,GO:0045197,GO:0098609
OG0001843_00	GO:0016589,GO:0000978,GO:0006357,GO:0035064
OG0000501_00	GO:0043231,GO:0006805,GO:0016712,GO:0008395,GO:0005737,GO:0006082,GO:0020037
OG0004354_00	GO:0031468,GO:0043161,GO:0043130,GO:0061025,GO:0007030,GO:0000045,GO:0005634,GO:0005829
OG0004523_00	GO:0005737,GO:0005739,GO:0006432,GO:0004826
OG0001582_00	GO:0004348,GO:0006680,GO:0006665
OG0006626_00	GO:0061630,GO:0016567
OG0006424_00	GO:0004553,GO:0006517,GO:0033925
OG0004116_00	GO:0006357,GO:0005634
OG0004822_00	GO:0005737,GO:0005980,GO:0005975,GO:0030170,GO:0008184
OG0006865_00	GO:0001671,GO:0005890,GO:0006883,GO:0006814,GO:0030007,GO:0036376,GO:0006813,GO:1990573
OG0000481_00	GO:0005886,GO:0016020,GO:0042626,GO:0055085
OG0001411_00	GO:0016020,GO:0020037,GO:0015232,GO:0097037,GO:0051184
OG0009998_00	GO:0004733,GO:0042823,GO:0010181,GO:0008615
OG0007977_00	GO:0003723,GO:0000963,GO:0044528,GO:0005759,GO:0035770
OG0001070_00	GO:0042803,GO:0071985,GO:0005198,GO:0043328,GO:0000814
OG0006369_00	GO:0045087,GO:0021556,GO:0005121,GO:0005576,GO:0008083
OG0006956_00	GO:0047874,GO:0043231,GO:0005789,GO:0008610,GO:0006487
OG0006220_00	GO:0006614,GO:0005786,GO:0008312,GO:0005047,GO:0030942
OG0005485_00	GO:0005525
OG0003330_00	GO:0019783
OG0009219_00	GO:0007186,GO:0005834,GO:0001664,GO:0019001,GO:0031683,GO:0007188,GO:0003924,GO:0005737
OG0009408_00	GO:0005886,GO:0001591,GO:0004930
OG0003147_00	GO:0004674,GO:0005856,GO:0031032,GO:0030866,GO:1901888,GO:0000281,GO:0005737,GO:0007266,GO:0018107,GO:0072518,GO:0048598
OG0004735_00	GO:0034315,GO:0006886,GO:0005543,GO:0032588
OG0010473_00	GO:0016323,GO:0043252,GO:0015347,GO:0016020,GO:0055085
OG0002544_00	GO:0004674,GO:0018105,GO:0035556
OG0008689_00	GO:0005856
OG0009956_00	GO:0106370
OG0000310_00	GO:0008049,GO:0043025,GO:0030425,GO:0030424,GO:0007635
OG0009511_00	GO:0051015,GO:0051490,GO:0000902,GO:0010591,GO:0008290,GO:0051016
OG0010467_00	GO:0000978,GO:0000981,GO:0006357
OG0002455_00	GO:0006511,GO:0031624,GO:0043130,GO:0005737
OG0009209_00	GO:0031902,GO:0005765,GO:0016020,GO:0005886,GO:0072594
OG0003698_00	GO:0000056,GO:0042274,GO:0005634,GO:0030688,GO:0005829
OG0004664_00	GO:0005886,GO:0004930
OG0000934_00	GO:0008276,GO:0035657,GO:0008757
OG0002168_00	GO:0004843,GO:0016579,GO:0005634,GO:0005829
OG0003057_00	GO:0005544,GO:0070382,GO:0030672,GO:0000149,GO:0048791,GO:0031045,GO:0001786,GO:0017156,GO:0005509,GO:0030424,GO:0030276,GO:0048488,GO:0005886
OG0005051_00	GO:0005747,GO:0005737,GO:0006120
OG0002270_00	GO:0042826,GO:0005737,GO:0005634
OG0007321_00	GO:0005783
OG0009056_00	GO:0019915,GO:0005811,GO:0010890,GO:0005829
OG0008820_00	GO:0006493,GO:0005794,GO:0004653
OG0003753_00	GO:0005762,GO:0003735
OG0000994_00	GO:0007188,GO:0005886,GO:0008528,GO:0017046
OG0003392_00	GO:0005829,GO:0004641,GO:0006189,GO:0006164,GO:0046084,GO:0004637
OG0008854_00	GO:0005886,GO:0015279,GO:0070588,GO:0005262,GO:0034703,GO:0070679,GO:0051480,GO:0016020
OG0001181_00	GO:0000981,GO:0006357,GO:0005634
OG0009686_00	GO:0000122,GO:0003700,GO:0000981,GO:0045165,GO:0045944,GO:0006357,GO:0000978,GO:0005634
OG0003745_00	GO:0015012,GO:0005794,GO:0047464
OG0008930_00	GO:0001731,GO:0005850,GO:0031369,GO:0006413,GO:0003729,GO:0003743
OG0009780_00	GO:0005549,GO:0005886,GO:0016020,GO:0004984,GO:0050911,GO:0007608
OG0002745_00	GO:0051879,GO:0030544,GO:0005634,GO:0006457,GO:0005829
OG0007654_00	GO:0015629,GO:0003779,GO:0005543,GO:0030031,GO:0061024,GO:0009898
OG0002312_00	GO:0005829,GO:0070012
OG0005344_00	GO:0004649,GO:0005737,GO:1990966,GO:0005975,GO:0006282,GO:0005634,GO:0009225
OG0005098_00	GO:0005794,GO:0016192,GO:0031267
OG0002121_00	GO:0007264,GO:0008270,GO:0005829,GO:0006892,GO:0016020,GO:0005085
OG0001285_00	GO:0004559,GO:0005764
OG0002068_00	GO:0003723,GO:0005634
OG0005182_00	GO:0042078
OG0004908_00	GO:0046933,GO:0000275,GO:0015986,GO:0045259
OG0000760_00	GO:0012505,GO:0016020,GO:0005740,GO:0005829,GO:0043066,GO:0006457,GO:0044183
OG0000478_00	GO:0000398,GO:0003723,GO:0071013
OG0009266_00	GO:0048015,GO:0046488,GO:0010634,GO:0032587,GO:0035556,GO:0004435,GO:0051209
OG0000629_00	GO:0007608,GO:0050911,GO:0005549,GO:0005886,GO:0004984,GO:0016020
OG0002986_00	GO:0030246
OG0004073_00	GO:0005634,GO:0006357,GO:0000978,GO:0003700,GO:0000981,GO:0045165,GO:0000122,GO:0045944
OG0000756_00	GO:0005829,GO:0034355,GO:0004516
OG0000639_00	GO:0010436,GO:0003834,GO:0042574,GO:0016121,GO:0016702,GO:0004744
OG0006163_00	GO:0030234,GO:0046883,GO:0030141,GO:0007218
OG0000186_00	GO:0008049,GO:0030424,GO:0030425,GO:0043025,GO:0007635
OG0007019_00	GO:0036157,GO:0003351,GO:0070286,GO:0007368,GO:0036159
OG0005109_00	GO:0031012,GO:0005615
OG0006791_00	GO:0016020,GO:0005886
OG0007176_00	GO:0016579,GO:0061578,GO:0004843
OG0005611_00	GO:0016020,GO:0015279,GO:0002115
OG0008366_00	GO:0055085,GO:0016020,GO:0022857
OG0002558_00	GO:0043295,GO:0005524,GO:0006750,GO:0005829,GO:0004363
OG0002020_00	GO:0005634,GO:0043005,GO:1990124,GO:0008135,GO:0000900,GO:0045202,GO:0045182,GO:0003730,GO:0006417,GO:0043022,GO:0005737,GO:2000766
OG0009414_00	GO:0005524
OG0004913_00	GO:0070291,GO:0008889,GO:0006644,GO:0006580,GO:0005886
OG0006007_00	GO:0016020,GO:0007165,GO:0005525
OG0000463_00	GO:0004984,GO:0005886,GO:0007608,GO:0016020,GO:0050911,GO:0005549
OG0004104_00	GO:0030509,GO:0009653,GO:0030154,GO:0000981,GO:0000978,GO:0006355,GO:0060395,GO:0070411,GO:0006357,GO:0071144
OG0010574_00	GO:0051764,GO:0008093,GO:0005884,GO:0051015
OG0001389_00	GO:0002143,GO:0005739
OG0000962_00	GO:0060070,GO:0005886,GO:0042813,GO:0017147
OG0004632_00	GO:0004725
OG0002174_00	GO:0006303,GO:0032807,GO:0045027
OG0007623_00	GO:0000722,GO:0000400,GO:0005657,GO:0071140,GO:0045003,GO:0033065,GO:0090656
OG0008020_00	GO:0006915
OG0001706_00	GO:0051014,GO:0051016,GO:0008154,GO:0015629,GO:0005737,GO:0005546,GO:0051015
OG0002790_00	GO:0003712,GO:0070847,GO:0006357,GO:0016592
OG0003599_00	GO:0009060,GO:0005747,GO:0045271,GO:0032981,GO:0015990,GO:0008137
OG0007410_00	GO:0072546,GO:0005769,GO:0022890,GO:0005794,GO:0005886
OG0005135_00	GO:0005929
OG0007025_00	GO:0005813
OG0005333_00	GO:0005783,GO:0005509
OG0009893_00	GO:0016020,GO:0005549,GO:0050911,GO:0005886,GO:0004984,GO:0007608
OG0001945_00	GO:0018095,GO:0036064,GO:0000226,GO:0015631,GO:0070740
OG0005291_00	GO:0003723,GO:0071004,GO:0071013,GO:1990726,GO:0005688,GO:1990904,GO:0005689,GO:0097526
OG0004234_00	GO:0006357,GO:0000978,GO:0000981,GO:0005634
OG0000151_00	GO:0004867,GO:0005615
OG0005475_00	GO:0008194
OG0002532_00	GO:0005737,GO:0019208,GO:0004857
OG0008615_00	GO:0005524,GO:0019205,GO:0006139
OG0010391_00	GO:0005634,GO:0006357,GO:0001228,GO:0000978,GO:0003700
OG0003614_00	GO:0005930,GO:0005858,GO:0060285,GO:0070286,GO:0003352
OG0002965_00	GO:0006511,GO:0005737,GO:2000650,GO:0061630,GO:0048814,GO:0016567
OG0003078_00	GO:0048188,GO:0042393,GO:0051568
OG0003156_00	GO:0033314,GO:0003689,GO:0003682,GO:0000077,GO:0006281
OG0004728_00	GO:0034338,GO:0043401,GO:0046464,GO:0008126,GO:0048240,GO:0044255,GO:0036126,GO:0097524,GO:0051793,GO:0047372,GO:0051792
OG0003347_00	GO:0005615,GO:0031012
OG0004661_00	GO:0005886,GO:0004930,GO:0007186
OG0006394_00	GO:0007411,GO:0007219,GO:0043235,GO:0009986,GO:0005886
OG0007124_00	GO:0004713,GO:0005737,GO:0018105,GO:0018107,GO:0005634,GO:0004674
OG0001135_00	GO:0045943,GO:0034455,GO:0032040,GO:0030686,GO:0000462,GO:0030515
OG0005838_00	GO:0004864,GO:0009966,GO:0043666
OG0001508_00	GO:0006357,GO:0005667,GO:0005634
OG0008558_00	GO:0005634,GO:0030261,GO:0031492,GO:0045910,GO:0003690
OG0005621_00	GO:0006470,GO:0019888,GO:0007165,GO:0072542,GO:0005829,GO:0005634,GO:0000159
OG0005214_00	GO:0005802
OG0001603_00	GO:0045727,GO:0005829,GO:0010494,GO:0003723
OG0001439_00	GO:0005844,GO:0048513,GO:0043005,GO:0048170,GO:0045182,GO:0005634,GO:0003730,GO:0006417,GO:0003729,GO:0099577,GO:0043488,GO:0010494,GO:0045727,GO:0051028
OG0004872_00	GO:0005789,GO:0006487,GO:0016758,GO:0042281,GO:0006490
OG0004380_00	GO:0044666
OG0005570_00	GO:0008253
OG0002183_00	GO:0005886,GO:0016020,GO:0042626,GO:0055085
OG0003580_00	GO:0005829,GO:0042981,GO:0005085,GO:0032483
OG0007827_00	GO:0046513,GO:0050291
OG0009442_00	GO:0050911,GO:0004984,GO:0016020,GO:0005549,GO:0007608,GO:0005886
OG0000715_00	GO:0003678,GO:0000712,GO:0005634
OG0002586_00	GO:0007076,GO:0000796
OG0003185_00	GO:0000978,GO:0001228,GO:0005634,GO:0006357
OG0002289_00	GO:0000822,GO:0015114,GO:0005886,GO:0005794,GO:0006817,GO:0005737,GO:0016036
OG0006920_00	GO:0006465,GO:0004252
OG0002075_00	GO:0071569,GO:0032446,GO:0071566,GO:0005829,GO:0005737
OG0007551_00	GO:0005886,GO:0019991
OG0007649_00	GO:0016020,GO:0038007,GO:0008045,GO:0005042
OG0005085_00	GO:0003735,GO:0005739
OG0003216_00	GO:0016020,GO:0043252,GO:0015347,GO:0016323,GO:0055085
OG0005359_00	GO:0005743,GO:0005751,GO:0006123
OG0002202_00	GO:0006413,GO:0003743
OG0001089_00	GO:0008484
OG0003007_00	GO:0071565,GO:0007399
OG0005480_00	GO:0031012,GO:0005615
OG0006953_00	GO:0006820,GO:0022857,GO:0016020
OG0000519_00	GO:0004309,GO:0005737
OG0007972_00	GO:0006357,GO:0016592,GO:0003712
OG0004410_00	GO:0016298,GO:0019915,GO:0005811
OG0001075_00	GO:0005634
OG0001670_00	GO:0061512,GO:0036064,GO:0060271
OG0005421_00	GO:0003714,GO:0000122,GO:0005634
OG0001911_00	GO:0005886,GO:0009986,GO:0031012,GO:0009966,GO:0005576,GO:0090263,GO:0016477,GO:1905475
OG0008365_00	GO:0005525,GO:0007264
OG0005612_00	GO:0006446,GO:0008494,GO:0005829
OG0004282_00	GO:0016020,GO:0055085,GO:0022857
OG0005245_00	GO:0003723,GO:0005634
OG0006792_00	GO:0005768,GO:0000281
OG0001106_00	GO:0008253,GO:0005886,GO:0006196,GO:0016787,GO:0009166
OG0002447_00	GO:0005637,GO:0050613,GO:0016627,GO:0005789,GO:0006695,GO:0016126
OG0000904_00	GO:0008732,GO:0006545,GO:0005829,GO:0006567
OG0009626_00	GO:0003723,GO:0005654
OG0010004_00	GO:0043565
OG0009878_00	GO:0042709,GO:0005739,GO:0004776,GO:0006104,GO:0006099
OG0005786_00	GO:0043122,GO:0031625,GO:0005164,GO:0098802
OG0008235_00	GO:0007017,GO:0015631,GO:0006457,GO:0016272,GO:0007021,GO:0005737
OG0005197_00	GO:0016197,GO:0006897,GO:0005737,GO:0005886
OG0002116_00	GO:0003905,GO:0006284,GO:0003677
OG0003533_00	GO:0071949,GO:0070224,GO:0005739,GO:0070221
OG0007087_00	GO:0043005,GO:0007411
OG0005355_00	GO:0005739,GO:0005758
OG0007752_00	GO:1990841,GO:0000122,GO:0035102
OG0003846_00	GO:0005737,GO:0016020,GO:0005615
OG0000999_00	GO:0000779,GO:0000796,GO:0042393,GO:0007076,GO:0010032
OG0001567_00	GO:0036297,GO:0043240
OG0003635_00	GO:0003352,GO:0060285,GO:0070286,GO:0005930,GO:0005858
OG0008418_00	GO:0016020,GO:0005549,GO:0004984,GO:0007608,GO:0005886,GO:0050911
OG0005938_00	GO:0043565
OG0010099_00	GO:0008168
OG0001192_00	GO:0006631,GO:0031956
OG0005425_00	GO:0004842,GO:0031436,GO:0070531,GO:0085020
OG0001018_00	GO:0005319,GO:0055085,GO:0042626,GO:0006869,GO:0016020,GO:0043231,GO:0140359
OG0001674_00	GO:0000209,GO:0043161,GO:0016607,GO:0070534,GO:0048856,GO:0061630,GO:0006511
OG0000181_00	GO:0055085,GO:0016020,GO:0022857
OG0007449_00	GO:0010828,GO:0072659,GO:0090314,GO:0031340,GO:0005509,GO:0065002,GO:0005544,GO:0005886
OG0001915_00	GO:0006357,GO:0016538
OG0006248_00	GO:0030133,GO:0031083
OG0004286_00	GO:0061617,GO:0007007
OG0008361_00	GO:0070740,GO:0000226,GO:0036064,GO:0015631,GO:0018095
OG0008484_00	GO:0005886,GO:0006887,GO:0019905,GO:0005096,GO:0031201,GO:0006893,GO:0005737,GO:0045159
OG0005241_00	GO:0016020
OG0007167_00	GO:0016236,GO:0006891,GO:0031201,GO:0006896,GO:0031902,GO:0012507,GO:0005484,GO:0006906,GO:0048280,GO:0005789,GO:0042147,GO:0000149,GO:0005794
OG0000892_00	GO:0006508,GO:0016485,GO:0004222,GO:0005886
OG0004863_00	GO:0005930,GO:1904158,GO:0003341
OG0001648_00	GO:0007052,GO:0005875,GO:0003777,GO:0007018,GO:0051231
OG0004562_00	GO:0042799,GO:0005634
OG0005998_00	GO:0003729
OG0007909_00	GO:0061617,GO:0042407
OG0001176_00	GO:0005737,GO:0051603
OG0008593_00	GO:0016491,GO:0005788
OG0004068_00	GO:0003723,GO:0017101,GO:0006422,GO:0004815,GO:0005524,GO:0000166,GO:0005829,GO:0005737
OG0006970_00	GO:0005783,GO:0016020,GO:0005794,GO:0005886
OG0006178_00	GO:0071782,GO:0071786
OG0002981_00	GO:0005737
OG0007244_00	GO:0019207,GO:0051018,GO:0060828,GO:0005737
OG0006878_00	GO:0042761,GO:0016491
OG0008281_00	GO:0016020,GO:0004984,GO:0050911,GO:0007608,GO:0005886,GO:0005549
OG0001031_00	GO:0006886,GO:0015031,GO:0030906,GO:0005770,GO:0030904,GO:0042147
OG0005754_00	GO:0035256
OG0006261_00	GO:0005739,GO:0045277
OG0008677_00	GO:0003682,GO:0051306,GO:0005634,GO:0010032,GO:0000796,GO:0030261
OG0003320_00	GO:0000981,GO:0006357,GO:0000977,GO:0030182,GO:0005634
OG0002907_00	GO:0000413,GO:0016018,GO:0005737,GO:0006457,GO:0003755
OG0002554_00	GO:0005634,GO:0006357
OG0003171_00	GO:0000978,GO:0005634,GO:0001228,GO:0006357
OG0002708_00	GO:0085020,GO:0070531,GO:0031436,GO:0004842
OG0002601_00	GO:0097546,GO:0035720,GO:0035735,GO:0036064,GO:0030992,GO:0120170
OG0003404_00	GO:0060271,GO:0030992,GO:0015631,GO:0042073,GO:0036064
OG0002810_00	GO:0000981,GO:0006355,GO:0000978
OG0009028_00	GO:0005886,GO:0016020
OG0001792_00	GO:0004735,GO:0055129
OG0009161_00	GO:0007266
OG0008975_00	GO:0004601,GO:0006979
OG0008791_00	GO:0061617,GO:0042407
OG0004593_00	GO:0005525
OG0000503_00	GO:0015293,GO:0006814
OG0001580_00	GO:0016020,GO:0009922,GO:0005789,GO:0019367,GO:0030148,GO:0034626,GO:0034625,GO:0042761
OG0004969_00	GO:0007030,GO:0031985,GO:0000301,GO:0000139
OG0004820_00	GO:0019901,GO:0005886,GO:0030971,GO:0007169
OG0004356_00	GO:0000122,GO:0031523,GO:0017053
OG0004114_00	GO:0004550
OG0010564_00	GO:0005525,GO:0007264
OG0000608_00	GO:0005737,GO:0016567
OG0006426_00	GO:0008083
OG0010020_00	GO:0005524,GO:0006556,GO:0004478
OG0000739_00	GO:0035556,GO:0005126,GO:0004715,GO:0007259,GO:0019221,GO:0030154,GO:0005829
OG0009978_00	GO:0005737,GO:0008330,GO:0017017,GO:0005829,GO:0006470,GO:0043409,GO:0004721,GO:0033550,GO:0035335
OG0003785_00	GO:0016020,GO:0007005,GO:0005739
OG0000421_00	GO:0034625,GO:0009922,GO:0005789,GO:0042761,GO:0016020,GO:0034626,GO:0030148,GO:0019367
OG0004951_00	GO:0003700,GO:0000978,GO:0006357
OG0004670_00	GO:0006355,GO:0000981,GO:0000978
OG0000304_00	GO:0040029,GO:0031507,GO:0004407,GO:0016581,GO:0016575
OG0000920_00	GO:0016491,GO:0004090
OG0006950_00	GO:0015630,GO:0060271,GO:0060294,GO:0005634
OG0006226_00	GO:0036158,GO:0003341,GO:0036159
OG0001076_00	GO:0043545,GO:0008265
OG0006503_00	GO:0048193,GO:0030008
OG0004413_00	GO:0000381,GO:0071011,GO:0000380,GO:0071013,GO:0006376,GO:0003723
OG0007971_00	GO:0006999,GO:0005643,GO:0036228,GO:0006607,GO:0044613,GO:0017056
OG0007880_00	GO:0006644,GO:0016020,GO:0007165,GO:0046839,GO:0008195,GO:0005886
OG0004063_00	GO:0005634,GO:0003713,GO:0045944
OG0006173_00	GO:0000978,GO:0003700,GO:0006357
OG0009572_00	GO:0046314,GO:0005615,GO:0016301,GO:0004111
OG0000474_00	GO:0005634
OG0000625_00	GO:0005912,GO:0032880,GO:0005911,GO:0050839
OG0004904_00	GO:0005886,GO:0005634
OG0008947_00	GO:0031032,GO:0005856
OG0001786_00	GO:0005886,GO:0004222,GO:0006508,GO:0016485
OG0008331_00	GO:0032526,GO:0016787,GO:0005634,GO:0005737
OG0006078_00	GO:0000981,GO:0048856,GO:0000978,GO:0006357
OG0005211_00	GO:0043087,GO:0005085,GO:0005737,GO:0031267,GO:0016197,GO:0043231
OG0001130_00	GO:0005886,GO:0035725,GO:0006814,GO:0015280,GO:0005272,GO:0016020
OG0007121_00	GO:0003723,GO:0004386,GO:0071013,GO:0005622
OG0000677_00	GO:0003917,GO:0031422,GO:0005634,GO:0006281,GO:0006310,GO:0006265,GO:0003677
OG0005511_00	GO:0005634,GO:0000981,GO:0007423,GO:0045944,GO:0061564,GO:0070888,GO:0003700
OG0006491_00	GO:0051403,GO:0000165,GO:0004708
OG0005638_00	GO:0003333,GO:0015179
OG0003291_00	GO:0005789,GO:0015662,GO:0019829,GO:0006874,GO:0140358,GO:0016020,GO:0055085
OG0001455_00	GO:0051087,GO:0051082,GO:0005829,GO:0051085
OG0005002_00	GO:0005764
OG0007729_00	GO:0006979,GO:0005634
OG0001728_00	GO:0006355,GO:0005634,GO:0003712
OG0005607_00	GO:0012505,GO:0015036
OG0001926_00	GO:0043130,GO:0043161
OG0001661_00	GO:0005634,GO:0017116,GO:0005524,GO:0003697,GO:0000724,GO:0042555,GO:0003677
OG0007472_00	GO:0005044
OG0001232_00	GO:0005929,GO:0061512
OG0005404_00	GO:0015175,GO:0005313,GO:0015813,GO:0015501,GO:0005886
OG0006584_00	GO:0030125,GO:0030276,GO:0005543,GO:0005768,GO:0006897,GO:0005886
OG0007460_00	GO:0043195,GO:0030122,GO:0007268,GO:0022857,GO:0030121,GO:0005277
OG0001220_00	GO:0017168,GO:0016787,GO:0006749,GO:0005829
OG0005321_00	GO:0005886,GO:0030334,GO:0005923,GO:0030036,GO:0031410
OG0005123_00	GO:0000139,GO:0016020,GO:0009306,GO:0016192
OG0008241_00	GO:0005682,GO:0005689,GO:1990904,GO:0071013,GO:0005685,GO:0097526,GO:0005686,GO:0071011,GO:0071004,GO:0043186,GO:0034719,GO:0003723,GO:0005687,GO:0000398
OG0007529_00	GO:0004930,GO:0005886
OG0008739_00	GO:0005921,GO:0005243,GO:0005886
OG0008050_00	GO:0015293,GO:0006814
OG0007828_00	GO:0000978,GO:0006357,GO:0000981,GO:0048856
OG0001615_00	GO:0004022,GO:0005739
OG0001934_00	GO:0005319
OG0000750_00	GO:1904161,GO:0006271,GO:0043625,GO:0006297,GO:0005634,GO:0003887,GO:0006260
OG0004075_00	GO:1904382,GO:0005783,GO:0004571,GO:0016020
OG0006824_00	GO:0003712,GO:0006357,GO:0016592
OG0007101_00	GO:0006457,GO:0003756,GO:0034976,GO:0005783
OG0008867_00	GO:0042823,GO:0008615,GO:0004733,GO:0010181
OG0005231_00	GO:0000932,GO:0003729,GO:0008047,GO:0031087,GO:0000290,GO:0043085
OG0008100_00	GO:0003333,GO:0015179,GO:0016020,GO:0005774
OG0008009_00	GO:0005753,GO:0015986,GO:0015078
OG0007710_00	GO:0005509,GO:0055074,GO:0000287
OG0001312_00	GO:0003723,GO:0006400
OG0005644_00	GO:0005615
OG0000529_00	GO:0051123,GO:0016251,GO:0005669,GO:0006367
OG0005544_00	GO:0015937,GO:0005634,GO:0005829,GO:0005524,GO:0004594
OG0004806_00	GO:0051082,GO:0070072
OG0004132_00	GO:0046961,GO:0007035
OG0004547_00	GO:0030544,GO:0051082
OG0006013_00	GO:1990698,GO:0030258,GO:0005783,GO:0016746,GO:0018345,GO:0016020,GO:0061355,GO:0017147
OG0001399_00	GO:0031573,GO:0006308,GO:0000712,GO:0005634,GO:0048257,GO:0000727,GO:0006302,GO:0008821,GO:0048476
OG0005896_00	GO:0005743,GO:0007005,GO:0007007
OG0001827_00	GO:0009435,GO:0004515,GO:0000309
OG0000098_00	GO:0030527,GO:0000786,GO:0003677
OG0003279_00	GO:0031261,GO:0003688,GO:0005664,GO:0005656,GO:0006270,GO:0006260,GO:0003677
OG0009152_00	GO:0005654,GO:0005737,GO:0003723,GO:0043484
OG0003943_00	GO:0008146,GO:0004394,GO:0016020,GO:0015014,GO:0015015
OG0003028_00	GO:0046856,GO:0043812,GO:2001135,GO:0005769,GO:0045334
OG0002016_00	GO:0008417,GO:0016020,GO:0009101
OG0003510_00	GO:0014069,GO:0005856,GO:0051015,GO:0005886
OG0002801_00	GO:0005634
OG0000025_01	GO:0005634,GO:0016788,GO:0008270
OG0002837_00	GO:0007166,GO:0005886
OG0000848_00	GO:0005615,GO:0031012
OG0009317_00	GO:0005549,GO:0016020,GO:0005886,GO:0007608,GO:0050911,GO:0004984
OG0009821_00	GO:0030532,GO:0008380
OG0003798_00	GO:0015871,GO:0005307,GO:0008292,GO:0005886
OG0004944_00	GO:0030424,GO:0098609,GO:0007411,GO:0005886
OG0006641_00	GO:0005484,GO:0031201,GO:0005801,GO:0005797,GO:0016020,GO:0048219,GO:0000139,GO:0006888,GO:0006906
OG0004607_00	GO:0005829,GO:0004832,GO:0000166,GO:0006438,GO:0005524
OG0002476_00	GO:0016592,GO:0003712,GO:0045893
OG0003146_00	GO:0017183,GO:0004164
OG0003331_00	GO:0005886,GO:0004222,GO:0006508,GO:0016485
OG0009409_00	GO:0042734,GO:0001508,GO:0006813,GO:0008076,GO:0071805,GO:0016020,GO:0032809,GO:0032590,GO:0043679,GO:0045211,GO:0005251,GO:0005249
OG0010472_00	GO:0000175
OG0000323_00	GO:0006364,GO:0016740,GO:0030490,GO:0106388
OG0009218_00	GO:0005886,GO:0099536
OG0002545_00	GO:0005576,GO:0005125,GO:0005615
OG0007266_00	GO:0016020,GO:0007165,GO:0004143
OG0006852_00	GO:0016020,GO:0022857,GO:0055085
OG0007786_00	GO:0008146,GO:0016051,GO:0016020
OG0000530_00	GO:0034968,GO:0018024,GO:0005634
OG0001591_00	GO:0016887,GO:0005737
OG0001380_00	GO:0004674,GO:0007346,GO:0005634,GO:0006468
OG0004552_00	GO:0005634,GO:0000785,GO:0006338,GO:0010468
OG0001832_00	GO:0061630,GO:0000209
OG0004831_00	GO:0005737,GO:0009264,GO:0016052,GO:0004139
OG0001146_00	GO:0000981,GO:0006355,GO:0000978
OG0005285_00	GO:0005654
OG0006433_00	GO:0005737
OG0006305_00	GO:0005794
OG0002977_00	GO:0051016,GO:0003779,GO:0042989,GO:0010591,GO:0051015,GO:0010976,GO:0005737,GO:0003785,GO:0030837,GO:0030042,GO:0030016,GO:0005884
OG0005042_00	GO:0006357,GO:0035267
OG0003578_00	GO:0006357,GO:0000978,GO:0000981
OG0007332_00	GO:0005634,GO:0006325
OG0003875_00	GO:0004867
OG0003040_00	GO:0035600,GO:0035598,GO:0005783
OG0003624_00	GO:0007264,GO:0005525
OG0000091_00	GO:0050911,GO:0007608,GO:0016020,GO:0005549,GO:0005886,GO:0004984
OG0009328_00	GO:0010508,GO:1990130,GO:0034198,GO:1904262,GO:0005096,GO:0005765
OG0009423_00	GO:0005886,GO:0004984,GO:0050911,GO:0007608,GO:0016020,GO:0005549
OG0003270_00	GO:0006357,GO:0000978,GO:0000981,GO:0003700
OG0010366_00	GO:0030036,GO:0005085
OG0002567_00	GO:0004674,GO:0007095,GO:0004693,GO:0006468,GO:0005634,GO:0000086
OG0004756_00	GO:0005762,GO:0015934,GO:0006412,GO:0003735
OG0002808_00	GO:0015347,GO:0055085,GO:0043229,GO:0043252,GO:0016020
OG0003021_00	GO:0017147,GO:0060070,GO:0005615,GO:0035567
OG0003519_00	GO:0032527
OG0004249_00	GO:0034087,GO:0010468,GO:0061775,GO:0090694,GO:0140588,GO:0071169,GO:0003682,GO:1990414
OG0005772_00	GO:0016491,GO:0050660
OG0003852_00	GO:0003723,GO:0008270
OG0005928_00	GO:0005634,GO:0006281,GO:0003689,GO:0005663,GO:0006261
OG0004720_00	GO:0003723
OG0010310_00	GO:0005886,GO:0006874,GO:0070588,GO:0008273,GO:0005262
OG0000939_00	GO:0005886,GO:0050911,GO:0016020,GO:0004984,GO:0007608,GO:0005549
OG0009204_00	GO:0005516
OG0003246_00	GO:0005484,GO:0006890,GO:0005783,GO:0031201
OG0005144_00	GO:0016020,GO:0038023
OG0007843_00	GO:0006508,GO:0005615,GO:0070006,GO:0008270,GO:0043171,GO:0016020,GO:0042277,GO:0005737
OG0008712_00	GO:0042626,GO:0005886,GO:0055085,GO:0016020
OG0003058_00	GO:0002183,GO:0005852
OG0002682_00	GO:0022627,GO:0015935,GO:0003735,GO:0019843,GO:0042274
OG0001711_00	GO:0031032,GO:0005886,GO:0005856
OG0003560_00	GO:0008234
OG0007502_00	GO:0007018,GO:0003341,GO:0045504,GO:0036157,GO:0036158,GO:0045503
OG0009624_00	GO:0005829,GO:0004385
OG0000906_00	GO:0035242,GO:0035241,GO:0042054,GO:0016274,GO:0006338,GO:0018216,GO:0034969,GO:0005634,GO:0019919
OG0000263_00	GO:0006900,GO:0009898,GO:0007034,GO:0005771,GO:0032511,GO:0000815
OG0005865_00	GO:0070319,GO:0005085,GO:0006887
OG0003399_00	GO:0002142,GO:0005886,GO:0032426,GO:0005929
OG0003729_00	GO:0000981,GO:0000978,GO:0005634,GO:0006357
OG0000795_00	GO:0005634,GO:0010468
OG0003831_00	GO:0043626,GO:0019985,GO:0006275,GO:0006272,GO:0030337,GO:0006298,GO:0003677
OG0004777_00	GO:0001786,GO:0030276,GO:0005544,GO:0005886,GO:0017156,GO:0005509,GO:0070382,GO:0000149
OG0002506_00	GO:0005829,GO:0030488
OG0000741_00	GO:0020037,GO:0005737,GO:0043231,GO:0006082,GO:0016712,GO:0008395,GO:0006805
OG0000392_00	GO:0005975,GO:0006004,GO:0005764,GO:0004560,GO:0016139
OG0000648_00	GO:0006508,GO:0016020,GO:0005615,GO:0008270,GO:0042277,GO:0070006,GO:0005737,GO:0043171
OG0006835_00	GO:0000977,GO:0006355,GO:0005634,GO:0003700,GO:0000981
OG0009593_00	GO:0005886
OG0004929_00	GO:0006788,GO:0004392
OG0006152_00	GO:0005737
OG0007428_00	GO:0006511,GO:0031593,GO:0005829
OG0007679_00	GO:0005886
OG0008209_00	GO:0005929,GO:0003341
OG0008872_00	GO:0009101,GO:0008250
OG0001268_00	GO:0005634,GO:0051233,GO:0032154,GO:0030496,GO:0051256,GO:0007266,GO:0000281,GO:0005096,GO:0097149
OG0005673_00	GO:0005886
OG0005369_00	GO:0005794,GO:0007165
OG0007110_00	GO:0007010
OG0008300_00	GO:0000785
OG0002143_00	GO:0005789,GO:0008250,GO:0018279
OG0003540_00	GO:0007264,GO:0005886,GO:0007265,GO:0005085
OG0007676_00	GO:0030674,GO:0048284,GO:0030897,GO:0006904,GO:0005768,GO:0007032,GO:0007033
OG0005164_00	GO:0034038,GO:0008612,GO:0005737
OG0001771_00	GO:0006012,GO:0005829,GO:0004335
OG0001267_00	GO:0035725,GO:0005886,GO:0006865,GO:0016020,GO:0071705,GO:0043005,GO:0005332
OG0005366_00	GO:0097546,GO:0005930
OG0007427_00	GO:0009791
OG0008017_00	GO:0005739
OG0007074_00	GO:0007606,GO:0050916,GO:0033041
OG0008206_00	GO:0000439,GO:0006351,GO:0006289
OG0009671_00	GO:0035248,GO:0016758,GO:0006688
OG0003808_00	GO:0008270,GO:0006351,GO:0005736,GO:0003677,GO:0006366,GO:0005665,GO:0005666,GO:0042797,GO:0003899,GO:0001056,GO:0006360,GO:0001055,GO:0001054
OG0004786_00	GO:0017196,GO:0031416,GO:0005737
OG0002519_00	GO:0017101,GO:0005829,GO:0006431,GO:0004825
OG0000373_00	GO:0005886,GO:0004984,GO:0007608,GO:0016020,GO:0005549,GO:0050911
OG0003134_00	GO:0015035,GO:0005788,GO:0034976
OG0003710_00	GO:0016020
OG0010480_00	GO:0005886
OG0008709_00	GO:0005743,GO:0006122
OG0003047_00	GO:0030036,GO:0005085,GO:0051496
OG0003928_00	GO:0019919,GO:0035242,GO:0016274,GO:0018216,GO:0042054,GO:0035241,GO:0005634,GO:0034969,GO:0006338
OG0008600_00	GO:0003677,GO:0000786,GO:0030527
OG0003872_00	GO:0005764,GO:0005770,GO:0090385,GO:0045335,GO:0008333
OG0007519_00	GO:0016020,GO:0055085
OG0002699_00	GO:0005730,GO:0030687,GO:0006364,GO:0042273,GO:0000956,GO:0003723
OG0002970_00	GO:0004725
OG0007335_00	GO:0006338
OG0003623_00	GO:0016020,GO:1902936
OG0005592_00	GO:0016592
OG0004362_00	GO:0070987,GO:0003887,GO:0005634,GO:0042276,GO:0017125
OG0010510_00	GO:0003333,GO:0015179
OG0001853_00	GO:0016020
OG0002489_00	GO:0006888
OG0008347_00	GO:0004984,GO:0007608,GO:0050911,GO:0016020,GO:0005886,GO:0005549
OG0001120_00	GO:0007165,GO:0002031,GO:0005737,GO:0001664
OG0001322_00	GO:0043231,GO:0005777,GO:0080019,GO:0035336
OG0000592_00	GO:0071013,GO:0000398,GO:0046540,GO:0000244
OG0007157_00	GO:0005085,GO:0070131,GO:0019843,GO:0005743
OG0005634_00	GO:0005634
OG0004853_00	GO:0006367,GO:0006366,GO:0005672
OG0005267_00	GO:0045944,GO:0000976
OG0003714_00	GO:0005829,GO:0005737,GO:0004326,GO:0009396,GO:0005739,GO:0046901,GO:0005524
OG0003130_00	GO:0003735,GO:0006412,GO:0005840,GO:0070180,GO:0005762,GO:0015934
OG0006527_00	GO:0005885,GO:0051015,GO:0034314,GO:0015629
OG0005694_00	GO:0006783,GO:0004325,GO:0005739
OG0001997_00	GO:0005829,GO:0005634,GO:0110078
OG0000103_00	GO:0005886
OG0002607_00	GO:0005737,GO:0051603
OG0003402_00	GO:0005739,GO:0005760,GO:0006264,GO:0003887,GO:0008408,GO:0003677,GO:0006260
OG0002816_00	GO:0034727,GO:0000422,GO:0000407,GO:0005776,GO:0034497,GO:0006914,GO:0061709
OG0010499_00	GO:0030672,GO:0016020,GO:0005509,GO:0046928
OG0009167_00	GO:0030198,GO:0031012,GO:0006508,GO:0004222
OG0003709_00	GO:0018345,GO:0016409
OG0004595_00	GO:0062129,GO:0008010
OG0001794_00	GO:0043005
OG0000865_00	GO:0004301,GO:0097176
OG0002351_00	GO:0000981,GO:0006357,GO:0000978
OG0007587_00	GO:0005829,GO:0043248
OG0008797_00	GO:0061630,GO:0016567,GO:0072487
OG0008973_00	GO:0008045
OG0009274_00	GO:0061617,GO:0005739,GO:0005743
OG0002994_00	GO:0006751,GO:0036374,GO:0005886
OG0000017_00	GO:0004496,GO:0005829,GO:0005737,GO:0006695,GO:0005524,GO:0008299,GO:0019287
OG0001986_00	GO:0003735,GO:0022625,GO:0005840,GO:0006412
OG0006903_00	GO:0000030,GO:0052925,GO:0006486,GO:0005783
OG0006536_00	GO:0005737,GO:0016279
OG0004426_00	GO:0003735,GO:0015935,GO:0005763
OG0000253_01	GO:0004984,GO:0016020,GO:0007608,GO:0050911,GO:0005549,GO:0005886
OG0008500_00	GO:0008817
OG0005860_00	GO:0141039,GO:0031902,GO:0045022,GO:0035014,GO:0043551,GO:0031901,GO:0051898
OG0005929_00	GO:0016616,GO:0005811
OG0003642_00	GO:0005634
OG0003847_00	GO:0008233,GO:0006508
OG0001193_00	GO:0004843,GO:0005634,GO:0016579,GO:0005829
OG0003634_00	GO:0043231,GO:0016020
OG0000998_00	GO:0005788,GO:0051787,GO:0015035,GO:0036498,GO:0016671
OG0008143_00	GO:0003697,GO:0000724,GO:0097196
OG0008536_00	GO:0003682,GO:0007095,GO:0005634
OG0005939_00	GO:0016491
OG0005856_00	GO:0000978,GO:0006355,GO:0000981
OG0002012_00	GO:0006508,GO:0016020,GO:0070006,GO:0042277,GO:0043171,GO:0005615,GO:0005737,GO:0008270
OG0002636_00	GO:0006366,GO:0005665,GO:0003899,GO:0001055
OG0007392_00	GO:0045717,GO:0080008,GO:0005737
OG0009325_00	GO:0003723,GO:0003735,GO:0022625
OG0003514_00	GO:0006893
OG0002805_00	GO:0030014
OG0009156_00	GO:0072686,GO:0007099
OG0000383_00	GO:0004984,GO:0005549,GO:0007608,GO:0016020,GO:0005886,GO:0050911
OG0001436_00	GO:0010457,GO:0007099,GO:0005813,GO:0032053,GO:0044782,GO:0036064,GO:0005814
OG0000655_00	GO:0048312,GO:0005737,GO:0006996,GO:0003729
OG0006842_00	GO:0005737
OG0004053_00	GO:0097428,GO:0051604,GO:0097361
OG0004287_00	GO:0042157,GO:0005794,GO:0005548,GO:0005783,GO:0016323
OG0001208_00	GO:0022857,GO:1902495,GO:0034220
OG0006797_00	GO:0006888,GO:0016192,GO:0030008
OG0008078_00	GO:0017171,GO:0016042,GO:0016298,GO:0005615
OG0006249_00	GO:0051694,GO:0030016,GO:0007015,GO:0030239,GO:0005523,GO:0005856
OG0008485_00	GO:0003009,GO:1903078,GO:1901387
OG0001675_00	GO:0000977,GO:0006357,GO:0000981
OG0000180_00	GO:0032436,GO:0000209
OG0007448_00	GO:0003678,GO:0034085,GO:0032508,GO:0005634
OG0005424_00	GO:0007160,GO:0004674,GO:0034446,GO:0007229,GO:0005925,GO:0001725
OG0008360_00	GO:0004601
OG0005240_00	GO:0016020
OG0004727_00	GO:0048870,GO:0005886,GO:0007015
OG0008693_00	GO:0005049,GO:0005737,GO:0006611,GO:0005643,GO:0051169
OG0009203_00	GO:0000445,GO:0006406
OG0003159_00	GO:0005739
OG0003987_00	GO:0005737,GO:0005634,GO:0043517,GO:0017101
OG0006885_00	GO:0006893,GO:0090522,GO:0000145,GO:0032584,GO:0006887,GO:0045202,GO:0007268
OG0007815_00	GO:0006887,GO:0008104,GO:0006893,GO:0000145
OG0005721_00	GO:0050660,GO:0016491
OG0007231_00	GO:0042813,GO:0017147,GO:0060070,GO:0005886,GO:0035567
OG0001479_00	GO:0005634,GO:0006357
OG0005591_00	GO:0000981,GO:0009880,GO:0005634,GO:0006357,GO:0000977,GO:0048619,GO:0009790
OG0004619_00	GO:0009986,GO:0008305,GO:0033627,GO:0007229,GO:0007160,GO:0005178,GO:0016477,GO:0098609,GO:0005925
OG0004530_00	GO:0030267,GO:0005829,GO:0016618,GO:0008465
OG0004163_00	GO:0043138,GO:0017116,GO:0042555,GO:0005634,GO:0003677,GO:0003697,GO:0005524,GO:0006270,GO:0000727
OG0001498_00	GO:0040003,GO:0008010,GO:0062129
OG0006653_00	GO:0003697,GO:0043596,GO:0006270,GO:0003688,GO:0003690
OG0000949_00	GO:0006508,GO:0070573,GO:0005615,GO:0043171
OG0001850_00	GO:0006422,GO:0004815,GO:0005739
OG0004361_00	GO:0009312
OG0001583_00	GO:0005886,GO:0007189,GO:0006171,GO:0004016,GO:0007193
OG0004823_00	GO:0007165,GO:0005737,GO:0035591
OG0001842_00	GO:0030833,GO:0031594,GO:0007274,GO:0055037
OG0006425_00	GO:0005634,GO:0030154,GO:0000981,GO:0006357,GO:0003700
OG0003429_00	GO:0016491
OG0002835_00	GO:0022008,GO:0005737,GO:0046340,GO:0016298,GO:0004806,GO:0005886,GO:0019369,GO:0042136,GO:0016042
OG0002664_00	GO:0006729,GO:0008270,GO:0046654,GO:0005525,GO:0005737,GO:0003934
OG0009104_00	GO:0005509
OG0010284_00	GO:0005634,GO:0019887,GO:0006468,GO:0031588,GO:0005737,GO:0050790,GO:0019901,GO:0016208
OG0003411_00	GO:0045047,GO:0005789,GO:0016020,GO:0003924,GO:0005047,GO:0006605
OG0001783_00	GO:0070932,GO:0017136,GO:0033553,GO:0002039,GO:0070403,GO:0005654,GO:0003714,GO:0045892,GO:0005634,GO:0005637
OG0008942_00	GO:0015630,GO:0016887
OG0003778_00	GO:0005886,GO:0006820,GO:0016020,GO:0051453,GO:0015701,GO:0055085,GO:0005452,GO:0022857,GO:0050801
OG0007495_00	GO:0007017,GO:0005874
OG0002715_00	GO:0005675,GO:0000439,GO:0006355,GO:0070816,GO:0006289
OG0002320_00	GO:0005125,GO:0005576,GO:0005615
OG0010474_00	GO:0000221,GO:0046961,GO:1902600,GO:0005765,GO:0033180
OG0003140_00	GO:0003723
OG0000325_00	GO:0016020,GO:0042761,GO:0034626,GO:0019367,GO:0030148,GO:0005789,GO:0034625,GO:0009922
OG0009506_00	GO:0030286,GO:0007018,GO:0051959,GO:0045505
OG0002543_00	GO:0046975,GO:0016279
OG0003258_00	GO:0043122,GO:0098802
OG0003884_00	GO:0016471,GO:0033179,GO:0007035,GO:0005886,GO:1902600,GO:0046961,GO:0051117
OG0007808_00	GO:0033617,GO:0005758
OG0008575_00	GO:0007399,GO:0043235,GO:0038023,GO:0009897
OG0003677_00	GO:0006888,GO:0006890,GO:0030126,GO:0051645
OG0006898_00	GO:0006337,GO:0042393,GO:0016887,GO:0006334,GO:0045815,GO:0005634,GO:0003682
OG0004885_00	GO:0005886,GO:1902600,GO:1990573,GO:0036376,GO:0005391,GO:0006883,GO:0019829,GO:0030007
OG0001525_00	GO:0034058,GO:0005770,GO:0016236,GO:0006623,GO:0030897,GO:0009267
OG0009504_00	GO:0000981,GO:0006357,GO:0005634,GO:1990837
OG0002039_00	GO:0006890,GO:0031201,GO:0005484,GO:0005783
OG0003142_00	GO:0040037,GO:0005829,GO:0048513,GO:0046580,GO:0043407
OG0010476_00	GO:0019786,GO:0035973,GO:0006501,GO:0000423,GO:0034727,GO:0004197,GO:0000045,GO:0005737,GO:0051697,GO:0008234,GO:0016485
OG0003335_00	GO:0006357,GO:0030154,GO:0071144,GO:0060395,GO:0006355,GO:0070411,GO:0000978,GO:0009653,GO:0000981,GO:0030509
OG0009953_00	GO:0005216,GO:0004888,GO:0034220,GO:0016020
OG0009838_00	GO:0035101,GO:0006368,GO:0031491
OG0002541_00	GO:0005615
OG0010300_00	GO:0050808,GO:0032589
OG0001769_00	GO:0005634,GO:0033314,GO:0006270,GO:0003688
OG0003877_00	GO:0003729,GO:0090502,GO:0005634,GO:0036464,GO:0004521
OG0002975_00	GO:0034657,GO:0043161
OG0003626_00	GO:0046835,GO:0005737,GO:0019150,GO:0019321
OG0005040_00	GO:0005879,GO:0060271,GO:0005814
OG0003042_00	GO:0006685,GO:0046513,GO:0005764,GO:0008081,GO:0061750,GO:0005615
OG0002165_00	GO:0004364,GO:0005737,GO:0006749
OG0005146_00	GO:0005634
OG0003562_00	GO:0000209,GO:0008592,GO:0061630
OG0006731_00	GO:0003743,GO:0005737,GO:0006413,GO:0005852
OG0004221_00	GO:0009653
OG0000122_00	GO:0005549,GO:0005886,GO:0016020,GO:0004984,GO:0050911,GO:0007608
OG0006362_00	GO:0008239,GO:0005886,GO:0006508
OG0000763_00	GO:0005634,GO:0006357
OG0002985_00	GO:0032922,GO:0006357,GO:1990513,GO:0000978,GO:0000981
OG0009265_00	GO:0006062,GO:0003939
OG0009017_00	GO:0004398,GO:0001694,GO:0005737,GO:0006548,GO:0006520,GO:0016831
OG0008087_00	GO:0016020
OG0005974_00	GO:0005737,GO:0005096
OG0002342_00	GO:0071786,GO:0008017,GO:0005789,GO:0016020,GO:0005881,GO:0071782
OG0010266_00	GO:0005886,GO:0005768,GO:0007030,GO:0046854,GO:0007032,GO:0005765,GO:0005802,GO:0004430
OG0003433_00	GO:0005765
OG0002737_00	GO:0000723,GO:0003690,GO:0006303,GO:0042162,GO:0043564
OG0004685_00	GO:0061631
OG0008788_00	GO:0006816
OG0002618_00	GO:0003723,GO:0003735,GO:0022627
OG0002015_00	GO:0031663,GO:0043122,GO:0061630,GO:0045087,GO:0051092,GO:0098802
OG0009429_00	GO:0043296,GO:0016324,GO:0051015,GO:0030864,GO:0007015,GO:0005912
OG0009151_00	GO:0003777,GO:0007018
OG0002631_00	GO:0016020
OG0002918_00	GO:0000981,GO:0000978,GO:0006355
OG0003513_00	GO:0005739,GO:0007005
OG0009322_00	GO:0008484
OG0005136_00	GO:0034551,GO:0005739
OG0008023_00	GO:0006082,GO:0016712,GO:0043231,GO:0006805,GO:0020037,GO:0008395,GO:0005737
OG0007413_00	GO:0060271,GO:0034464,GO:0036064,GO:0032266,GO:0046907
OG0007026_00	GO:0000981,GO:0006357,GO:0006351,GO:0000978,GO:0003700
OG0002793_00	GO:0016020,GO:0035434,GO:0005375
OG0002177_00	GO:0004029
OG0007538_00	GO:0006412,GO:0003735,GO:0005840
OG0001705_00	GO:0005759
OG0007748_00	GO:0008525,GO:0035091,GO:0005737,GO:0031210,GO:0015914,GO:0005548,GO:0008526
OG0003854_00	GO:0043235,GO:0007275,GO:0004714,GO:0005886,GO:0033674,GO:0007169
OG0001557_00	GO:0034451,GO:1905515,GO:0097711,GO:1905349,GO:0035869
OG0005867_00	GO:0005739,GO:0033617
OG0003657_00	GO:0006974,GO:0005634,GO:0004222,GO:0031593,GO:0003697
OG0002081_00	GO:0006357,GO:0009790,GO:0009948,GO:0003700,GO:0005634,GO:0030154,GO:0000977,GO:0009887
OG0005879_00	GO:0005829,GO:0030544,GO:0061608,GO:0005634,GO:0006606
OG0003284_00	GO:0005794,GO:0005829,GO:0008289,GO:0032934,GO:0015248,GO:0016020
OG0001440_00	GO:0004725
OG0005071_00	GO:0016020,GO:1902936
OG0001549_00	GO:0106035,GO:0005759
OG0004170_00	GO:1990072
OG0003799_00	GO:0005762,GO:0006412,GO:0003735
OG0004945_00	GO:0004671,GO:0006481,GO:0005783
OG0007949_00	GO:0005524,GO:0006139,GO:0019205
OG0006234_00	GO:0050684,GO:0004674,GO:0005634,GO:0005737,GO:0018105,GO:0000245
OG0006946_00	GO:0034227,GO:0002098,GO:0016783,GO:0000049,GO:0005829,GO:0002143
OG0001064_00	GO:0030490,GO:0003735,GO:0005840,GO:0022627,GO:0006412,GO:0000028
OG0001210_00	GO:0035023,GO:0005096,GO:0030036
OG0001647_00	GO:0005886,GO:0005912,GO:0005634,GO:0005737,GO:0098609
OG0005997_00	GO:0007266,GO:0001664,GO:0005834,GO:0007186,GO:0003924,GO:0031752,GO:0031683,GO:0005737,GO:0007188,GO:0019001,GO:0031526
OG0001904_00	GO:0016192
OG0006981_00	GO:0034456,GO:0006364,GO:0000028,GO:0032545
OG0007168_00	GO:0016020,GO:0005774,GO:0003333,GO:0015179
OG0008060_00	GO:0006357,GO:0000977,GO:0005634,GO:0005737
OG0006273_00	GO:0005886,GO:0006937,GO:0043266,GO:0055120,GO:0015459
OG0000198_00	GO:0006508,GO:0005886,GO:0016485,GO:0004222
OG0007450_00	GO:0043227,GO:0015036
OG0004275_00	GO:0005634,GO:0016973
OG0005434_00	GO:0006357,GO:0000981,GO:0000977,GO:0005634,GO:0048598
OG0005258_00	GO:0006469,GO:0048011,GO:0005737,GO:0032007
OG0001179_00	GO:0006366
OG0001023_00	GO:0005739
OG0001835_00	GO:0005886,GO:0008324
OG0006302_00	GO:0016020,GO:0005044,GO:0005737
OG0005282_00	GO:0016020,GO:0007015,GO:0000146,GO:0030048,GO:0051015,GO:0015629,GO:0030139,GO:0005886,GO:0005737
OG0006434_00	GO:0005737,GO:0004674,GO:0035556
OG0004836_00	GO:0000439,GO:0006289,GO:0070816,GO:0001671,GO:0005675,GO:0003690
OG0004555_00	GO:0005811,GO:0010890,GO:0005829,GO:0019915
OG0001387_00	GO:0005666,GO:0003697
OG0001596_00	GO:0031514,GO:0070062,GO:0060271,GO:0003341
OG0000537_00	GO:0008080
OG0001141_00	GO:0003700,GO:0048513,GO:0000978,GO:0006357,GO:0003677,GO:0000981,GO:0005634
OG0008191_00	GO:0015718,GO:0008028
OG0006009_00	GO:0005634
OG0005036_00	GO:0005524,GO:0006139,GO:0019205
OG0001407_00	GO:0016020,GO:0034626,GO:0019367,GO:0030148,GO:0042761,GO:0034625,GO:0009922,GO:0005789
OG0006873_00	GO:0048255,GO:0003723,GO:1990817
OG0007346_00	GO:0003735,GO:0005762
OG0001114_00	GO:0005178,GO:0007229,GO:0009897,GO:0033627,GO:0008305,GO:0098609,GO:0007160
OG0000305_01	GO:0090502,GO:0043137,GO:0004523
OG0005275_00	GO:0030121,GO:0032588,GO:0046907,GO:0030276
OG0007145_00	GO:0043231
OG0006483_00	GO:0005576
OG0000669_00	GO:0005044
OG0000518_00	GO:0000027,GO:0005634,GO:0000055,GO:0030687
OG0006501_00	GO:0004674,GO:0005737,GO:0035556
OG0005481_00	GO:0016831,GO:0005737
OG0001074_00	GO:0003682,GO:0000796,GO:0007076
OG0006224_00	GO:0002939,GO:0000049,GO:0005654,GO:0009019,GO:0005634
OG0005668_00	GO:0007178,GO:0071363,GO:0016020,GO:0004674,GO:0004675,GO:0043235,GO:0006468,GO:0005886,GO:0005524
OG0001743_00	GO:0051119,GO:0016020,GO:0008643
OG0002131_00	GO:0000981,GO:0005634,GO:0006357
OG0008766_00	GO:0008289,GO:0006744,GO:0005743
OG0009196_00	GO:0002181,GO:0043021,GO:0003735,GO:0022625,GO:0030295
OG0002845_00	GO:0005886,GO:0035023,GO:0031267
OG0007576_00	GO:0032389,GO:0006298,GO:0016887,GO:0140664,GO:0032300
OG0010265_00	GO:0000076,GO:0003677,GO:0031298,GO:0006281,GO:0048478,GO:0009649,GO:0043111
OG0004686_00	GO:0006218,GO:0005829,GO:0004850
OG0005977_00	GO:0016042,GO:0005615,GO:0016298
OG0002734_00	GO:0042626,GO:0055085,GO:0005886,GO:0016020
OG0003430_00	GO:0005886,GO:0016020
OG0008084_00	GO:0007608,GO:0005549,GO:0050911,GO:0005886,GO:0004984,GO:0016020
OG0007765_00	GO:0044615,GO:0017056,GO:0005543,GO:0044613,GO:0006607,GO:0006999
OG0002339_00	GO:0042575,GO:0006271,GO:0043625
OG0003761_00	GO:0001222,GO:0032922,GO:0000122,GO:0000976,GO:0005737,GO:0043153,GO:0005634
OG0008830_00	GO:0005886,GO:0016010,GO:0042383
OG0008526_00	GO:0000139,GO:0004559,GO:0006517,GO:0006491
OG0009298_00	GO:0005198,GO:0042060,GO:0030056,GO:0031122,GO:0005882,GO:0016020,GO:0005737,GO:0045104
OG0007876_00	GO:0052742,GO:0005768,GO:0000045,GO:0005777,GO:0036092,GO:0000407,GO:0016020,GO:0030242,GO:0048015,GO:0016303,GO:0006897,GO:0034271,GO:0005737,GO:0046854,GO:0034272
OG0002978_00	GO:0005730
OG0003920_00	GO:0006741,GO:0003951
OG0002691_00	GO:0061630,GO:0008270,GO:0005737
OG0008701_00	GO:0005886,GO:0050911,GO:0016020,GO:0005549,GO:0007608,GO:0004984
OG0001764_00	GO:0070898,GO:0000126,GO:0001156
OG0008608_00	GO:0004674,GO:0005737,GO:0035556
OG0002242_00	GO:0016020,GO:0022857,GO:0055085
OG0007511_00	GO:0005525,GO:0003924
OG0003257_00	GO:0005840,GO:0022625,GO:0003735,GO:0006412,GO:0022618
OG0008681_00	GO:0000978,GO:0006357,GO:0005634,GO:0006355,GO:0000981,GO:0003700
OG0002034_00	GO:0003723
OG0009509_00	GO:0016020,GO:1902936
OG0009211_00	GO:0016020
OG0009835_00	GO:0005576
OG0006495_00	GO:0006631,GO:0008374,GO:0019432,GO:0004366,GO:0031966,GO:0008654,GO:0006072,GO:0006629
OG0001128_00	GO:0007155,GO:0005178,GO:0005615,GO:0045597
OG0005515_00	GO:0043231,GO:0016020,GO:0020037
OG0009459_00	GO:0016020,GO:0007165,GO:0004143
OG0009121_00	GO:0005634,GO:0070063,GO:0003712
OG0000823_00	GO:0015889,GO:0031419,GO:0005615
OG0002641_00	GO:0031146,GO:0019005
OG0006568_00	GO:0005737
OG0004293_00	GO:0005829,GO:0005739,GO:0045454
OG0006783_00	GO:0009101,GO:0036503,GO:0003980,GO:0051082,GO:0018279,GO:0005783
OG0005603_00	GO:0016020,GO:0004467,GO:0005783
OG0001665_00	GO:0032456,GO:0030139,GO:0032154,GO:0030496,GO:0032465,GO:0055038
OG0006592_00	GO:0005669,GO:0051123,GO:0000124,GO:0003713,GO:0016251
OG0001009_00	GO:0006325,GO:0031491,GO:0005634
OG0001236_00	GO:0051726,GO:0033596,GO:0008285,GO:0032007
OG0005412_00	GO:0080132,GO:0006629,GO:0005783,GO:0016020,GO:0006631
OG0001922_00	GO:0031297,GO:0006281,GO:0043596,GO:0048478
OG0004482_00	GO:0034098,GO:0036503,GO:0006511,GO:0031593
OG0006259_00	GO:0005737,GO:0015629,GO:0030041
OG0007476_00	GO:0016020,GO:0033619,GO:0098554,GO:0098553,GO:0030660,GO:0042500,GO:0006465
OG0004928_00	GO:0030425,GO:0005874,GO:0043025,GO:0005829,GO:0045202,GO:0007409,GO:0016358,GO:0031114,GO:0000226,GO:0003779,GO:0005875,GO:0008017
OG0000740_00	GO:0016020,GO:0005549,GO:0004984,GO:0005886,GO:0007608,GO:0050911
OG0000649_00	GO:0016491,GO:0050660
OG0006153_00	GO:0005634
OG0000259_01	GO:0004252
OG0000458_00	GO:0016020,GO:1902936
OG0006834_00	GO:0005789,GO:0051604
OG0004043_00	GO:0032039,GO:0016180
OG0005748_00	GO:0031201,GO:0006887,GO:0048278,GO:0005886,GO:0005484,GO:0012505,GO:0000421,GO:0000149,GO:0006906,GO:0006886
OG0001410_00	GO:0006596,GO:0033387,GO:0005737,GO:0004586
OG0000480_00	GO:0004930,GO:0005886,GO:0007186
OG0006864_00	GO:0017056,GO:0006606,GO:0006405,GO:0008139,GO:0005643
OG0001240_00	GO:0000981,GO:0006357,GO:0000977
OG0007138_00	GO:0016485,GO:0006518,GO:0005615,GO:0004181
OG0006281_00	GO:0016042,GO:0016298,GO:0005615,GO:0017171
OG0007400_00	GO:0032981,GO:0005739
OG0005657_00	GO:0032436,GO:1990756,GO:0005634,GO:0031461,GO:0031625,GO:0016567
OG0006388_00	GO:0000398,GO:0089701,GO:0003723
OG0001635_00	GO:0035721,GO:0030991,GO:0061512
OG0002780_00	GO:0071013,GO:0031048,GO:1902369
OG0005301_00	GO:0004674
OG0005208_00	GO:0005507
OG0005504_00	GO:0005829,GO:0006116,GO:0047952,GO:0006072
OG0001113_00	GO:0005634,GO:0051731,GO:0006388,GO:0006378,GO:0006396
OG0001351_00	GO:0003713,GO:0060261
OG0005272_00	GO:0005737,GO:0003729,GO:0045727,GO:0005730,GO:0000184
OG0006484_00	GO:1905515
OG0005813_00	GO:0005762,GO:0003735,GO:0032543
OG0003998_00	GO:0005634,GO:0003714,GO:0006357
OG0003882_00	GO:0007018,GO:0030286,GO:0045505,GO:0051959
OG0003671_00	GO:0006412,GO:0005762,GO:0005761,GO:0003735,GO:0032543
OG0004883_00	GO:0014069,GO:0030160,GO:0051705,GO:0035255,GO:0045211,GO:0043197
OG0008573_00	GO:0007186
OG0005173_00	GO:0005942,GO:0046854,GO:0046935
OG0003904_00	GO:0007411,GO:0048013,GO:0005005,GO:0005886,GO:0006468,GO:0030425
OG0007063_00	GO:0062129,GO:0008010
OG0008901_00	GO:0030036,GO:0042805,GO:0005737,GO:0060537,GO:0005634,GO:0045214,GO:0030018,GO:0008307
OG0008439_00	GO:0005964,GO:0005516,GO:0005977
OG0007988_00	GO:0016192,GO:0007029,GO:0005789
OG0002132_00	GO:0008484,GO:0005737,GO:0004423
OG0009195_00	GO:0005681,GO:0003729,GO:0000381
OG0003557_00	GO:0005654,GO:0006355,GO:0042800
OG0005919_00	GO:0005737,GO:0000184,GO:0035145
OG0002846_00	GO:0010468,GO:0005634
OG0007575_00	GO:0005747,GO:0003954,GO:0006120
OG0002472_00	GO:0018279,GO:0008250
OG0004940_00	GO:0016020,GO:0043231,GO:0020037
OG0000953_00	GO:0016239,GO:0005774,GO:0032008,GO:0005829,GO:1904263,GO:0034198,GO:0061700
OG0000728_00	GO:0045505,GO:0007018,GO:0030286,GO:0051959
OG0000214_00	GO:0010468,GO:0005634,GO:0045944
OG0006645_00	GO:0005886
OG0002462_00	GO:0005783,GO:0004622
OG0004954_00	GO:0016581,GO:0000122
OG0003780_00	GO:0045944,GO:0001816
OG0000301_00	GO:0005886,GO:0005313,GO:0015175,GO:0015501,GO:0015813
OG0004675_00	GO:0004838,GO:0006572,GO:0006559
OG0010025_00	GO:0008893
OG0003689_00	GO:0009653
OG0002522_00	GO:0016491
OG0002229_00	GO:0005634,GO:0003688,GO:0006260,GO:0000808,GO:0005664
OG0003600_00	GO:0032021,GO:0006355,GO:0034244
OG0004793_00	GO:0004601
OG0002608_00	GO:0005615,GO:0031012
OG0003706_00	GO:0051056,GO:0005737,GO:0005096
OG0008817_00	GO:0051959,GO:0007018,GO:0030286,GO:0045505
OG0007588_00	GO:0005881,GO:0005813
OG0009021_00	GO:0006366,GO:0005634,GO:0045951,GO:0003678,GO:0003684
OG0002819_00	GO:0016758,GO:0035248,GO:0006688
OG0005964_00	GO:0000184
OG0008798_00	GO:0000981,GO:0000977,GO:0006357
OG0007481_00	GO:0004407,GO:0040029,GO:0016575
OG0008444_00	GO:0000976,GO:0004879,GO:0034751,GO:0005634,GO:0006357,GO:0006805,GO:0009410
OG0002701_00	GO:0005829,GO:0004853,GO:0006783
OG0009645_00	GO:0005634
OG0006490_00	GO:0005802,GO:0000139,GO:0016485,GO:0016020,GO:0004252
OG0006065_00	GO:0016020,GO:0005737
OG0005510_00	GO:0003998
OG0004679_00	GO:0005783,GO:0004366,GO:0019432
OG0003685_00	GO:0002181,GO:0022625,GO:0015934,GO:0003735,GO:0006412
OG0004716_00	GO:0046950,GO:0008260,GO:0008410,GO:0005739
OG0003353_00	GO:0005634,GO:0005737,GO:0005544,GO:0005886,GO:0001786,GO:0012506
OG0000730_00	GO:0005634,GO:0071108,GO:0043130,GO:0004843
OG0000428_00	GO:0006508,GO:0004185
OG0004958_00	GO:0006357,GO:0000981,GO:0006355,GO:0000978,GO:0001228,GO:0016602
OG0004487_00	GO:0031267,GO:0031085,GO:0005085,GO:0006605,GO:0031410,GO:0005765,GO:1903232
OG0004296_00	GO:0003677,GO:0042797,GO:0006383,GO:0005666
OG0005417_00	GO:0005789,GO:0042392,GO:0006670
OG0001660_00	GO:0008173,GO:0034587,GO:0005634,GO:0030422,GO:0001510,GO:0008171,GO:0005737
OG0001927_00	GO:0035435,GO:1990547,GO:0005315,GO:0005743
OG0008043_00	GO:0005524,GO:0016887
OG0006597_00	GO:0031012,GO:0005615
OG0006786_00	GO:0003729
OG0006464_00	GO:0016020,GO:0005385,GO:0006882,GO:0071577,GO:0010312
OG0006666_00	GO:0051604,GO:0097428
OG0004156_00	GO:0005634,GO:0034039,GO:0006285
OG0003496_00	GO:0016020,GO:0005886
OG0000809_00	GO:0006281,GO:0043138,GO:0005737,GO:0006310,GO:0000724,GO:0009378,GO:0005634,GO:0006268,GO:0032508,GO:0005694
OG0000900_00	GO:0035556,GO:0072354,GO:0000278,GO:0005737,GO:0005634
OG0004650_00	GO:0006635,GO:0042626,GO:0005524,GO:0007031,GO:0005778,GO:0015910,GO:0005324,GO:0042760
OG0009622_00	GO:0005262,GO:0006874,GO:0070588,GO:0005886,GO:0008273
OG0006458_00	GO:0005576,GO:0008083,GO:0045087,GO:0021556,GO:0005121
OG0000265_00	GO:0005634,GO:0060271,GO:0015630,GO:0060294
OG0004328_00	GO:0004505,GO:0005506,GO:0009072,GO:0006571,GO:0004497
OG0001698_00	GO:0042800,GO:0003713,GO:0044666,GO:0045944
OG0008837_00	GO:0005886,GO:0008188,GO:0007218,GO:0004930,GO:0007186
OG0001571_00	GO:0033314,GO:0006270,GO:0007095
OG0005841_00	GO:0008168,GO:0030488,GO:0016300
OG0005948_00	GO:0005759,GO:0006633,GO:0050080,GO:0006085,GO:0005782,GO:2001294
OG0002625_00	GO:0005886,GO:0017147,GO:0042813,GO:0060070
OG0002218_00	GO:0030688,GO:0005634,GO:0006364
OG0003976_00	GO:0051017,GO:0005737,GO:0051015
OG0002009_00	GO:0070847,GO:0006369,GO:0003712,GO:0006357,GO:0016592
OG0003503_00	GO:0004739,GO:0005967,GO:0006086
OG0005790_00	GO:0008083,GO:0005121,GO:0045087,GO:0005576,GO:0021556
OG0007389_00	GO:1990247,GO:0003729,GO:0005737,GO:0061157
OG0002874_00	GO:0008441
OG0002100_00	GO:0005634,GO:0000460
OG0007280_00	GO:0005783
OG0008951_00	GO:0005737,GO:0004038,GO:0006145
OG0002217_00	GO:0071028,GO:0034473,GO:0035925,GO:0000467,GO:0071035,GO:0034475,GO:0071038,GO:0034476,GO:0016075,GO:0043928,GO:0034427,GO:0000176,GO:0000177
OG0000084_00	GO:0005549,GO:0005886,GO:0016020,GO:0007608,GO:0050911,GO:0004984
OG0002921_00	GO:0043005
OG0003979_00	GO:0005546,GO:0005886,GO:0006887,GO:0006893,GO:0000145
OG0007386_00	GO:0005886,GO:0005737
OG0003034_00	GO:0005829
OG0010228_00	GO:0016020,GO:0042626,GO:0020037,GO:0055085,GO:0015886,GO:0005774,GO:0015439
OG0004333_00	GO:0030317,GO:0048870,GO:0031514
OG0000830_00	GO:0005886,GO:0015280,GO:0016020,GO:0005272,GO:0006814,GO:0035725
OG0006443_00	GO:0006888,GO:0005789,GO:0000139,GO:0030134
OG0003475_00	GO:0005739,GO:0004368,GO:0006072
OG0006094_00	GO:0019216,GO:0005739
OG0002400_00	GO:0071218,GO:0016887,GO:0005524
OG0004693_00	GO:0006357,GO:0005634,GO:0043565,GO:0000981
OG0004778_00	GO:0006396,GO:0003963,GO:0005634
OG0001624_00	GO:0005777,GO:0004092,GO:0019254,GO:0016746
OG0007437_00	GO:0008476,GO:0005794,GO:0008146,GO:0006478
OG0005152_00	GO:0005886,GO:0045332,GO:0005802,GO:0140326
OG0009097_00	GO:0007608,GO:0005549,GO:0016020,GO:0050911,GO:0005886,GO:0004984
OG0002153_00	GO:0005783,GO:0006505,GO:0016788,GO:0006888,GO:0050185
OG0007600_00	GO:0016020,GO:0071577,GO:0005886,GO:0005385
OG0008270_00	GO:0097602,GO:2000060
OG0006290_00	GO:0016567,GO:0004839,GO:0032446,GO:0006974,GO:0005737,GO:0005634,GO:0006511
OG0007042_00	GO:0062129,GO:0008010
OG0008007_00	GO:0005815,GO:0030992,GO:0060271,GO:0005929
OG0001775_00	GO:0006511,GO:0061630,GO:0000209
OG0005362_00	GO:0006397,GO:0003723,GO:0005634
OG0002147_00	GO:0005886,GO:0005737
OG0007070_00	GO:0006099,GO:0030060,GO:0005737,GO:0005739
OG0003544_00	GO:0097541,GO:0045184,GO:0044782,GO:0007399
OG0007672_00	GO:0016616
OG0000531_00	GO:0006108,GO:0006106,GO:0004333,GO:0006099,GO:0005739
OG0001833_00	GO:0005525,GO:0045727,GO:0097177,GO:0043022,GO:0005739
OG0007787_00	GO:0004829,GO:0006435,GO:0005739
OG0004553_00	GO:0005634,GO:0006355,GO:0032452,GO:0006338,GO:0010468,GO:0034647,GO:0000785
OG0006432_00	GO:0005634,GO:0001708,GO:0006355,GO:0006357,GO:0003700,GO:0000981,GO:0000978,GO:0000785
OG0000144_00	GO:0043231,GO:0005777,GO:0035336,GO:0080019
OG0001381_00	GO:0035556,GO:0018105,GO:0004674
OG0001147_00	GO:0005829,GO:0003729,GO:0003723,GO:0010494,GO:0005634,GO:0008033,GO:0045727
OG0004342_00	GO:0006338,GO:0006351,GO:0006325,GO:0000785,GO:0031491,GO:0005634,GO:0000417
OG0006304_00	GO:0042761,GO:0030148,GO:0018812,GO:0030497,GO:0005789
OG0004830_00	GO:0016020
OG0005773_00	GO:0010468,GO:0005634
OG0006857_00	GO:0009653
OG0006758_00	GO:0019478,GO:0005737,GO:0046416,GO:0071949,GO:0003884
OG0006319_00	GO:0060294,GO:0044458,GO:0005930,GO:0035082
OG0007275_00	GO:0005829,GO:0003785
OG0006232_00	GO:0005737,GO:0016757,GO:0070085
OG0005765_00	GO:0009052,GO:0004801,GO:0005622,GO:0005975
OG0001062_00	GO:0005507
OG0005299_00	GO:1905502,GO:0008080,GO:0006473,GO:0005737
OG0001432_00	GO:0000423,GO:0070530,GO:0044753,GO:0005080,GO:0016235,GO:0035973,GO:0007032
OG0006846_00	GO:0042285,GO:0005794,GO:0035269,GO:0015020
OG0004879_00	GO:1990072,GO:0030008,GO:0048193,GO:1990070,GO:0006888,GO:1990071
OG0001348_00	GO:0043551,GO:0035973,GO:0005739,GO:0035014
OG0000651_00	GO:0042734,GO:0007274,GO:0070073,GO:0007270
OG0004057_00	GO:0005737,GO:0008440,GO:0032958,GO:0051765,GO:0005634,GO:0016301
OG0008589_00	GO:0000981,GO:0005634,GO:0006357
OG0005965_00	GO:0000462,GO:0032040,GO:0030686,GO:0005730
OG0003707_00	GO:0015179,GO:0003333,GO:0016020,GO:0005774
OG0002609_00	GO:0062023,GO:0009653
OG0007589_00	GO:0012505,GO:0007346
OG0008799_00	GO:0022857,GO:0055085,GO:0016020
OG0009338_00	GO:0007608,GO:0050911,GO:0005549,GO:0005886,GO:0004984,GO:0016020
OG0009169_00	GO:0000045,GO:0005776,GO:0005634,GO:0045893
OG0002700_00	GO:0015031,GO:0016020
OG0002619_00	GO:0004535,GO:0000289,GO:0000932,GO:0031251
OG0004684_00	GO:0050660,GO:0005739,GO:0045252,GO:0004148,GO:0006103,GO:0006090
OG0002736_00	GO:0005634,GO:0006355
OG0005975_00	GO:0097191,GO:0005175
OG0008789_00	GO:0008528,GO:0035237,GO:0005886,GO:0007218
OG0003432_00	GO:0070403,GO:0005737,GO:0048040,GO:0042732
OG0007599_00	GO:0005634,GO:0006357,GO:0000978,GO:0001228,GO:0000981,GO:0016602
OG0010267_00	GO:0005523,GO:0005861,GO:0006936,GO:0006937,GO:0045214
OG0002343_00	GO:0015929
OG0000928_00	GO:0003735,GO:0005840,GO:0002181,GO:0022625,GO:0000027,GO:0006412,GO:0003723
OG0000329_01	GO:0031490,GO:0071557,GO:0000978,GO:0044666,GO:0071558,GO:0010468
OG0003684_00	GO:1902936,GO:0016020
OG0003352_00	GO:0016310,GO:0005739,GO:0004370,GO:0046167,GO:0006641,GO:0006071
OG0010028_00	GO:0004984,GO:0050911,GO:0016020,GO:0005549,GO:0005886,GO:0007608
OG0004717_00	GO:0004729,GO:0006783,GO:0005743,GO:0016491
OG0004678_00	GO:0006367,GO:0003677,GO:0005669,GO:0016251,GO:0006352
OG0004959_00	GO:0005794,GO:0051049
OG0000731_00	GO:0005634,GO:0008408,GO:0005737
OG0000429_00	GO:0005737
OG0005821_00	GO:0016020,GO:0042383,GO:0016012,GO:0007517
OG0001638_00	GO:0004430,GO:0016020,GO:0052742,GO:0005737,GO:0005886,GO:0046854,GO:0048015
OG0008541_00	GO:0005634,GO:0006307,GO:0006355
OG0007706_00	GO:0009972,GO:0008270,GO:0004126,GO:0005829
OG0005205_00	GO:0005525,GO:0043022,GO:0005737
OG0007135_00	GO:0005634,GO:0008143
OG0008116_00	GO:0003677,GO:0004879
OG0001300_00	GO:0016020
OG0002630_00	GO:0016020,GO:0055085,GO:0005319,GO:0140359,GO:0043231,GO:0042626,GO:0006869
OG0002014_00	GO:0005886
OG0002919_00	GO:0022857,GO:0016020,GO:0006820
OG0003512_00	GO:0005765,GO:0035658,GO:0010506,GO:0031902
OG0003941_00	GO:0030150,GO:0005744,GO:0008320
OG0000239_00	GO:0006122,GO:0005750
OG0000972_00	GO:0008353,GO:0004693,GO:0004674,GO:0005634,GO:0006468
OG0001485_00	GO:0005737,GO:0003723,GO:0005634,GO:0006309,GO:0070578,GO:0004530,GO:0004525,GO:0030422,GO:0090501
OG0000415_00	GO:0004483,GO:0005737,GO:0005634,GO:0097309,GO:0006370
OG0010568_00	GO:0017196,GO:0005737,GO:0031415
OG0002493_00	GO:0003723,GO:0005654
OG0004118_00	GO:0005096,GO:0031267,GO:0043087
OG0004965_00	GO:0005730
OG0004762_00	GO:0000480,GO:0034511,GO:0030686,GO:0005730,GO:0000472
OG0003738_00	GO:0003724,GO:0005829
OG0006197_00	GO:0016020
OG0003305_00	GO:0034246,GO:0005759,GO:0000179,GO:0006391,GO:0031167
OG0003820_00	GO:0036503
OG0002571_00	GO:0055085,GO:0016020
OG0004087_00	GO:0016279
OG0001973_00	GO:0045217,GO:0016020
OG0001168_00	GO:0032508,GO:0006281,GO:0009378,GO:0005634,GO:0006310,GO:0043138,GO:0005737,GO:0006268,GO:0000724,GO:0005694
OG0004264_00	GO:0031087,GO:0003729,GO:0033962,GO:0000932
OG0006990_00	GO:0061630,GO:0016567,GO:0032436,GO:0046330
OG0001652_00	GO:0035869,GO:0036064,GO:0060271
OG0006327_00	GO:0031965
OG0007197_00	GO:0005886,GO:0099536
OG0006774_00	GO:0006355
OG0005982_00	GO:0031410
OG0005367_00	GO:0000164,GO:2001069,GO:0005979,GO:0008157
OG0007426_00	GO:0005634
OG0005165_00	GO:0004653,GO:0005794,GO:0006493
OG0008016_00	GO:0016020,GO:0005778,GO:0005737
OG0007075_00	GO:0002031,GO:0007165,GO:0005737,GO:0001664
OG0008207_00	GO:0048678,GO:0042995
OG0003541_00	GO:0005783,GO:0006506
OG0000701_00	GO:0003714,GO:0090090,GO:0005667,GO:0006355,GO:0005634
OG0009553_00	GO:0005634,GO:0008263,GO:0006285,GO:0004844,GO:0000700
OG0006549_00	GO:0000381,GO:0005634,GO:0048024,GO:0003729
OG0004459_00	GO:0005096,GO:0005829,GO:0031267,GO:0005634,GO:0048471,GO:0090630,GO:0006913
OG0009462_00	GO:0006646,GO:0004142,GO:0004307,GO:0005794,GO:0005789
OG0009817_00	GO:0005730,GO:0070181,GO:0022627,GO:0003735
OG0000242_01	GO:0071356,GO:0007253,GO:0051059,GO:0005829
OG0000858_00	GO:0005634,GO:0061630,GO:0000209,GO:0006511,GO:0005737,GO:0016567
OG0006571_00	GO:0006890,GO:0030126,GO:0006891,GO:0006886
OG0004461_00	GO:0030150,GO:0008320,GO:0005741
OG0009233_00	GO:0007188,GO:0005886,GO:0017046,GO:0008528
OG0000050_00	GO:0032504,GO:0005615
OG0006415_00	GO:0045504,GO:0036158,GO:0005737,GO:0043014
OG0004534_00	GO:0004519,GO:0000712,GO:0004520,GO:0005654,GO:0000724,GO:0005737
OG0004039_00	GO:0045742,GO:0045743
OG0006129_00	GO:0035556,GO:0004674,GO:0005634,GO:0043065
OG0004167_00	GO:0017196,GO:0004596,GO:0031417
OG0005595_00	GO:0000981,GO:0032502,GO:0000977,GO:0006357
OG0004365_00	GO:0005886,GO:0007165,GO:0004888
OG0006657_00	GO:0006024,GO:0050650,GO:0016311,GO:0005794,GO:0016791
OG0001854_00	GO:0003779
OG0002775_00	GO:0005829,GO:0043186,GO:0035194
OG0003750_00	GO:0016579,GO:0005634,GO:0005829,GO:0030968,GO:0036503,GO:0004843
OG0010097_00	GO:0046928,GO:0043195,GO:0019905,GO:0000149,GO:0006836,GO:0031201,GO:0016079
OG0000997_00	GO:0045296,GO:0007155
OG0008416_00	GO:0016020,GO:0005549,GO:0007608,GO:0005886,GO:0050911,GO:0004984
OG0005936_00	GO:0005634,GO:0006357
OG0005859_00	GO:0006366,GO:0003713
OG0001569_00	GO:0004674,GO:0006974
OG0006480_00	GO:0000981,GO:0006357,GO:0000977,GO:0005634,GO:0009790
OG0008356_00	GO:0006596,GO:0033387,GO:0005737,GO:0004586
OG0007146_00	GO:0007015,GO:0051015,GO:0015629
OG0001117_00	GO:0006623,GO:0045053
OG0005276_00	GO:0016757,GO:0009101
OG0002939_00	GO:0000724,GO:0035861,GO:0000014,GO:0006303,GO:0031573,GO:0030870,GO:0042138,GO:0007095,GO:0000723,GO:0097552
OG0009664_00	GO:0000981,GO:0043565,GO:0000978,GO:0003700,GO:0005634,GO:0006357
OG0004696_00	GO:0006751,GO:0005737,GO:0061928
OG0008649_00	GO:0007264,GO:0090630,GO:0005085
OG0009973_00	GO:0006121,GO:0000104,GO:0005749,GO:0008177,GO:0050660,GO:0009055
OG0003351_00	GO:0016310,GO:0005739,GO:0006071,GO:0006641,GO:0004370,GO:0046167
OG0000732_00	GO:0006396
OG0004714_00	GO:0003723,GO:0042803,GO:0045450
OG0002241_00	GO:0035082,GO:0005737
OG0003628_00	GO:0043161,GO:0006974,GO:0006511,GO:0000209,GO:0016607,GO:0061630
OG0003879_00	GO:0005324,GO:0004467,GO:0005886,GO:0044539,GO:0015245,GO:0005789,GO:0001676
OG0007512_00	GO:0032589,GO:0050808
OG0003574_00	GO:0016615,GO:0006108
OG0002692_00	GO:0005524,GO:0006139,GO:0019205
OG0007875_00	GO:0005525,GO:0005829,GO:0005634
OG0000666_00	GO:0005085,GO:0007265,GO:0007264,GO:0005886
OG0006053_00	GO:0030552,GO:0051146,GO:0042383,GO:0042391,GO:0007519,GO:0007507,GO:0016020
OG0001359_00	GO:0044545,GO:0045944
OG0005466_00	GO:0004146,GO:0005739,GO:0046654,GO:0046655,GO:0050661,GO:0046452
OG0009884_00	GO:0006364,GO:0003755,GO:0003677
OG0006755_00	GO:0034067,GO:0000139,GO:0005802,GO:0043001,GO:0006895
OG0004245_00	GO:0005886
OG0001053_00	GO:0008344,GO:0048512,GO:0005737,GO:0050804
OG0006203_00	GO:0060147
OG0005383_00	GO:0000724,GO:0016925,GO:0005634,GO:0061665,GO:0030915,GO:0019789
OG0003355_00	GO:0019829,GO:0036376,GO:0005886,GO:0030007,GO:0005391,GO:1990573,GO:0006883,GO:1902600
OG0004710_00	GO:0043162,GO:0006623,GO:0006612,GO:0000813
OG0003683_00	GO:0015183,GO:0022857,GO:0015813,GO:0043490,GO:0005313,GO:0006810,GO:0015810
OG0009524_00	GO:0000287,GO:0005509
OG0004724_00	GO:0019900,GO:0035330,GO:0006355,GO:0016477,GO:0060090,GO:0005737,GO:0046621
OG0003242_00	GO:0005634,GO:0051351,GO:0003677,GO:0010165,GO:0032807,GO:0006302,GO:0006303,GO:0005958,GO:0006310,GO:0051103
OG0009200_00	GO:0005634,GO:0006357
OG0010314_00	GO:0047493,GO:0033188,GO:0005789,GO:0005886,GO:0046513,GO:0006686,GO:0016780,GO:0000139
OG0003691_00	GO:0003924
OG0007487_00	GO:0005849,GO:0031124,GO:0003729
OG0003700_00	GO:0007178,GO:0071363,GO:0005524,GO:0004675,GO:0043235,GO:0004674,GO:0016020,GO:0005886,GO:0006468
OG0000080_02	GO:0007608,GO:0005549,GO:0050911,GO:0004984,GO:0016020,GO:0005886
OG0005962_00	GO:0045039,GO:0042721
OG0002707_00	GO:0006482,GO:0051723
OG0003468_00	GO:0005737,GO:0070374,GO:0043066,GO:0045743,GO:0044344
OG0009769_00	GO:1990519,GO:0000002,GO:0015218,GO:0005739
OG0002441_00	GO:0005783
OG0006698_00	GO:0000413,GO:0003755,GO:0071013
OG0000902_00	GO:0043005
OG0004652_00	GO:0005794
OG0001241_00	GO:0004372,GO:0046653,GO:0005737,GO:0005739,GO:0030170,GO:0005634,GO:0019264
OG0005209_00	GO:0019985,GO:0003887
OG0008260_00	GO:0005886
OG0008897_00	GO:0022625,GO:0006412,GO:0003735,GO:0005840,GO:0003723
OG0006389_00	GO:0007018,GO:0036157,GO:0045503,GO:0045504,GO:0036158,GO:0003341
OG0002781_00	GO:0000151,GO:0016567,GO:0005737,GO:0071596,GO:0061630
OG0005656_00	GO:0008104,GO:0005886,GO:0005739
OG0001634_00	GO:0005813,GO:0005879
OG0008329_00	GO:0001228,GO:0006357,GO:0000978,GO:0005634
OG0007401_00	GO:0005634
OG0006280_00	GO:1903632,GO:0017101
OG0007610_00	GO:0035267
OG0005024_00	GO:0031267,GO:0043087,GO:0005096
OG0001477_00	GO:0005102,GO:1990429,GO:0005778,GO:0005515,GO:0016560
OG0003989_00	GO:0047184,GO:0035965,GO:0006644,GO:0031966,GO:0008374,GO:0016746,GO:0007007
OG0007354_00	GO:0031145,GO:0005680,GO:0070979
OG0004997_00	GO:0003723,GO:0006298,GO:0043137,GO:0032299,GO:0004523
OG0009359_00	GO:0005840,GO:0006412,GO:0003735,GO:0002181,GO:0022625
OG0007384_00	GO:0030041,GO:0005884
OG0002923_00	GO:0007160,GO:0016477,GO:0033627,GO:0007229,GO:0008305,GO:0005178,GO:0009986,GO:0098609,GO:0005925
OG0008653_00	GO:0000151,GO:0071596,GO:0005737,GO:0016567,GO:0061630
OG0002628_00	GO:0016324,GO:0000226,GO:0005938,GO:0035091,GO:0008104,GO:0007155,GO:0045197,GO:0051660,GO:0005912,GO:0030010,GO:0043296
OG0003201_00	GO:0031647,GO:0019005
OG0002215_00	GO:0005838,GO:0043161
OG0003036_00	GO:0043130,GO:0000724
OG0001747_00	GO:0000172,GO:0001682,GO:0000171,GO:0030681,GO:0000447,GO:0030677,GO:0004526
OG0007064_00	GO:0045944,GO:0007420,GO:0030154,GO:0030182,GO:0000978,GO:0001228,GO:0000122,GO:0005634
OG0002841_00	GO:0005634,GO:0003723,GO:0000175,GO:1990432,GO:1990431,GO:0000289
OG0009192_00	GO:0003735,GO:0002181,GO:0003723,GO:0005840,GO:0022625,GO:0006412
OG0002135_00	GO:0071218,GO:0030544,GO:0051085,GO:0005789
OG0009361_00	GO:0005930,GO:0019894,GO:0044782,GO:0016939,GO:0007018,GO:0035869,GO:0005871
OG0005174_00	GO:0005634
OG0008906_00	GO:0071013
OG0003550_00	GO:0005869
OG0003720_00	GO:0006606,GO:0044611,GO:0017056,GO:0006405
OG0002406_00	GO:0005975,GO:0016857
OG0009667_00	GO:0015015,GO:0017095,GO:0016020,GO:0008146
OG0003838_00	GO:0051087,GO:0034975,GO:0051787,GO:0005783
OG0000083_01	GO:0006508,GO:0005615,GO:0004181
OG0000361_00	GO:0016020,GO:0004984,GO:0005549,GO:0050911,GO:0005886,GO:0007608
OG0000867_00	GO:0031175,GO:0000902,GO:0030427,GO:0005938
OG0001796_00	GO:0004364,GO:0045174,GO:0005737,GO:0006749
OG0009648_00	GO:0005634,GO:0006357
OG0002605_00	GO:0043022,GO:0003924,GO:1990904,GO:0005829,GO:0006414,GO:0003746
OG0003400_00	GO:0005576
OG0008795_00	GO:0005769,GO:0005096,GO:0090630
OG0009334_00	GO:0005741,GO:0010506,GO:0051537
OG0002353_00	GO:1902600,GO:0046034,GO:0046961,GO:0005765
OG0010167_00	GO:0043025,GO:0007635,GO:0030424,GO:0030425,GO:0008049
OG0002814_00	GO:0003924
OG0008288_00	GO:0022857,GO:0055085,GO:0016020
OG0006268_00	GO:0005739,GO:0008297,GO:0006264
OG0000495_00	GO:0071076,GO:0031123,GO:0016779,GO:0050265
OG0006871_00	GO:0005681
OG0006117_00	GO:0034620,GO:0033119,GO:0019899,GO:0031966,GO:0060702,GO:2001234,GO:0016020
OG0000704_00	GO:0019888,GO:0032516,GO:0000164,GO:0005783,GO:0034976
OG0003194_00	GO:0016811,GO:0005783,GO:0000225
OG0002284_00	GO:0003333,GO:0015179
OG0002657_00	GO:0006289,GO:0005634,GO:0003906,GO:0006285,GO:0000703
OG0006550_00	GO:0055120,GO:0071013,GO:0005730,GO:0051015
OG0003188_00	GO:0000813,GO:0043130,GO:0043162
OG0003081_00	GO:0005635,GO:0006606,GO:0005829
OG0004440_00	GO:0000993,GO:0031124
OG0009756_00	GO:0052689,GO:0005886,GO:0003990,GO:0005615,GO:0006581,GO:0019695
OG0005587_00	GO:0005737,GO:0005643,GO:0005049,GO:0006611,GO:0051169
OG0006371_00	GO:0005125,GO:0045165,GO:0060070,GO:0030182,GO:0005615,GO:0016055,GO:0007275,GO:0005109,GO:0005576,GO:0005102
OG0004504_00	GO:0030990,GO:0005737,GO:0097730,GO:0061512,GO:0060271,GO:0036064,GO:0097546,GO:0005813
OG0006407_00	GO:0005737,GO:0005739,GO:0019136
OG0006968_00	GO:0005634,GO:0070628,GO:0031144,GO:0071630,GO:0031965
OG0009385_00	GO:0001676,GO:0005886,GO:0005324,GO:0015245,GO:0005789,GO:0004467,GO:0044539
OG0001864_00	GO:0000138,GO:0016020,GO:0005797
OG0003793_00	GO:0032504,GO:0005615
OG0010335_00	GO:0030154,GO:0006357,GO:0000978,GO:0000981,GO:0005634
OG0004020_00	GO:0030687,GO:0000027,GO:0019843
OG0009531_00	GO:0005634,GO:0016020,GO:0005740,GO:0097345,GO:0043067,GO:0005741,GO:0043065
OG0004705_00	GO:0016538,GO:0006357
OG0010403_00	GO:0006355,GO:0005634
OG0003366_00	GO:0005524,GO:0016887
OG0006130_00	GO:0005737,GO:0030178
OG0002481_00	GO:0006999,GO:0030674,GO:0070762
OG0006658_00	GO:0010468,GO:0006357,GO:0005634,GO:0000981,GO:0003677
OG0006126_00	GO:0007411,GO:0043236,GO:0021675,GO:0002009,GO:0016011,GO:0042383,GO:0016203
OG0003374_00	GO:0015485,GO:0032934,GO:0016020,GO:0015918,GO:0030299,GO:0005886,GO:0042632
OG0004973_00	GO:0005783,GO:0070936,GO:0005829,GO:0061630,GO:0030968,GO:0000151,GO:0006511,GO:0016567
OG0000942_00	GO:0005811,GO:0016616
OG0004612_00	GO:0016020,GO:0034220,GO:0004888,GO:0005216
OG0001493_00	GO:0003723,GO:0000398,GO:0089701
OG0000403_00	GO:0006744
OG0000879_00	GO:0004383,GO:0070482,GO:0008074,GO:0019934
OG0004589_00	GO:0005886,GO:0005921,GO:0007602,GO:0005243
OG0003434_00	GO:0060271,GO:0034464,GO:0016020
OG0002828_00	GO:0005789,GO:0005464,GO:0055085,GO:0005462,GO:0022857,GO:0000139,GO:1990569
OG0002730_00	GO:0035869,GO:0060271
OG0005973_00	GO:0071013,GO:0003723
OG0009262_00	GO:1904263,GO:0000122,GO:0005096,GO:0005829,GO:0030511
OG0007888_00	GO:0043410,GO:0004930,GO:0071880,GO:0004989,GO:0005886
OG0006818_00	GO:0070914,GO:0006284,GO:0000715,GO:0003684,GO:0006289,GO:1901255,GO:0000110
OG0000764_00	GO:0005886,GO:0045017,GO:0008374,GO:0019432
OG0002982_00	GO:0051879,GO:0051083,GO:0005829,GO:0042162
OG0009845_00	GO:0005886,GO:0006898,GO:0043235,GO:0016324,GO:0042562
OG0000064_00	GO:0005886,GO:0050911,GO:0004984,GO:0007608,GO:0016020,GO:0005549
OG0003267_00	GO:0001097,GO:0005673,GO:0006367
OG0003951_00	GO:0016020
OG0007129_00	GO:0071577,GO:0005886,GO:0016020,GO:0005385
OG0001505_00	GO:0005737
OG0001138_00	GO:0007220,GO:0005886,GO:0016485,GO:0016020
OG0006399_00	GO:0008270,GO:0005829,GO:0033014,GO:0006783,GO:0004655,GO:0046872
OG0008555_00	GO:0005615,GO:0031012
OG0008339_00	GO:0005737,GO:0015267
OG0001336_00	GO:0016020
OG0005219_00	GO:0007155,GO:0031012
OG0008130_00	GO:0004622,GO:0008081,GO:0005789,GO:0046475
OG0005803_00	GO:0032456,GO:0035091,GO:0005769,GO:0006886
OG0003298_00	GO:0005198,GO:0005886,GO:0016192,GO:0030125,GO:0072583,GO:0030130,GO:0032050,GO:0030672,GO:0099631,GO:0030132,GO:0006886
OG0003396_01	GO:0050840,GO:0005604,GO:0005615,GO:0008201,GO:0030198
OG0004893_00	GO:0008541,GO:0006511
OG0001533_00	GO:0000785,GO:0070577,GO:0006355,GO:0005634,GO:0006338
OG0008563_00	GO:0005758
OG0003665_00	GO:0005886
OG0003912_00	GO:0030276,GO:0051015,GO:0080025,GO:0035615,GO:0006897,GO:0007015,GO:0043325,GO:0032051,GO:0030136,GO:0030864,GO:0048268
OG0009374_00	GO:0005634,GO:0010468
OG0007545_00	GO:0008775,GO:0006083,GO:0005739
OG0005091_00	GO:0030496,GO:0000281,GO:0005737,GO:0016020,GO:0005819,GO:0005813
OG0008939_00	GO:0009100,GO:0016231
OG0002230_00	GO:0005929
OG0005311_00	GO:0046961,GO:0033178,GO:1902600
OG0001276_00	GO:0005739,GO:0006771,GO:0008531,GO:0009398
OG0008271_00	GO:0016480,GO:0005634,GO:0000994
OG0001625_00	GO:0006281,GO:0006260,GO:0006297,GO:0045004,GO:0006287,GO:0006272,GO:0008622,GO:0003887,GO:0008310,GO:0003677,GO:0000278
OG0006291_00	GO:0032472,GO:0070588,GO:0032468,GO:0015085,GO:0005384,GO:0046873,GO:0071421,GO:0005794
OG0008006_00	GO:0003730,GO:0000398,GO:0071013
OG0009096_00	GO:0016020,GO:0005549,GO:0050911,GO:0005886,GO:0004984,GO:0007608
OG0002152_00	GO:0005947,GO:0009083,GO:0007584
OG0008868_00	GO:0005886
OG0003442_00	GO:0016274,GO:0019919,GO:0018216,GO:0034969,GO:0006338,GO:0005634,GO:0042054
OG0000348_00	GO:0006633,GO:0048038,GO:0016616
OG0000001_02	GO:0004984,GO:0050911,GO:0005549,GO:0007608,GO:0016020,GO:0005886
OG0006188_00	GO:0051087,GO:0005737,GO:0043161,GO:0045862,GO:0030018,GO:0061630,GO:0071218,GO:0006515,GO:0000209
OG0004098_00	GO:0005739,GO:0004222,GO:0006518,GO:0006627,GO:0006508
OG0006081_00	GO:0070940,GO:0008420
OG0004182_00	GO:0031625,GO:0005634,GO:0034450,GO:0000209
OG0003023_00	GO:0000981,GO:0006355,GO:0000978
OG0002565_00	GO:0055120,GO:0015459,GO:0006937,GO:0043266,GO:0005886
OG0009159_00	GO:0005634,GO:0006357
OG0002910_00	GO:0071805,GO:0003254,GO:0035725,GO:0098855,GO:0005249
OG0003272_00	GO:0017056,GO:0006405,GO:0044613,GO:0005543,GO:0005643,GO:0006606
OG0008660_00	GO:0005615,GO:0031012
OG0004754_00	GO:0008081
OG0002639_00	GO:0007064,GO:0005634,GO:0000785,GO:0006281
OG0003948_00	GO:0098662
OG0006744_00	GO:0005096,GO:0006897,GO:0043231
OG0005455_00	GO:0031932,GO:0031929,GO:0031931,GO:0004674,GO:0005737,GO:0038202,GO:0016242,GO:0005634
OG0008180_00	GO:0005737,GO:0008017,GO:0007346,GO:0023052,GO:0005634,GO:0007059,GO:0007052,GO:0031616,GO:0051382,GO:0051642
OG0007181_00	GO:0006357,GO:0005634,GO:0000978,GO:0000981
OG0001392_00	GO:0055085,GO:0022857,GO:0016020
OG0004254_00	GO:1990112,GO:0000049,GO:0043023,GO:0072344,GO:1990116
OG0006331_00	GO:0070181,GO:0006412,GO:0003735,GO:0005840,GO:0032543,GO:0005763
OG0004139_00	GO:0042030,GO:0005737,GO:0051087
OG0007790_00	GO:0016020,GO:0007165,GO:0005525
OG0000171_00	GO:0005634,GO:0004527
OG0000522_00	GO:0022857,GO:0016020,GO:0006820
OG0006018_00	GO:0004674
OG0001965_00	GO:0005634,GO:0006351
OG0006390_00	GO:0005886,GO:0004930
OG0008330_00	GO:0005739
OG0005210_00	GO:0005829,GO:0003724
OG0001607_00	GO:0043087,GO:0005096
OG0001131_00	GO:0000398,GO:0005681,GO:0003723
OG0009707_00	GO:0030552,GO:0005952,GO:0004862,GO:2000480,GO:0005829,GO:0034236
OG0010231_00	GO:0004089,GO:0005737,GO:0008270
OG0003169_00	GO:0005783,GO:0016020,GO:0005254
OG0003446_00	GO:0009443,GO:0005829,GO:0008478
OG0009894_00	GO:0004984,GO:0005549,GO:0016020,GO:0005886,GO:0007608,GO:0050911
OG0005296_00	GO:0006810,GO:0005794,GO:0016020
OG0001942_00	GO:0004674,GO:0000146,GO:0030832,GO:0018105
OG0006723_00	GO:0005634,GO:0005737
OG0006316_00	GO:0033615,GO:0031966
OG0005675_00	GO:0030983,GO:0007131,GO:0005634,GO:0003690,GO:0006298,GO:0140664,GO:0005524
OG0007116_00	GO:0042393,GO:0005730,GO:0003677,GO:0006360,GO:0006334
OG0005226_00	GO:0045296,GO:0005654,GO:0005739
OG0005903_00	GO:0016409
OG0000965_00	GO:0004487,GO:0004488,GO:0035999,GO:0005739,GO:0004477
OG0004635_00	GO:0007005,GO:0005743,GO:0055088
OG0001148_00	GO:0005789,GO:0006490,GO:0016758,GO:0006487,GO:0042283
OG0000617_00	GO:0006352,GO:0005736,GO:0006362
OG0006633_00	GO:0005634,GO:0008821,GO:0031297,GO:0000712,GO:0048476,GO:0006302,GO:0006281,GO:0031573
OG0004914_00	GO:0005739
OG0010573_00	GO:0005737
OG0003576_00	GO:0045499,GO:0005886,GO:0071526,GO:0001755,GO:0030335,GO:0030215,GO:0007411
OG0002690_00	GO:0003700,GO:0000981,GO:0030154,GO:0006357,GO:0005634
OG0002243_00	GO:0006783,GO:0005737,GO:0033014,GO:0004418
OG0007510_00	GO:0008048,GO:0005509
OG0008609_00	GO:0003723,GO:0022625,GO:0005840,GO:0003735,GO:0006412
OG0009299_00	GO:0003723
OG0001765_00	GO:0008111,GO:0008206,GO:0005739
OG0002979_00	GO:0009897,GO:0016491,GO:0005886,GO:0007624
OG0007877_00	GO:0004674
OG0004237_00	GO:1901190,GO:0034518,GO:0008190,GO:0005737,GO:0003743,GO:0045727
OG0000152_00	GO:0038023,GO:0045087,GO:0005886,GO:0007165
OG0005476_00	GO:0035725,GO:0003254,GO:0005249,GO:0098855,GO:0071805
OG0001069_00	GO:0003723,GO:0006413,GO:0003743,GO:0031369,GO:0005852
OG0001946_00	GO:0005743,GO:0005751,GO:0030234,GO:0006123
OG0001921_00	GO:0007015,GO:0006897,GO:0000146,GO:0030048,GO:0005902,GO:0005737,GO:0015629,GO:0051015,GO:0016020,GO:0005886
OG0000514_01	GO:0140021,GO:0005471,GO:1990544,GO:1901029,GO:0005743
OG0007008_00	GO:0071949,GO:0006915,GO:0005739,GO:0016651,GO:0016174,GO:0033108,GO:0005737,GO:0012501
OG0005411_00	GO:0005829,GO:0005524,GO:0003824,GO:0003873,GO:0004331,GO:0006003
OG0006780_00	GO:0006400,GO:0033588,GO:0005634,GO:0000049,GO:0002098,GO:0005829
OG0006591_00	GO:0070987,GO:0042645,GO:0005634
OG0002199_00	GO:0000139,GO:0016020,GO:0090481,GO:0015165
OG0002388_00	GO:0010309,GO:0010308,GO:0006555
OG0005118_00	GO:0042256,GO:0043022
OG0007475_00	GO:0018445,GO:0005102
OG0001666_00	GO:0004674,GO:0005634,GO:0006468
OG0007219_00	GO:0106217,GO:0000049
OG0002372_00	GO:0061630,GO:0000151,GO:0006511
OG0002721_00	GO:0005774,GO:1990130,GO:0034198,GO:0005096,GO:1904262,GO:0010508
OG0000846_00	GO:1902936,GO:0016020
OG0009319_00	GO:0016477,GO:0098742,GO:0045296,GO:0007275,GO:0016342,GO:0098609,GO:0008013,GO:0031175
OG0002668_00	GO:0008017,GO:0005813,GO:0034453
OG0003425_00	GO:0000398,GO:0005681
OG0006166_00	GO:0016973,GO:0003723,GO:0005634
OG0004076_00	GO:0032504,GO:0005615
OG0000753_00	GO:0017121,GO:0005886,GO:0017128
OG0009585_00	GO:0043005
OG0004934_00	GO:0000976,GO:0005634,GO:0006357
OG0004079_00	GO:0002098,GO:0008023,GO:0005737,GO:0033588
OG0000633_00	GO:1990535,GO:0000226,GO:0021952
OG0006828_00	GO:0042720,GO:0006627
OG0007013_00	GO:0005794,GO:1905515,GO:0005929,GO:0042073,GO:0030992,GO:0005815
OG0001204_00	GO:0006805,GO:0016712,GO:0005737,GO:0006082,GO:0020037,GO:0043231,GO:0008395
OG0001679_00	GO:0003700,GO:0006355,GO:0007165
OG0005103_00	GO:0008202,GO:0043231,GO:0016491
OG0006245_00	GO:0005615,GO:0032504
OG0007220_00	GO:0071011,GO:0003729,GO:0000398,GO:0005688,GO:0046540,GO:0016070
OG0001015_00	GO:0006369,GO:0001147,GO:0016604
OG0008074_00	GO:0006469,GO:0004862
OG0007444_00	GO:0061669,GO:0006887,GO:0045202,GO:0017158
OG0005428_00	GO:0140662
OG0007797_00	GO:0000030,GO:0006487,GO:0016757,GO:0000026,GO:0005789
OG0007186_00	GO:0016020,GO:0006817,GO:0035435,GO:0005315
OG0005548_00	GO:0030041,GO:0034314,GO:0051015,GO:0005885,GO:0015629
OG0005452_00	GO:0004222,GO:0006508,GO:1905897,GO:0031293,GO:0005737,GO:1990440,GO:0016020
OG0001157_00	GO:0006814,GO:0015293
OG0000176_00	GO:0005319
OG0004253_00	GO:0006120,GO:0005747
OG0001395_00	GO:0003712,GO:0006357,GO:0070847,GO:0016592
OG0001962_00	GO:0098609
OG0008744_00	GO:0004459,GO:0006089,GO:0006090
OG0007554_00	GO:0005159,GO:0005179,GO:0008284,GO:0005615,GO:0008283,GO:0001932,GO:0048009,GO:0051897,GO:0043066
OG0002207_00	GO:0006355,GO:0005654
OG0008928_00	GO:0016035,GO:0006281,GO:0019985,GO:0003887,GO:0000724,GO:0005634,GO:0042276
OG0003002_00	GO:0016757,GO:0008120,GO:0006679,GO:0016020
OG0003965_00	GO:0070034,GO:0000184,GO:0005697,GO:0042162
OG0003213_00	GO:0007096,GO:0005634
OG0009915_00	GO:0016791,GO:0004035,GO:0016311
OG0000714_00	GO:0008380,GO:0000398,GO:0030628,GO:0005681
OG0006921_00	GO:0051015,GO:0005925
OG0002587_00	GO:0070006
OG0007912_00	GO:0000214,GO:0006388,GO:0008033,GO:0000213,GO:0004519,GO:0000379,GO:0005737
OG0006241_00	GO:0005794,GO:0035269
OG0001200_00	GO:0015280,GO:0005272,GO:0006814,GO:0035725,GO:0005886,GO:0016020
OG0000188_00	GO:0005549,GO:0005886,GO:0007608,GO:0016020,GO:0050911,GO:0004984
OG0005107_00	GO:0030424,GO:0005886,GO:0050808,GO:0043025,GO:0008046,GO:0007156
OG0007178_00	GO:0016567,GO:0004842
OG0002397_00	GO:0006511,GO:0005737,GO:0004843,GO:0016579
OG0002523_00	GO:0034237,GO:0030036,GO:0071933,GO:2000601,GO:0005856,GO:0031209
OG0004792_00	GO:0046855,GO:0048016,GO:0004445
OG0003601_00	GO:0043001,GO:0006886,GO:0003924,GO:0005794,GO:0005525,GO:0034067
OG0003124_00	GO:0004674,GO:0006468,GO:0005634
OG0007352_00	GO:0043130,GO:0000407,GO:0016236
OG0005729_00	GO:0004843,GO:0016579
OG0005022_00	GO:0000981,GO:0006357,GO:0000978
OG0007239_00	GO:0005576
OG0008949_00	GO:0006412,GO:0003735,GO:0015935,GO:0005763,GO:0005840
OG0003773_00	GO:0005216,GO:0004888,GO:0016020,GO:0034220
OG0001788_00	GO:0005971,GO:0004748,GO:0009263,GO:0005524
OG0005951_00	GO:0006874,GO:0048471
OG0009652_00	GO:0003333,GO:0005774,GO:0015179,GO:0016020
OG0008471_00	GO:0005737,GO:0042327
OG0006317_00	GO:0036435,GO:0031397,GO:0005634,GO:1903094,GO:0005737,GO:0032435
OG0005297_00	GO:0005765,GO:0005770
OG0004232_00	GO:0060548,GO:0005783
OG0001943_00	GO:0016491
OG0006722_00	GO:0006412
OG0005473_00	GO:0043005
OG0007692_00	GO:0035513,GO:0005634,GO:0008198,GO:0035516,GO:0035515,GO:0005737,GO:0035552
OG0005467_00	GO:0015910,GO:0005324,GO:0042626,GO:0007031,GO:0006635,GO:0005524,GO:0042760,GO:0005778
OG0006202_00	GO:0045893,GO:0006406,GO:0003713,GO:0000124
OG0000034_01	GO:0032504,GO:0005615
OG0001957_00	GO:0005737,GO:0008541
OG0001052_00	GO:0005689
OG0006074_00	GO:0043231,GO:0031267,GO:0045055
OG0005831_00	GO:0045003,GO:0005634,GO:0007131,GO:0015616
OG0000582_00	GO:0043547,GO:0005085
OG0001332_00	GO:0004521
OG0009115_00	GO:0035025
OG0004192_00	GO:0007076,GO:0010032,GO:0000779,GO:0000796,GO:0042393
OG0000857_00	GO:0006368,GO:0000993,GO:0008023
OG0003452_00	GO:0017171
OG0010157_00	GO:0010212,GO:0070876,GO:0000724,GO:0044818,GO:0003677
OG0002469_00	GO:0044611,GO:0006999,GO:0017056,GO:0005643
OG0003354_00	GO:0022857,GO:0016020,GO:0055085
OG0009976_00	GO:0005261,GO:0008332,GO:0005886,GO:0005248,GO:0070509,GO:0001518,GO:0086010,GO:0043005
OG0004711_00	GO:0003677,GO:0006352
OG0003682_00	GO:0005198,GO:1904263,GO:0031080,GO:0034198,GO:0035859
OG0000737_00	GO:0016020
OG0008424_00	GO:0006777,GO:0099572,GO:0061599,GO:0045211,GO:0098970,GO:0007529,GO:0097112,GO:0005829,GO:0030425,GO:0005737,GO:0072579
OG0007429_00	GO:0036157,GO:0045504,GO:0036158,GO:0007018,GO:0045503,GO:0003341
OG0005672_00	GO:0005634,GO:0006468,GO:0051402,GO:0000083,GO:0048489,GO:0004693,GO:0004674,GO:0005737,GO:0007409
OG0008873_00	GO:0005737,GO:0005634,GO:0000776,GO:0007052,GO:0005813,GO:0004674,GO:0000922
OG0001269_00	GO:0033674,GO:0007275,GO:0005886,GO:0045664,GO:0043235,GO:0007169,GO:0004714
OG0005368_00	GO:0005930,GO:0003352,GO:0005858,GO:0060285,GO:0070286
OG0005221_00	GO:0016020,GO:0007275
OG0005904_00	GO:0003677,GO:0032968,GO:0006367,GO:0005634,GO:0016251,GO:0001096,GO:0005674
OG0007111_00	GO:0005737
OG0008019_00	GO:0007155,GO:0005886
OG0006665_00	GO:1901642,GO:0016020,GO:0005337,GO:0008504,GO:0005886
OG0004317_00	GO:1901052,GO:0017174,GO:0006111,GO:0042802,GO:0006730,GO:0005829,GO:0051289,GO:1904047,GO:0016594,GO:0046500,GO:0046498
OG0001888_00	GO:0000981,GO:0005634,GO:0003700,GO:0006357,GO:0030154
OG0006467_00	GO:0005967,GO:0004742,GO:0045254,GO:0006086
OG0003495_00	GO:0005634,GO:0042038,GO:0018064
OG0002889_00	GO:0006704,GO:0008203,GO:0034650,GO:0071375,GO:0006700,GO:0005743
OG0000818_00	GO:0003723,GO:0000493,GO:0042254,GO:0005732
OG0000295_01	GO:0008194
OG0003966_00	GO:0005884,GO:0005096,GO:0051015,GO:0000146,GO:0035556
OG0002073_00	GO:0005737,GO:0003729,GO:0005634,GO:1990904
OG0008747_00	GO:0043025,GO:0050808,GO:0007156,GO:0005886,GO:0008046,GO:0030424
OG0002868_00	GO:0004672,GO:0030490,GO:0005829,GO:0030688,GO:0005634
OG0003539_00	GO:0045048,GO:0006616,GO:0005789
OG0003001_00	GO:0070971,GO:0008270,GO:0000149,GO:0090110,GO:0030127
OG0002204_00	GO:0016567,GO:0005634,GO:0004842,GO:0036297
OG0005083_00	GO:0043874,GO:0019509
OG0003035_00	GO:0016020,GO:0071705,GO:0005886,GO:0035725,GO:0006865
OG0002216_00	GO:0005829,GO:0006427,GO:0005739,GO:0003723,GO:0032543,GO:0004821
OG0009433_00	GO:0005615,GO:0006518,GO:0004181,GO:0016485
OG0008650_00	GO:0022625,GO:0002182,GO:0003735
OG0002920_00	GO:0042626,GO:0055085,GO:0016020
OG0000085_00	GO:0030527,GO:0003677
OG0002007_00	GO:0005840,GO:0006412,GO:0003735
OG0008561_00	GO:0005743,GO:0030234,GO:0006123,GO:0005751
OG0007379_00	GO:0030672,GO:0005313,GO:0060076,GO:0005326,GO:0098700,GO:0035249,GO:0050803
OG0008132_00	GO:0007052,GO:0005869,GO:0070840
OG0004891_00	GO:0005634,GO:0045892,GO:0042393,GO:0003682,GO:0035064
OG0003667_00	GO:0000124,GO:0016251,GO:0006352,GO:0005669,GO:0006367,GO:0005634,GO:1990841
OG0005009_00	GO:0006465,GO:0005787,GO:0016020,GO:0045047
OG0005801_00	GO:0006570
OG0007248_00	GO:0005912,GO:0008013,GO:0098742,GO:0044331,GO:0098609,GO:0016339,GO:0016477,GO:0007275,GO:0034332,GO:0007043,GO:0000902,GO:0045296,GO:0016342
OG0005031_00	GO:0045277,GO:0005739
OG0001400_00	GO:0005634
OG0001270_00	GO:0005886,GO:0046854,GO:0016308
OG0001623_00	GO:0055085,GO:0006862
OG0007607_00	GO:0034338,GO:0051792,GO:0051793,GO:0047372,GO:0008126,GO:0044255
OG0007045_00	GO:0003682,GO:0006357,GO:0070776,GO:0010484,GO:0005634,GO:0003712,GO:0016573,GO:0004402,GO:0000785
OG0002154_00	GO:0030036,GO:0030018,GO:0051371,GO:0031941,GO:0005912,GO:0061061,GO:0003779,GO:0001725
OG0008109_00	GO:0006357,GO:0003714,GO:0005634,GO:0003713,GO:0001221,GO:0140297
OG0007108_00	GO:0016020,GO:0006621,GO:0046923
OG0005238_00	GO:0016020
OG0007719_00	GO:0017119,GO:0006891
OG0006297_00	GO:0009653,GO:0005829
OG0005155_00	GO:0019202
OG0005697_00	GO:0006820,GO:0022857,GO:0016020
OG0003488_00	GO:0005634,GO:0043161,GO:0010992,GO:0043130,GO:0005737
OG0004434_00	GO:0003677,GO:0000981,GO:0005524,GO:0000978,GO:0005634,GO:0006355
OG0004207_00	GO:0031929,GO:0005829,GO:0043666
OG0000100_00	GO:0003677,GO:0000786,GO:0030527
OG0006678_00	GO:0005778,GO:0007031
OG0006717_00	GO:0006357,GO:0000981,GO:0000978
OG0004148_00	GO:1990112
OG0001272_00	GO:0000184,GO:0005846,GO:0005845,GO:0003729,GO:0000339,GO:0005634,GO:0006406
OG0002156_00	GO:0032870,GO:0005886,GO:0007186,GO:0004930,GO:0042277
OG0001621_00	GO:0000244,GO:0005687,GO:0097526,GO:0000398,GO:0046540,GO:0071011
OG0001319_00	GO:0005634,GO:0016579,GO:0005829,GO:0010506,GO:0030330,GO:0004843
OG0008275_00	GO:0006506,GO:0005789,GO:0033185,GO:0009101
OG0007047_00	GO:0045893,GO:0035064,GO:0005634,GO:0006355
OG0007605_00	GO:0005929,GO:0008017,GO:0036064
OG0007432_00	GO:0007265,GO:0048015,GO:0046488,GO:0051209,GO:0035556,GO:0007186,GO:0004435
OG0005157_00	GO:0052651,GO:0004622,GO:0047372,GO:0005789,GO:0006660
OG0009092_00	GO:0003713,GO:0007221,GO:0005654
OG0006333_00	GO:0016020,GO:0047372,GO:0046464
OG0005457_00	GO:0000036,GO:0006633,GO:0005739,GO:0005747,GO:0000035
OG0004256_00	GO:0018095,GO:0000226,GO:0070740,GO:0015631,GO:0036064
OG0000520_00	GO:0005829,GO:0030267,GO:0016618,GO:0008465
OG0008393_00	GO:0007018,GO:0045505,GO:0005868,GO:0005737
OG0000233_01	GO:0019674,GO:0005739,GO:0003951
OG0001152_00	GO:0045202,GO:0048858
OG0008182_00	GO:0098609
OG0001967_00	GO:0004831
OG0006746_00	GO:0061630
OG0004101_00	GO:0000981,GO:0006357,GO:0000978
OG0004916_00	GO:0006888,GO:0005801,GO:0030008,GO:0048193,GO:0005802,GO:0043087
OG0006002_00	GO:0003723,GO:0005739,GO:0005654,GO:0005761,GO:0032543
OG0006631_00	GO:0000978,GO:0004879,GO:0000122,GO:0045944,GO:0030154
OG0000967_00	GO:0046513,GO:0042284
OG0000615_00	GO:0031146,GO:0019005
OG0000466_00	GO:0005634,GO:2001235,GO:0003735,GO:0022627
OG0005289_00	GO:0047429
OG0010343_00	GO:0019005,GO:0031146
OG0000791_00	GO:0004356,GO:0006542,GO:0005737
OG0002937_00	GO:0006851,GO:0005509,GO:0036444,GO:0051560,GO:1990246
OG0002502_00	GO:0005634,GO:0000398,GO:0005681
OG0003835_00	GO:0000151,GO:0006511
OG0008647_00	GO:0036064,GO:0044782,GO:0005813
OG0003101_00	GO:0005881
OG0004698_00	GO:0005216,GO:0034220,GO:0004888,GO:0016020
OG0009023_00	GO:0016020,GO:0001727,GO:0006665,GO:0017050,GO:0046512,GO:0043231,GO:0005737,GO:0016310
OG0001799_00	GO:0016020,GO:0005044,GO:0005737
OG0005966_00	GO:0019185,GO:0001046,GO:0003681,GO:0000978,GO:0001006,GO:0042796,GO:0042795
OG0003704_00	GO:0061630,GO:0005634,GO:0006513,GO:0097505,GO:0006301,GO:0003697
OG0007483_00	GO:0005789,GO:0034389,GO:0019915
OG0009647_00	GO:0005739
OG0008815_00	GO:0043565
OG0001462_00	GO:0007186,GO:0005886,GO:0043005,GO:0008188,GO:0042923
OG0003990_00	GO:0008146,GO:0016020,GO:0016051
OG0007363_00	GO:0006351,GO:0003899,GO:0001056,GO:0005666,GO:0006386
OG0005013_00	GO:0035102,GO:1990841,GO:0000122
OG0004982_00	GO:0016020,GO:0005886
OG0001506_00	GO:0016491,GO:0005506
OG0000416_00	GO:0030148,GO:0005789,GO:0009922,GO:0016020,GO:0042761,GO:0034625,GO:0034626,GO:0019367
OG0000971_00	GO:0005634,GO:0030915,GO:0000724,GO:0003697
OG0004966_00	GO:0005634,GO:0003677,GO:0007623,GO:0006355
OG0001486_00	GO:0000978,GO:0003700,GO:0003677,GO:0000981,GO:0006355,GO:0006915,GO:0005634,GO:0006357
OG0000607_00	GO:0030163,GO:0005524,GO:0051131,GO:0007005,GO:0003697,GO:0004176,GO:0005759,GO:0006515,GO:0004252
OG0005290_00	GO:0005778,GO:0000266,GO:0016559,GO:0043653,GO:0005741,GO:0000422
OG0004235_00	GO:0031032,GO:0004674,GO:0005737,GO:0018107,GO:0005856
OG0001944_00	GO:0015293,GO:0006814
OG0006310_00	GO:0005794,GO:0031267,GO:0048193
OG0009892_00	GO:0008528,GO:0007186,GO:0005886
OG0006949_00	GO:0050821,GO:0051087,GO:0000774
OG0007946_00	GO:0005739
OG0006737_00	GO:0005789,GO:0070072
OG0005488_00	GO:0036376,GO:0005391,GO:0019829,GO:0030007,GO:0006883,GO:1990573,GO:0005886,GO:1902600
OG0006508_00	GO:0005739
OG0006364_00	GO:0005886
OG0003913_00	GO:0051010,GO:0005737,GO:0005634,GO:0031122,GO:0035371,GO:0005938
OG0008938_00	GO:0090630,GO:0005096
OG0009375_00	GO:0004984,GO:0007608,GO:0005886,GO:0050911,GO:0005549,GO:0016020
OG0009788_00	GO:0050839,GO:0005911,GO:0098609,GO:0005886
OG0002231_00	GO:0005615,GO:0030510
OG0005090_00	GO:0005737
OG0002129_00	GO:0005254
OG0000359_00	GO:0051180,GO:0005886,GO:0016020,GO:0090482,GO:0055085
OG0006199_00	GO:0097250
OG0004089_00	GO:0006660,GO:0004620,GO:0012505,GO:0047372,GO:0052651
OG0003736_00	GO:0007017,GO:0030286
OG0004662_00	GO:0003723,GO:0005634
OG0000932_00	GO:0005847,GO:0006378
OG0003344_00	GO:1902936,GO:0016020
OG0002562_00	GO:0004832,GO:0005524,GO:0006438,GO:0000166,GO:0005829
OG0003024_00	GO:0016020,GO:0055085,GO:0022857
OG0004753_00	GO:0012505,GO:0048259,GO:0048019,GO:0050750
OG0002917_00	GO:0006086,GO:0004739
OG0003275_00	GO:0072594,GO:0031902,GO:0005765,GO:0005886,GO:0016020
OG0004659_00	GO:0000398,GO:0046540,GO:1990726,GO:0003723,GO:0005688
OG0006451_00	GO:0043231,GO:0003755,GO:0005737,GO:0000413,GO:0005739,GO:0016018,GO:0006457
OG0009762_00	GO:0043410,GO:0004930,GO:0004989,GO:0071880,GO:0005886
OG0000909_00	GO:0005739,GO:0016891,GO:0034587
OG0010009_00	GO:0055085,GO:0016020,GO:0022857
OG0001890_00	GO:0004018,GO:0044208,GO:0005829,GO:0070626
OG0000556_00	GO:0005739,GO:0003860,GO:0006574
OG0004321_00	GO:0043022,GO:0005743,GO:0032979
OG0009802_00	GO:0045892,GO:0003714,GO:0005667,GO:0000118,GO:0006357
OG0009129_00	GO:0005634,GO:0051960,GO:0006357,GO:0000981,GO:0000977
OG0002595_00	GO:0030041,GO:0005884
OG0002649_00	GO:0006654,GO:0005783,GO:0003841
OG0006937_00	GO:0005814,GO:0060271,GO:0097730
OG0009451_00	GO:0004252
OG0000363_00	GO:0036122,GO:0048018,GO:0009887,GO:0038098,GO:0005615
OG0002404_00	GO:0000027,GO:0007219,GO:0005730
OG0003722_00	GO:0030127,GO:0005198,GO:0090110,GO:0070971,GO:0007029,GO:0006888
OG0004697_00	GO:0005886,GO:0006171,GO:0004016,GO:0007189
OG0002938_00	GO:0003735,GO:0006412,GO:0005840
OG0009665_00	GO:0004407,GO:0000118,GO:0016575,GO:0040029
OG0008648_00	GO:0007608,GO:0005549,GO:0005886,GO:0016020,GO:0050911,GO:0004984
OG0000450_00	GO:0005886,GO:0004984,GO:0050911,GO:0007608,GO:0016020,GO:0005549
OG0004920_00	GO:0006392,GO:0006390,GO:0030337,GO:0042645
OG0004397_00	GO:0005049,GO:0006611,GO:0005635,GO:0005829,GO:0006606
OG0005567_00	GO:0005634,GO:0003689,GO:0006261,GO:0006281,GO:0005663
OG0000641_00	GO:0009408,GO:0042026,GO:0005634,GO:0051082,GO:0005737
OG0000748_00	GO:0006414,GO:0003746,GO:0070125
OG0003993_00	GO:0003723,GO:0032040,GO:0000462,GO:0030686,GO:0034455
OG0007805_00	GO:0031011,GO:0006338
OG0005818_00	GO:0031526
OG0007360_00	GO:0032040,GO:0034456,GO:0006364,GO:0006409,GO:0032545
OG0001528_00	GO:1902017,GO:0005813
OG0004888_00	GO:0005737,GO:0035612,GO:2000369,GO:0004674,GO:0045747
OG0001461_00	GO:1990481,GO:0009982,GO:0001522,GO:0031119,GO:0003723,GO:0009451,GO:0005737,GO:0005634
OG0005010_00	GO:0006355,GO:0000978,GO:0000981
OG0003889_00	GO:0005886,GO:0004930,GO:0001591
OG0000489_00	GO:0006508,GO:0097153,GO:0006915,GO:0004197,GO:0005737,GO:0043525
OG0006212_00	GO:0017147,GO:0005886,GO:0030178
OG0001419_00	GO:0012507,GO:0061025,GO:0005783,GO:0048193,GO:0045056,GO:0048211,GO:0005795,GO:0006886,GO:0006888
OG0005741_00	GO:0071586,GO:0005789,GO:0004222
OG0005392_00	GO:0035721,GO:0005929,GO:0030991
OG0009990_00	GO:0032589,GO:0050808
OG0007251_00	GO:0005737,GO:1990904,GO:0005634,GO:0003729
OG0001042_00	GO:0004521
OG0004802_00	GO:0005737,GO:0005085
OG0001823_00	GO:0042273,GO:0005730,GO:0003735
OG0006606_00	GO:0015934,GO:0006412,GO:0005739,GO:0003735
OG0004543_00	GO:0007548,GO:0006357,GO:0000978,GO:0006355,GO:0000981,GO:0005634
OG0006017_00	GO:0030198,GO:0050839,GO:0005615,GO:0031012,GO:0007155
OG0005540_00	GO:0032589,GO:0050808
OG0005892_00	GO:0018105,GO:0004674
OG0006298_00	GO:0003712,GO:0006357,GO:0000124
OG0005237_00	GO:0005886,GO:0002028,GO:0017080
OG0001314_00	GO:0043248
OG0005642_00	GO:0005930,GO:0060271
OG0000035_00	GO:0016491,GO:0050660
OG0003085_00	GO:0031201,GO:0005483,GO:0019905,GO:0005774,GO:0006886
OG0006554_00	GO:1902936,GO:0016020
OG0009133_00	GO:0016020
OG0002280_00	GO:0016460
OG0004444_00	GO:0140410,GO:0071578,GO:0030003,GO:0005385,GO:0005886
OG0006929_00	GO:0071011
OG0003857_00	GO:0010257,GO:0051082
OG0003646_00	GO:0042274,GO:0005730,GO:0003723
OG0001554_00	GO:0042134,GO:0034457,GO:0005730,GO:0032040,GO:0030515,GO:0006364
OG0003398_00	GO:0015629,GO:0051015
OG0000723_00	GO:0016538,GO:0006357
OG0004024_00	GO:0030514,GO:0023051
OG0002479_00	GO:0032511,GO:0005771
OG0003362_00	GO:0062129,GO:0008010,GO:0040003
OG0003797_00	GO:0006820,GO:0016020,GO:0022857
OG0004608_00	GO:0031267,GO:0005886,GO:0005737,GO:0007264,GO:0005085
OG0006134_00	GO:0015718,GO:0008028
OG0004701_00	GO:0005783
OG0008090_00	GO:0005634
OG0002669_00	GO:0005654,GO:0005737,GO:0042393,GO:0005730,GO:0006338,GO:0003682,GO:0003723
OG0002373_00	GO:0016020
OG0002720_00	GO:0016740,GO:0031167,GO:0008988
OG0002838_00	GO:0005509,GO:0005793,GO:0070062
OG0009000_00	GO:0032991
OG0000831_00	GO:0051880,GO:0005622,GO:0003678,GO:0004386,GO:0003724,GO:0002151,GO:0005737,GO:0003723,GO:0005634
OG0000111_01	GO:0005549,GO:0016020,GO:0005886,GO:0007608,GO:0050911,GO:0004984
OG0009713_00	GO:0005525,GO:0006886
OG0006095_00	GO:0019903,GO:0010507,GO:0046856,GO:0005737
OG0006684_00	GO:0061630,GO:0016567
OG0006442_00	GO:0004674,GO:0005737
OG0003474_00	GO:2000640
OG0007893_00	GO:0004672,GO:0006468,GO:0009966,GO:0005737
OG0009936_00	GO:0010369,GO:0005634,GO:0003682
OG0004012_00	GO:0003924,GO:0000054,GO:0005829
OG0000777_00	GO:0015718,GO:0008028
OG0000297_01	GO:0005886
OG0009565_00	GO:0008194
OG0004477_00	GO:0032233,GO:0015629,GO:0005634,GO:0003779,GO:0030018
OG0009221_00	GO:0070736,GO:0005930,GO:0003341,GO:0015630,GO:0018094,GO:0060271
OG0006930_00	GO:0060271,GO:0005737,GO:0036064
OG0002592_00	GO:0002926,GO:0033588,GO:0005737,GO:0005634
OG0003094_00	GO:0002039,GO:0045944,GO:0005669,GO:0008134
OG0000024_00	GO:0031146,GO:0019005
OG0006711_00	GO:0019901,GO:0005737,GO:0035335,GO:0005634,GO:0046426,GO:0070373,GO:0004726
OG0004201_00	GO:0016231,GO:0016020,GO:0006517,GO:0005886,GO:0004563,GO:0030203,GO:0005975
OG0001992_00	GO:0005815,GO:0005119,GO:0061512,GO:0005113,GO:1905515,GO:0005813,GO:0034464,GO:0005930
OG0006478_00	GO:0000350
OG0006346_00	GO:0000981,GO:0000978,GO:0006357
OG0001879_00	GO:0007034
OG0006522_00	GO:0000445,GO:0006406
OG0004048_00	GO:0030488,GO:0008176,GO:0006400,GO:0043527,GO:0036265
OG0000398_00	GO:0005886,GO:0005549,GO:0007608,GO:0050911,GO:0004984,GO:0016020
OG0005349_00	GO:0016971,GO:0050660,GO:0005739
OG0003916_00	GO:0005737,GO:0061630,GO:0016567
OG0008751_00	GO:0005737,GO:0006468,GO:0004674
OG0009068_00	GO:0035269,GO:0004169,GO:0005783
OG0001099_00	GO:0008296,GO:0008408,GO:0006308,GO:0005737
OG0003523_00	GO:0003899,GO:0001056,GO:0005666,GO:0001054,GO:0005736
OG0008229_00	GO:0003723,GO:0010468,GO:0005654,GO:0000785
OG0007541_00	GO:0005737,GO:0006413,GO:0003743
OG0007061_00	GO:0007017,GO:0005874
OG0002130_00	GO:0004520,GO:0005634,GO:0003697
OG0005669_00	GO:0008064,GO:0048870,GO:0031209,GO:0044877,GO:0007015
OG0009197_00	GO:0000981,GO:0006357,GO:0000978
OG0001742_00	GO:0003729,GO:0006412,GO:0003735
OG0003555_00	GO:0031507,GO:0006325
OG0007577_00	GO:0004596,GO:0017196,GO:0004402,GO:0000139
OG0005171_00	GO:0016604,GO:0031053
OG0002844_00	GO:0007265,GO:0061630,GO:0005737,GO:0016567
OG0005992_00	GO:0005267,GO:0030322,GO:0022841,GO:0016020,GO:0015271,GO:0071805,GO:0005886
OG0008599_00	GO:0004984,GO:0007608,GO:0050911,GO:0005549,GO:0016020,GO:0005886
OG0004869_00	GO:0005737,GO:0004674,GO:0035556,GO:0000226,GO:0050321
OG0000898_00	GO:0005634
OG0006276_00	GO:0003713,GO:0030374,GO:0006357,GO:0005634
OG0006760_00	GO:0033617,GO:0005739
OG0007903_00	GO:0003723,GO:0000932,GO:0033962,GO:0000290
OG0001215_00	GO:0000785,GO:0003714,GO:0000122,GO:0000118,GO:0070822
OG0004270_00	GO:0000209,GO:0043066,GO:0005737,GO:0061630,GO:0016567,GO:0005829,GO:0006511
OG0008296_00	GO:0005750,GO:0006122
OG0006984_00	GO:0005789,GO:0036064,GO:0045724
OG0007455_00	GO:0005739
OG0005431_00	GO:0000981,GO:0000978,GO:0006355
OG0001642_00	GO:0005886,GO:0008188,GO:0007218
OG0008065_00	GO:0008017
OG0003980_00	GO:0016757,GO:0009101
OG0007812_00	GO:0043022,GO:0005739,GO:0006413,GO:0032790,GO:0070124,GO:0003743
OG0006882_00	GO:0005886,GO:0005267,GO:0030322,GO:0071805,GO:0015271,GO:0022841,GO:0016020
OG0005726_00	GO:0016833,GO:0004419,GO:0046951,GO:0006552
OG0006551_00	GO:0008270,GO:0140673,GO:0000993,GO:0006368,GO:0006355,GO:0005634,GO:0032044
OG0000055_01	GO:0005549,GO:0005886,GO:0050911,GO:0016020,GO:0004984,GO:0007608
OG0000719_00	GO:0004420,GO:0016126,GO:0005789,GO:0005778,GO:0008299,GO:0015936
OG0004441_00	GO:0005777,GO:0001561,GO:0030976
OG0002285_00	GO:0042626,GO:0005886,GO:0016020,GO:0055085
OG0002656_00	GO:0003735,GO:0022625,GO:0000463,GO:0003729
OG0003080_00	GO:0005739
OG0009070_00	GO:0030426,GO:0007411,GO:0019901,GO:0005737,GO:0016533,GO:0061575
OG0005373_00	GO:0005774,GO:0003333,GO:0015179,GO:0016020
OG0002750_00	GO:0009267,GO:0005776,GO:0000423,GO:0043495,GO:0035014,GO:0016240,GO:0097629,GO:0043552,GO:0000045,GO:0035032,GO:0097632
OG0003559_00	GO:0005634,GO:0016579,GO:0005829,GO:0004843
OG0005665_00	GO:0015187,GO:1904983,GO:0005739
OG0001290_00	GO:0007005,GO:0001401,GO:0005737
OG0005917_00	GO:0010468,GO:0005634
OG0002848_00	GO:0005840,GO:0003735,GO:0006412
OG0008213_00	GO:0031146,GO:0019005
OG0010334_00	GO:0005840,GO:0022627,GO:0003735,GO:0000462,GO:0006412,GO:0015935,GO:0003723
OG0006131_00	GO:0003735,GO:0005762,GO:0006412,GO:0032543,GO:0019843
OG0009530_00	GO:0005739,GO:0006562,GO:0071949,GO:0010133,GO:0004657
OG0003367_00	GO:0004722
OG0004704_00	GO:0005634,GO:0006355,GO:0003700,GO:0000987
OG0004021_00	GO:0008270
OG0009905_00	GO:0043565
OG0003931_00	GO:0005615,GO:0060070,GO:0017147,GO:0035567
OG0003074_00	GO:0006413,GO:0003743,GO:0005852,GO:0005737
OG0003618_00	GO:0046487,GO:0008903
OG0002969_00	GO:0004379,GO:0005737,GO:0018008,GO:0006499
OG0009289_00	GO:0043565
OG0002046_00	GO:0005763,GO:0003735
OG0007562_00	GO:0016020
OG0003927_00	GO:0031410,GO:0006882,GO:0046873,GO:0030001,GO:1904257,GO:0006829,GO:0005794,GO:0005385
OG0002696_00	GO:0005635,GO:0006606,GO:0005829
OG0002245_00	GO:0046961
OG0003048_00	GO:0000407,GO:0034727,GO:1990316,GO:0000045,GO:0000423,GO:0005829,GO:0034497
OG0001763_00	GO:0006355,GO:0000981,GO:0000978
OG0008706_00	GO:0006006,GO:0033499,GO:0004034
OG0003570_00	GO:0005886,GO:0099536
OG0007685_00	GO:0005747
OG0005395_00	GO:0005634,GO:0045944,GO:0000981,GO:0000976,GO:0006357
OG0001045_00	GO:0005911,GO:0098609,GO:0005886,GO:0050839
OG0005746_00	GO:0016020,GO:0005783,GO:0006506
OG0007920_00	GO:0006617,GO:0008312,GO:0006614,GO:0005786,GO:0048500
OG0009997_00	GO:0005871,GO:0005737,GO:0019894,GO:0007018
OG0000670_00	GO:0000398,GO:0000974,GO:0071013,GO:0071011
OG0000599_00	GO:0005794,GO:0003881,GO:0006661
OG0004858_00	GO:0005634,GO:0061630,GO:0016567,GO:0006511
OG0005516_00	GO:0004719,GO:0036211,GO:0005737
OG0006496_00	GO:0005634,GO:0045892,GO:0003723
OG0005630_00	GO:0006506,GO:0005789,GO:0016788
OG0006499_00	GO:0045893,GO:0005634,GO:0003713,GO:0031490
OG0001124_00	GO:0005227,GO:0005886
OG0000596_00	GO:0005737,GO:0004132,GO:0009972
OG0005519_00	GO:0005750,GO:0006122,GO:0009055,GO:0020037
OG0005263_00	GO:0005975,GO:0006099,GO:0005759,GO:0004108,GO:0046912
OG0004857_00	GO:0007094,GO:0005737,GO:0005654,GO:0000776
OG0007848_00	GO:0071526,GO:0030215,GO:0030335,GO:0007411,GO:0001755,GO:0045499,GO:0005886,GO:0050919
OG0002689_00	GO:0000395,GO:0000243,GO:0071004,GO:0030627,GO:0005685
OG0002274_00	GO:0016020,GO:0005216,GO:0034220,GO:0004888
OG0003053_00	GO:0005737,GO:0061133,GO:0008537,GO:0005654,GO:0061136,GO:2000045,GO:0010950
OG0008719_00	GO:0016020,GO:0008146
OG0005055_00	GO:0005783,GO:0061630,GO:0016020,GO:0016567
OG0007325_00	GO:0005762,GO:0006412,GO:0003735,GO:0005840
OG0005706_00	GO:0006355,GO:0005634
OG0006255_00	GO:0005747,GO:0005739
OG0002387_00	GO:0005886,GO:0004930,GO:0007186
OG0007832_00	GO:0045892,GO:0003682,GO:0042393,GO:0005634
OG0005117_00	GO:0005743,GO:0045039
OG0007216_00	GO:0006284,GO:0005634
OG0001720_00	GO:0004842,GO:0016567
OG0006816_00	GO:0005682,GO:0000398,GO:0005737,GO:0005685,GO:0070990,GO:0005686,GO:0005687,GO:0046540,GO:0071013,GO:0071004
OG0007886_00	GO:0030674,GO:0007032,GO:0030897,GO:0005768,GO:0048284,GO:0008333,GO:0006904,GO:0007040,GO:0007033
OG0009574_00	GO:0070531,GO:0004842,GO:0085020,GO:0031436
OG0006175_00	GO:0019005,GO:0031146
OG0004065_00	GO:0005829,GO:0005524,GO:0140663,GO:0016226,GO:0051536
OG0000623_00	GO:0006351,GO:0003677
OG0000637_00	GO:0003341,GO:0005737,GO:0045505,GO:0036159,GO:0036158
OG0000281_01	GO:0051231,GO:0005634,GO:0072686,GO:0008574,GO:0090307,GO:0005876
OG0004930_00	GO:0005634,GO:0015937,GO:0005829,GO:0005524,GO:0004594
OG0000758_00	GO:0005634
OG0006024_00	GO:0006887,GO:0000145
OG0003949_00	GO:0005829,GO:0004477,GO:0004488,GO:0035999
OG0000092_00	GO:0050911,GO:0004984,GO:0005549,GO:0005886,GO:0007608,GO:0016020
OG0000226_01	GO:0034220,GO:0005216,GO:0004888,GO:0016020
OG0010365_00	GO:0005840,GO:0022627,GO:0003723,GO:0003735,GO:0006412
OG0003022_00	GO:0005739,GO:0003678,GO:0003697,GO:0043139,GO:0006264
OG0002638_00	GO:0000398,GO:0005681,GO:0046540
OG0002911_00	GO:0005874,GO:0007017
OG0002564_00	GO:0003723,GO:0048024,GO:0005681
OG0009158_00	GO:0003729,GO:0071013
OG0000693_00	GO:0015141,GO:0055085,GO:0015746,GO:0005886,GO:0022857,GO:0015744,GO:0015137
OG0003447_00	GO:0005886,GO:0055075,GO:0015377,GO:0006884,GO:0007268,GO:1902476,GO:0006811,GO:0055064,GO:0015379,GO:0016020,GO:1990573
OG0009706_00	GO:0000981,GO:0000978,GO:0006357
OG0010230_00	GO:0016567,GO:0004842
OG0000244_00	GO:0006144
OG0006084_00	GO:0006357
OG0004187_00	GO:0016020,GO:0005769
OG0002412_00	GO:0043087,GO:0031267,GO:0005096
OG0003828_00	GO:0005814,GO:0042073,GO:0036064,GO:0097546,GO:0097730,GO:1905515,GO:0019894
OG0003730_00	GO:0006511,GO:0005634,GO:0008418
OG0000853_00	GO:0005634,GO:0070940,GO:0005737,GO:0008420,GO:0043175
OG0003456_00	GO:0072334,GO:0055085,GO:0022857,GO:0005789,GO:0000139,GO:0005459,GO:0005460
OG0002367_00	GO:0019871,GO:0016567,GO:2000650,GO:0006511,GO:0005737,GO:0061630,GO:0048814
OG0009111_00	GO:1990837,GO:0010468
OG0002671_00	GO:0006623,GO:0045053
OG0004196_00	GO:0012505
OG0006883_00	GO:0016020
OG0007237_00	GO:0005634,GO:0004722,GO:0006470,GO:0090364
OG0005727_00	GO:0001055,GO:0003899,GO:0006366,GO:0005665
OG0007813_00	GO:0031012,GO:0007155
OG0003991_00	GO:0008028,GO:0015718
OG0001463_00	GO:0005813,GO:0007052,GO:0000922,GO:0005737,GO:0005634,GO:0004674,GO:0000776
OG0007362_00	GO:0010468,GO:0005634
OG0003678_00	GO:1902808,GO:0033148,GO:0030331,GO:0044666
OG0005664_00	GO:0005085,GO:0005886,GO:0007264,GO:0007265
OG0005916_00	GO:0000981,GO:0000978,GO:0009653,GO:0030154,GO:0006357
OG0002849_00	GO:0005911,GO:0005509,GO:0098609
OG0008212_00	GO:0070652,GO:0000226,GO:1990498,GO:0051225,GO:0008017
OG0008436_00	GO:0005634,GO:0006357,GO:0030182,GO:0000981,GO:0000978
OG0009071_00	GO:0010008,GO:0005768,GO:0034498,GO:0035091
OG0001291_00	GO:0005525
OG0009568_00	GO:0043235,GO:0005886,GO:0007169,GO:0033674,GO:0004714,GO:0007275
OG0004422_00	GO:0090560,GO:0017183
OG0002990_00	GO:0004143,GO:0016020,GO:0007165,GO:0005886
OG0009270_00	GO:0006509
OG0006532_00	GO:0048188
OG0005521_00	GO:0008028,GO:0015718
OG0005837_00	GO:0005096
OG0006072_00	GO:0008289
OG0002875_00	GO:0008157,GO:0000785,GO:0072357
OG0007281_00	GO:0004802,GO:0030976
OG0003977_00	GO:0003700,GO:0070888,GO:0005634,GO:0009653,GO:0045944
OG0007388_00	GO:0006355,GO:0005634,GO:0003712,GO:0003677,GO:0045893
OG0003502_00	GO:0003977,GO:0006048
OG0002219_00	GO:0036149,GO:0012505,GO:0016746,GO:0005783
OG0002008_00	GO:0005829,GO:0003724
OG0002624_00	GO:0005085,GO:0090630
OG0005400_00	GO:0042078
OG0001930_00	GO:0034625,GO:0009922,GO:0030148,GO:0042761,GO:0019367,GO:0016020,GO:0034626,GO:0005789
OG0004490_00	GO:0008327,GO:0006346,GO:0005634,GO:0000122
OG0006580_00	GO:0043547,GO:0005096,GO:0043005,GO:0008277,GO:0005737
OG0007037_00	GO:0000981,GO:0000977,GO:0006357
OG0005718_00	GO:0012505,GO:0016020,GO:0005783
OG0007635_00	GO:0004252
OG0005325_00	GO:0006357,GO:0000978,GO:0000981
OG0008245_00	GO:0036122,GO:0030514,GO:0009953,GO:0005615
OG0003144_00	GO:0005886,GO:0030322,GO:0071805,GO:0005267,GO:0015271,GO:0022841,GO:0016020
OG0004736_00	GO:0009982,GO:0000455
OG0003333_00	GO:0034982,GO:0004222,GO:0006515,GO:0016020,GO:0051603,GO:0005743
OG0009955_00	GO:0030170,GO:0006564,GO:0005737,GO:0004648
OG0002547_00	GO:0034727,GO:0061709,GO:0000422,GO:0005769,GO:0032456,GO:0015031,GO:0000407
OG0006021_00	GO:0000226,GO:0070740,GO:0018095,GO:0036064,GO:0015631
OG0004935_00	GO:0004731,GO:0006139,GO:0005737
OG0000445_00	GO:0005737,GO:0097153,GO:0004197,GO:0006508,GO:0006915,GO:0043525
OG0004078_00	GO:0031514,GO:0044782,GO:0005737
OG0005944_00	GO:0006487,GO:0005829,GO:0009298,GO:0004615,GO:0006013
OG0009041_00	GO:0016311,GO:0016791
OG0001694_00	GO:0007218,GO:0004930,GO:0007186,GO:0005886,GO:0008188
OG0010087_00	GO:0016020,GO:0005886,GO:0004984,GO:0007608,GO:0050911,GO:0005549
OG0008464_00	GO:0047631,GO:0051287,GO:0035529
OG0002761_00	GO:0015038,GO:0005737,GO:0034599
OG0002332_00	GO:0045727,GO:0003730,GO:0005829,GO:0010494,GO:0003723
OG0000987_00	GO:0004722
OG0003381_00	GO:0004016,GO:0007168,GO:0001653,GO:0004383,GO:0005886,GO:0006182
OG0003288_00	GO:0045504,GO:0045503,GO:0003341,GO:0005858,GO:0007018
OG0001545_00	GO:0051750,GO:0016853,GO:0005739
OG0008120_00	GO:0003993,GO:0016791
OG0007730_00	GO:0008173,GO:0001510
OG0005199_00	GO:0043252,GO:0016020,GO:0015347,GO:0055085,GO:0016323
OG0005087_00	GO:0006457,GO:0003756,GO:0005783
OG0007089_00	GO:0038023,GO:0043235,GO:0009897,GO:0007399
OG0003214_00	GO:0016020
OG0005788_00	GO:0006631,GO:0005739
OG0008743_00	GO:0004521
OG0002200_00	GO:0030687,GO:0000460,GO:0000470,GO:0042134,GO:0006364,GO:0005730
OG0002309_00	GO:0010468,GO:0005634
OG0007260_00	GO:0008381,GO:0005886
OG0006854_00	GO:0000915,GO:0005826,GO:0000281,GO:0031106
OG0005468_00	GO:0006309,GO:0004536,GO:0004520
OG0001958_00	GO:0016192
OG0005770_00	GO:0005739,GO:0005829,GO:0035597,GO:0045736
OG0004473_00	GO:0008296,GO:0005829
OG0000828_00	GO:0006636,GO:0005789,GO:0004768,GO:0016717,GO:0005506
OG0000020_00	GO:0050911,GO:0007608,GO:0005549,GO:0005886,GO:0016020,GO:0004984
OG0009225_00	GO:0007608,GO:0005549,GO:0005886,GO:0016020,GO:0004984,GO:0050911
OG0002596_00	GO:0005829,GO:0005737,GO:0019888,GO:0000159,GO:0005634,GO:0006470
OG0006563_00	GO:0016020,GO:0036503,GO:0031625,GO:0006986
OG0005703_00	GO:0005886,GO:0006570,GO:0016491
OG0001000_00	GO:0005643,GO:0000973,GO:0044614,GO:0006606,GO:0006405,GO:0017056,GO:0008139,GO:0003723,GO:0034398
OG0007002_00	GO:0006355,GO:0003712,GO:0000118
OG0006250_00	GO:0051724,GO:0005739
OG0002382_00	GO:0004693,GO:0070985,GO:0004674,GO:0045944,GO:0006468,GO:0005634,GO:0005737,GO:0008353,GO:0070816
OG0007213_00	GO:0005793,GO:0007030,GO:0005783
OG0001725_00	GO:0004674,GO:0035556,GO:0005634,GO:0043065
OG0007837_00	GO:0005739
OG0007579_00	GO:0036159,GO:0044458,GO:0036158,GO:0034451,GO:0005737
OG0003908_00	GO:0034587,GO:0007283,GO:0043186,GO:0030719
OG0007984_00	GO:0015937,GO:0004140
OG0009199_00	GO:0005737,GO:0005856,GO:0030837
OG0005371_00	GO:0000049,GO:0030488,GO:0106335,GO:0005737,GO:0005634,GO:0002098
OG0005667_00	GO:0032956,GO:0043547,GO:0005622,GO:0005096,GO:0035020
OG0001292_00	GO:0060236,GO:0005874,GO:0032147,GO:0005819
OG0008435_00	GO:0004416
OG0004540_00	GO:0006032,GO:0008061,GO:0004568,GO:0005576
OG0001820_00	GO:0031416,GO:0004596,GO:0017196
OG0005891_00	GO:0000978,GO:0006357,GO:0000981,GO:0030154,GO:0009653
OG0001969_00	GO:0006744,GO:0005739,GO:0004659,GO:1990234,GO:0008299
OG0004258_00	GO:0000124,GO:0035064
OG0005543_00	GO:0007098
OG0006605_00	GO:0008138,GO:0005634,GO:0006470
OG0000716_01	GO:0061909
OG0000824_00	GO:0005634,GO:0000492,GO:0003723
OG0009126_00	GO:0022625,GO:0003735
OG0006938_00	GO:0003735
OG0009229_00	GO:0005789,GO:0030424
OG0000340_00	GO:0005840,GO:0030686,GO:0032040,GO:0006412,GO:0042274,GO:0006364,GO:0003735,GO:0022627
OG0004090_00	GO:0005096
OG0010451_00	GO:0008017,GO:0046600
OG0003165_00	GO:0032266,GO:0140042,GO:0005547,GO:0043325,GO:0005545,GO:0005811
OG0006180_00	GO:1904262
OG0005663_00	GO:0003743,GO:0006413,GO:0031369,GO:0003723,GO:0005852
OG0005911_00	GO:0036503,GO:0016020,GO:0005789
OG0008431_00	GO:0070679,GO:0016020,GO:0070588,GO:0051480,GO:0015279,GO:0034703,GO:0005886,GO:0005262
OG0009076_00	GO:0007519,GO:0051146,GO:0016020,GO:0030552,GO:0042391,GO:0007507,GO:0042383
OG0007980_00	GO:0070740,GO:0000226,GO:0036064,GO:0015631,GO:0018095
OG0001748_00	GO:0005739,GO:1901215,GO:0006979,GO:0005737,GO:1903189,GO:0046295,GO:0005634
OG0005375_00	GO:0005615,GO:0004566,GO:0030246,GO:0019391
OG0008909_00	GO:0070286,GO:0044458
OG0005907_00	GO:0015379,GO:0055075,GO:0016020,GO:0006884,GO:0006811,GO:1902476,GO:0055064,GO:1990573,GO:0015377
OG0005671_00	GO:0030155,GO:0016567,GO:0061630
OG0005222_00	GO:0005654,GO:0006351,GO:0017053,GO:0003677,GO:0051726,GO:0000003,GO:0006357
OG0005169_00	GO:0006102,GO:0004450,GO:0005739,GO:0005777,GO:0006739,GO:0005829
OG0007112_00	GO:0032781,GO:0008198,GO:0001671
OG0001478_00	GO:0022900,GO:0005743,GO:0004174
OG0005720_00	GO:0000049,GO:0008168,GO:0008173,GO:0005634,GO:0001510,GO:0005737,GO:0016428,GO:0030488
OG0001073_01	GO:0048013,GO:0046875,GO:0007411,GO:0005886
OG0004998_00	GO:0008168,GO:0071885,GO:0006480,GO:0005737
OG0002247_00	GO:0006139,GO:0019205,GO:0005524
OG0007338_00	GO:0001669,GO:0031514,GO:0060271,GO:0030317
OG0007873_00	GO:0015935,GO:0005829
OG0000178_01	GO:0050911,GO:0007608,GO:0005886,GO:0005549,GO:0016020,GO:0004984
OG0005048_00	GO:0005737,GO:0005085
OG0009564_00	GO:0007608,GO:0005886,GO:0050911,GO:0005549,GO:0016020,GO:0004984
OG0004013_00	GO:0016298,GO:0017171,GO:0005615,GO:0016042
OG0000776_00	GO:0005634,GO:0003700,GO:0000981,GO:0006355,GO:0000122,GO:0000977
OG0006103_00	GO:0007186,GO:0004930
OG0001886_00	GO:0005759,GO:0000179,GO:0006391,GO:0034246,GO:0031167
OG0000113_00	GO:0030425,GO:0007635,GO:0043025,GO:0030424,GO:0008049
OG0004319_00	GO:0043565,GO:0010468,GO:0005634
OG0002887_00	GO:0006032,GO:0005576,GO:0008061,GO:0004568
OG0006353_00	GO:0071786,GO:0005783,GO:0061024
OG0000816_00	GO:1905762,GO:0005777,GO:0010468,GO:0005737
OG0000544_00	GO:0005654
OG0006469_00	GO:0005634
OG0000345_01	GO:0016052,GO:0000287,GO:0016836
OG0001324_00	GO:0031297,GO:0090734,GO:0005634,GO:0016567,GO:0061630
OG0008341_00	GO:0000776,GO:0090307,GO:0072686,GO:0005815,GO:0040001,GO:0005876,GO:0005881,GO:0000226,GO:0008017,GO:0045180
OG0007151_00	GO:0006629,GO:0000302,GO:0005737
OG0004855_00	GO:0043189,GO:0006357,GO:0006355,GO:0005634,GO:0035267
OG0001126_00	GO:0003899,GO:0006351,GO:0032549
OG0005261_00	GO:0005634
OG0006030_00	GO:0005783,GO:0016236
OG0005563_00	GO:0006900,GO:0005771,GO:0007034,GO:0032511
OG0000645_00	GO:0047617
OG0006838_00	GO:0005737,GO:0034599,GO:0032542
OG0005111_00	GO:0005634,GO:0000977,GO:0006357,GO:0000981
OG0005609_00	GO:0005634,GO:0006357,GO:0000978,GO:0000981
OG0006253_00	GO:0003777,GO:0007018
OG0002381_00	GO:0006412,GO:0005840,GO:0003735
OG0005418_00	GO:0005737,GO:0016020
OG0005700_00	GO:0016746,GO:0030258,GO:0016020
OG0004299_00	GO:0031087,GO:0000932
OG0004488_00	GO:0010181,GO:0071513,GO:0015937,GO:0004633
OG0001928_00	GO:0006511,GO:0000151
OG0007210_00	GO:0005763
OG0006789_00	GO:0016818,GO:0005739
OG0007001_00	GO:0006888,GO:0005802
OG0007834_00	GO:0004252
OG0001726_00	GO:0005730,GO:0032040,GO:0000462
OG0001473_00	GO:0006888,GO:0005783,GO:0005789,GO:0016020,GO:0006886,GO:0070973
OG0005020_00	GO:0005634,GO:0045666
OG0006453_00	GO:0016226,GO:0005524,GO:0140663,GO:0051536,GO:0005829
OG0001892_00	GO:0022857,GO:0055085,GO:0016020
OG0002448_00	GO:0009101,GO:0016757,GO:0000139,GO:0016758,GO:0006493,GO:0016020
OG0006691_00	GO:0007186,GO:0005834,GO:0031681
OG0004323_00	GO:0043634,GO:0005730,GO:0031123,GO:0031499,GO:1990817,GO:0003729
OG0000554_00	GO:0071816,GO:0016887,GO:0043529,GO:0005524
OG0000802_00	GO:0007608,GO:0005549,GO:0005886,GO:0016020,GO:0050911,GO:0004984
OG0003461_00	GO:0016868,GO:0006096
OG0009629_00	GO:0016197,GO:0031083
OG0005941_00	GO:0048471,GO:1901018,GO:0030544,GO:0044325
OG0000982_00	GO:0005615
OG0001691_00	GO:0005332,GO:0005886,GO:0035725,GO:0043005,GO:0071705,GO:0006865,GO:0016020
OG0009044_00	GO:0050911,GO:0007608,GO:0016020,GO:0005549,GO:0005886,GO:0004984
OG0008528_00	GO:0005730,GO:0000466,GO:0000463
OG0010389_00	GO:0005198,GO:0016010,GO:0005622
OG0005848_00	GO:0000079,GO:0005634,GO:0019901,GO:0016538,GO:0000307
OG0005854_00	GO:0005737
OG0003845_00	GO:0004197,GO:0005737,GO:0005634,GO:0072686,GO:0051307,GO:0006508
OG0003636_00	GO:0006357,GO:0000978,GO:0000981
OG0008141_00	GO:0060285,GO:0007052,GO:0072686,GO:0043014,GO:0005930,GO:0000281
OG0009058_00	GO:0009249,GO:0005737,GO:0017118,GO:0005739
OG0001191_00	GO:0005680,GO:0070979,GO:0007091
OG0002942_00	GO:0005634,GO:0140664,GO:0006298,GO:0032301,GO:0005524,GO:0003690,GO:0006312,GO:0030983
OG0003800_00	GO:0043252,GO:0016020,GO:0055085,GO:0016323,GO:0015347
OG0002511_00	GO:0000338,GO:0008180,GO:0010387
OG0003718_00	GO:0000398,GO:0017070,GO:0046540,GO:0030621
OG0005180_00	GO:0000387,GO:0032797,GO:0005634
OG0008932_00	GO:0005737,GO:0016567,GO:0061630
OG0002123_00	GO:0008270,GO:0005737,GO:0004089
OG0002310_00	GO:0030488,GO:0005634,GO:0000049,GO:0002098,GO:0106335,GO:0005737
OG0007090_00	GO:0005840,GO:0006412,GO:0003735
OG0001096_00	GO:0006383,GO:0000127
OG0003919_00	GO:0022857,GO:0005886,GO:0006810,GO:0010960
OG0009067_00	GO:0044782,GO:0005929
OG0007656_00	GO:0045892,GO:0005634
OG0005346_00	GO:0008270
OG0002863_00	GO:0051010,GO:0005634,GO:0031122,GO:0005737,GO:0005938,GO:0035371
OG0003532_00	GO:0005929,GO:0005874,GO:0060271,GO:0008017
OG0007644_00	GO:0042147,GO:0005783,GO:0016020,GO:0006888
OG0002078_00	GO:0016020,GO:0004984,GO:0005886,GO:0007608,GO:0005549,GO:0050911
OG0005196_00	GO:0008540,GO:0005634,GO:0043161,GO:0005829,GO:0031593
OG0005088_00	GO:0004674,GO:0005634,GO:0018105,GO:0035556
OG0002117_00	GO:0007156,GO:0045202,GO:0007416
OG0005354_00	GO:0016020
OG0007086_00	GO:0008010,GO:0062129
OG0007364_00	GO:0006954,GO:0007189,GO:0016020,GO:0005886,GO:0007204,GO:0007186
OG0003997_00	GO:0006436,GO:0004830,GO:0005737
OG0006891_00	GO:0016020
OG0003408_00	GO:0005886,GO:0005829,GO:0016020,GO:0008289,GO:0032934,GO:0097038,GO:0015248
OG0002704_00	GO:0019919,GO:0016274,GO:0006338,GO:0018216,GO:0042054,GO:0034969
OG0003703_00	GO:0005778,GO:0005829,GO:0016560,GO:0005052
OG0009640_00	GO:0001227,GO:0006357,GO:0005654,GO:0000978
OG0008979_00	GO:0030154,GO:0001228,GO:0005634,GO:0045944,GO:0000978
OG0005961_00	GO:0005634,GO:0006334
OG0007484_00	GO:0003712,GO:0016592,GO:0006357,GO:0008134
OG0006387_00	GO:0000978,GO:0006355,GO:0003677,GO:0048856,GO:0000981,GO:0006357
OG0008114_00	GO:0019478,GO:0046416,GO:0071949,GO:0005737,GO:0003884
OG0007137_00	GO:0005576
OG0005207_00	GO:0003682,GO:0003688,GO:0000727,GO:0031261,GO:0006270,GO:0003697,GO:1902977
OG0008899_00	GO:0051015,GO:0016460,GO:0032982,GO:0000146,GO:0005737
OG0001513_00	GO:0005739
OG0005823_00	GO:0048188,GO:0031297
OG0007704_00	GO:0072546
OG0005658_00	GO:0016020
OG0000003_00	GO:0033674,GO:0007275,GO:0005886,GO:0043235,GO:0004714,GO:0032006,GO:0007169
OG0006917_00	GO:0006260,GO:0005634,GO:0000811,GO:0000727
OG0009483_00	GO:0003723,GO:0005686,GO:0005684
OG0006514_00	GO:0004674,GO:0005634,GO:0006468
OG0004404_00	GO:0005634,GO:0006357,GO:0001228,GO:0000978
OG0004215_00	GO:0005886,GO:0019991
OG0006961_00	GO:0005737,GO:0006585,GO:0030424,GO:0009072,GO:0004497,GO:0004511,GO:0005506,GO:0043204
OG0000138_00	GO:0016405
OG0005494_00	GO:0030148,GO:0009922,GO:0034625,GO:0019367,GO:0016020,GO:0005789,GO:0042761,GO:0034626
OG0005572_00	GO:0006002,GO:0005986,GO:0005829,GO:0042132,GO:0005737,GO:0030388,GO:0005975,GO:0016791,GO:0006000,GO:0006094
OG0000658_00	GO:0000183,GO:0005730,GO:0035064,GO:0042149,GO:0005677,GO:0033553,GO:0008168,GO:0046015
OG0006047_00	GO:0005576
OG0000287_00	GO:0003735,GO:0003723,GO:0006412,GO:0005840
OG0004903_00	GO:0005634,GO:0007507
OG0000473_00	GO:0005615,GO:0016298,GO:0017171,GO:0016042
OG0004064_00	GO:0017070,GO:0003723,GO:0036002,GO:0071006,GO:0071007,GO:0000974
OG0006174_00	GO:0005634,GO:0008276,GO:0006479
OG0009575_00	GO:0061909
OG0002179_00	GO:0004674,GO:0008024,GO:0008353,GO:0032968,GO:0006468,GO:0000307,GO:0070816,GO:0005634,GO:0030332
OG0007536_00	GO:0000149,GO:0006906,GO:0031201,GO:0048278,GO:0006887,GO:0005886,GO:0006886,GO:0012505,GO:0005484
OG0002092_00	GO:0001664,GO:0002031,GO:0007165,GO:0005737
OG0002261_00	GO:0046972,GO:0044545,GO:0035267,GO:0072487
OG0005062_00	GO:0031410,GO:0005886,GO:0006897,GO:0035091,GO:0016197,GO:0097320
OG0007312_00	GO:0070129,GO:0005634,GO:0003730,GO:0005739
OG0003594_00	GO:0009898,GO:0007169
OG0007855_00	GO:0003924
OG0005138_00	GO:0005739
OG0001133_00	GO:0005615
OG0007122_00	GO:0003844,GO:0005978,GO:0005737,GO:0005975
OG0006392_00	GO:0005615,GO:0006508,GO:0004252
OG0005528_00	GO:0005615
OG0008332_00	GO:0005739,GO:0019216
OG0003325_00	GO:0005737,GO:1904263,GO:0034198
OG0002029_00	GO:0006413,GO:0003743,GO:0000340,GO:0003723,GO:0016281
OG0008672_00	GO:0000981,GO:0006355,GO:0000978
OG0003174_00	GO:0031429,GO:0034513,GO:0000454
OG0003195_00	GO:0000266,GO:0005739
OG0006116_00	GO:0005829,GO:0004066,GO:0006529
OG0000705_00	GO:0004930,GO:0007186,GO:0042277,GO:0032870,GO:0097003,GO:0005886
OG0002299_00	GO:0015271,GO:0005267,GO:0022841,GO:0016020,GO:0071805,GO:0030322,GO:0005886
OG0007532_00	GO:0006457,GO:0051082,GO:0005737
OG0002265_00	GO:0006509
OG0005066_00	GO:0006412,GO:0005840,GO:0019843,GO:0003735
OG0007851_00	GO:0032934,GO:0015918
OG0002096_00	GO:0006469,GO:0004722,GO:0006470
OG0007316_00	GO:0061909
OG0008722_00	GO:0034719,GO:0000387,GO:0120114
OG0000783_00	GO:0005886,GO:0007608,GO:0050911,GO:0004984,GO:0005549,GO:0016020
OG0004765_00	GO:0005737,GO:0006457,GO:0043231,GO:0003755,GO:0000413,GO:0005739,GO:0016018
OG0000350_00	GO:0016628,GO:0047522,GO:0006693
OG0004080_00	GO:0032511,GO:0006900,GO:0000815,GO:0007034,GO:0009898,GO:0005771
OG0000335_01	GO:0000030,GO:0006486,GO:0005783
OG0000911_01	GO:0031072,GO:0005634,GO:0005737
OG0003113_00	GO:0007017,GO:0005874
OG0003302_00	GO:0005886,GO:0007156
OG0006029_00	GO:0005615,GO:0005576,GO:0005125
OG0006821_00	GO:0016567,GO:0044027,GO:0061630
OG0006160_00	GO:0030170,GO:0005622
OG0002804_00	GO:0043231,GO:0005759,GO:0006393,GO:0003676
OG0003946_00	GO:0030833,GO:0005096,GO:0051056,GO:0005737
OG0009157_00	GO:0070034,GO:0005697,GO:0000184,GO:0042162
OG0007393_00	GO:0005886,GO:0004016,GO:0007189
OG0002637_00	GO:0032300,GO:0140664,GO:0006298,GO:0016887
OG0003515_00	GO:0006979,GO:0005747
OG0004137_00	GO:0001193,GO:0006367,GO:0006283,GO:0003899,GO:0005665,GO:0006351
OG0005541_00	GO:0030139,GO:0005085,GO:0016192,GO:0005829,GO:0031267
OG0006607_00	GO:0016020
OG0006016_00	GO:0005737,GO:0030289,GO:0019888,GO:0005634
OG0004803_00	GO:0005634,GO:0006325
OG0005893_00	GO:0007186
OG0001822_00	GO:0005794
OG0003117_00	GO:0003726,GO:0006396,GO:0003725,GO:0008251,GO:0005730,GO:0005737,GO:0006382
OG0004084_00	GO:0005737
OG0002419_00	GO:0005506,GO:0005739,GO:0051539,GO:0106035,GO:0016226,GO:0051537
OG0003306_00	GO:0043231,GO:0008202,GO:0016491
OG0000787_00	GO:0004788,GO:0009229
OG0006194_00	GO:0052717,GO:0002100,GO:0005737,GO:0005634
OG0003823_00	GO:0016020
OG0000720_00	GO:0005615
OG0010332_00	GO:0030866,GO:0005737,GO:0051015,GO:0005856
OG0004027_00	GO:0016192,GO:0030159,GO:0005078,GO:0008432,GO:0005737,GO:0019894
OG0003794_00	GO:0016020,GO:0005216,GO:0004888,GO:0034220
OG0003361_00	GO:0006520,GO:0005829,GO:0006532,GO:0008483,GO:0004069
OG0000438_00	GO:0061630,GO:0016055,GO:0004842,GO:0072572,GO:0005737,GO:0006511,GO:0005634
OG0010404_00	GO:0016020,GO:0050911,GO:0005886,GO:0005549,GO:0007608,GO:0004984
OG0006137_00	GO:0016020
OG0004948_00	GO:0005737
OG0007375_00	GO:0005876,GO:0005739,GO:0005737,GO:0097431,GO:0008017
OG0001452_00	GO:0016706,GO:0005634,GO:0045944,GO:0070579,GO:0040029,GO:0080111
OG0003296_00	GO:0007283
OG0008083_00	GO:0045892,GO:0032922,GO:0005737,GO:0030154,GO:0140110,GO:0000122,GO:0005634
OG0002733_00	GO:0005765
OG0005970_00	GO:0006397,GO:0004721,GO:0005634
OG0003437_00	GO:0006352,GO:0005666,GO:0006384
OG0009013_00	GO:0055085,GO:0016020,GO:0042626
OG0002824_00	GO:0000028,GO:0000462,GO:0032040,GO:0034388
OG0002613_00	GO:0006266,GO:0003910,GO:0005739,GO:0005634,GO:0006273,GO:1903461
OG0003438_00	GO:0008017,GO:0072686,GO:0000226
OG0009304_00	GO:0051965,GO:0045211,GO:0050806,GO:0009986
OG0007593_00	GO:0006843,GO:0005739,GO:0071913
OG0003787_00	GO:0000723,GO:0035861,GO:0030896,GO:0031573,GO:0033314,GO:0044778,GO:0000724,GO:0000077,GO:0006289
OG0000922_00	GO:0016491,GO:0003958,GO:0050660,GO:0005829,GO:0009725,GO:0010181
OG0002465_00	GO:0005930,GO:0008017,GO:0048487
OG0009529_00	GO:0005929,GO:0030992,GO:0060271
OG0010417_00	GO:0050808,GO:0032589
OG0004672_00	GO:0006357,GO:0000978,GO:0001228,GO:0005634
OG0003358_00	GO:0003755,GO:0005737,GO:0033017,GO:0000413
OG0000423_00	GO:0006508,GO:0004185
OG0004953_00	GO:0031398
OG0000306_00	GO:0008483
OG0002556_00	GO:0004674,GO:0018105,GO:0018107
OG0009849_00	GO:0007229,GO:0033627,GO:0007160,GO:0008305,GO:0016477,GO:0005925,GO:0098609,GO:0005178,GO:0009986
OG0003322_00	GO:0006357,GO:0005634,GO:0000978,GO:0000981
OG0004741_00	GO:0045893,GO:0003677,GO:0003725,GO:0071013
OG0008675_00	GO:0006182,GO:0005886,GO:0004016,GO:0004383,GO:0007168,GO:0001653
OG0003173_00	GO:0004813,GO:0006419,GO:0002161,GO:0005739
OG0005273_00	GO:0005634,GO:0031490,GO:0016586,GO:0035098
OG0001112_00	GO:0019135,GO:0008612,GO:0016491
OG0005505_00	GO:0047952,GO:0006116,GO:0006072,GO:0005829
OG0007143_00	GO:0045127
OG0004847_00	GO:0016020
OG0008417_00	GO:0050911,GO:0016020,GO:0005886,GO:0005549,GO:0004984,GO:0007608
OG0008822_00	GO:0004383,GO:0007168,GO:0006182,GO:0005886,GO:0004016,GO:0001653
OG0003849_00	GO:0042800,GO:0048188
OG0005858_00	GO:1903259,GO:0035145,GO:0005737,GO:0003723
OG0002774_00	GO:0030687,GO:0000470,GO:0090730,GO:0004519,GO:0006364,GO:0000460
OG0003751_00	GO:0016020
OG0004719_00	GO:1904158,GO:0003341,GO:0005930
OG0000302_00	GO:0004123,GO:0030170,GO:0019343,GO:0016846,GO:0005737,GO:0019346
OG0010413_00	GO:0035725,GO:0098855,GO:0071805,GO:0005249,GO:0003254
OG0000926_00	GO:0000978,GO:0005634,GO:0006357,GO:0000981
OG0003783_00	GO:0005654,GO:0001227,GO:0006357,GO:0000978
OG0010026_00	GO:0006123,GO:0097250,GO:0005746,GO:0002082
OG0004676_00	GO:0006979,GO:0016020,GO:0045271,GO:0005747
OG0010329_00	GO:0004252
OG0001900_00	GO:0005762,GO:0003735,GO:0006412,GO:0005840
OG0008297_00	GO:1901031,GO:0071233,GO:0005634,GO:1904262,GO:0070728,GO:0016239,GO:1990253,GO:0016684
OG0008064_00	GO:0004888,GO:0016020,GO:0034220,GO:0005216
OG0008598_00	GO:0016020,GO:0005549,GO:0005886,GO:0050911,GO:0007608,GO:0004984
OG0004271_00	GO:0030041,GO:0006887,GO:0071203
OG0004868_00	GO:0000978,GO:0005634,GO:0006357,GO:0003700
OG0005430_00	GO:0048015,GO:0016477,GO:0016020,GO:0035005,GO:0005737,GO:0005886,GO:0046854,GO:0036092,GO:0043491,GO:0052742,GO:0005942,GO:0016303
OG0006761_00	GO:0005829
OG0001214_00	GO:0098592,GO:0035332
OG0001643_00	GO:0033617,GO:0005743
OG0010199_00	GO:0005737,GO:0006099,GO:0030060,GO:0005739
OG0002881_00	GO:0000056,GO:0000480,GO:0030686,GO:0003723,GO:0005730,GO:0000447,GO:0030688,GO:0000472
OG0000810_00	GO:0034097,GO:0007249,GO:0006954,GO:0045087,GO:0003700,GO:0000981,GO:0045944,GO:0033554,GO:0000978,GO:0006355,GO:0005634,GO:0038061,GO:0005737
OG0007243_00	GO:0048278,GO:0006906,GO:0031201,GO:0006886,GO:0000149,GO:0005886,GO:0005484,GO:0006887,GO:0012505
OG0006266_00	GO:0000151,GO:0006513,GO:0043161,GO:0005829,GO:0051865,GO:0061630,GO:0000209,GO:0031624,GO:0030332,GO:0005634
OG0008286_00	GO:0004888,GO:0016020,GO:0034220,GO:0005216
OG0005753_00	GO:0098609,GO:0005911
OG0004081_00	GO:0006511,GO:0031593,GO:0005829
OG0002577_00	GO:0003924,GO:0005525
OG0003826_00	GO:0005739,GO:1990221,GO:0016226
OG0003112_00	GO:0032543,GO:0043024,GO:0019843,GO:0005739
OG0004764_00	GO:0001764,GO:0031410,GO:0016020
OG0006191_00	GO:0016020,GO:0005525,GO:0007165
OG0000351_00	GO:0080008,GO:0005737
OG0003303_00	GO:0012505,GO:0016020
OG0010450_00	GO:0006810,GO:0043490,GO:0015183,GO:0022857,GO:0005313,GO:0015810,GO:0015813
OG0004091_00	GO:0005886,GO:0005829,GO:0008286,GO:0043548,GO:0005158
OG0000341_00	GO:0008094,GO:0005634,GO:0006281
OG0000248_00	GO:0005634,GO:0006281,GO:0003697,GO:0003690,GO:0017005,GO:0008081
OG0006088_00	GO:0044782,GO:0031514
OG0009603_00	GO:0042981,GO:0051091,GO:0005634
OG0003317_00	GO:0035267,GO:0000724,GO:0046972
OG0002422_00	GO:0016811,GO:0003837,GO:0033396
OG0006181_00	GO:0005769
OG0003164_00	GO:0000774,GO:0005783
OG0004450_00	GO:0005737
OG0003198_00	GO:0005634,GO:0006396,GO:0031054,GO:0070877,GO:0004525,GO:0031053
OG0000007_00	GO:0007635,GO:0008049,GO:0030424,GO:0030425,GO:0043025
OG0006540_00	GO:0007030,GO:0015031,GO:0017119,GO:0006891,GO:0016020
OG0000708_00	GO:0022627
OG0001443_00	GO:0006777,GO:0061799,GO:0061798
OG0005662_00	GO:0016192,GO:0030139,GO:0005829,GO:0031267,GO:0005085
OG0008908_00	GO:0051015,GO:0005634,GO:0030239,GO:0015629,GO:0008154,GO:0005546,GO:0051016,GO:0051014,GO:0005737
OG0002757_00	GO:0000278,GO:0005874,GO:0007018,GO:0008017,GO:0003777
OG0007981_00	GO:0034220,GO:0016020,GO:0005216,GO:0004888
OG0001749_00	GO:0000724,GO:0043596,GO:0031297
OG0009077_00	GO:0005737,GO:0005852,GO:0003743
OG0008214_00	GO:0042393,GO:0005654,GO:0034080,GO:0006335
OG0007664_00	GO:1990380,GO:0004843,GO:0071108
OG0005374_00	GO:0006506
OG0004077_00	GO:0005634
OG0006167_00	GO:0006357,GO:0000977,GO:0000981,GO:0032502
OG0000752_00	GO:0051787,GO:0005783,GO:0051604,GO:0051082
OG0006826_00	GO:0043041
OG0007561_00	GO:0016342,GO:0008013,GO:0098742,GO:0045296,GO:0007275,GO:0031175,GO:0016477,GO:0098609
OG0009181_00	GO:0005524,GO:0016887
OG0002254_00	GO:0005516,GO:0005977,GO:0005964
OG0003077_00	GO:0001731,GO:0002188,GO:0003729
OG0008771_00	GO:0050911,GO:0005886,GO:0004984,GO:0007608,GO:0016020,GO:0005549
OG0003932_00	GO:0016020
OG0007140_00	GO:1990542,GO:0015075,GO:0005743,GO:0022889,GO:0022857,GO:0140300,GO:0055085,GO:0006811,GO:0016020
OG0005506_00	GO:0046961,GO:0005886,GO:1902600,GO:0033179,GO:0016471,GO:0051117,GO:0007035
OG0006486_00	GO:1901907,GO:1901909,GO:0005737,GO:0000298,GO:0050072,GO:0034431,GO:0008486,GO:0034432,GO:0005634,GO:1901911,GO:0071543
OG0008350_00	GO:0003677,GO:0030527,GO:0000786
OG0004844_00	GO:0015230,GO:0015217,GO:0015228,GO:0005778,GO:0051724,GO:0044610,GO:0080122,GO:0005347,GO:0006810,GO:0016020
OG0001353_00	GO:0003987,GO:0006085
OG0005270_00	GO:0016491,GO:0016671
OG0007152_00	GO:0005737,GO:0019509,GO:0046570
OG0005631_00	GO:0005953,GO:0018342,GO:0018344,GO:0004662,GO:0008318
OG0008342_00	GO:0060294,GO:0015630,GO:0005634,GO:0060271
OG0004856_00	GO:0005634,GO:0006355
OG0000597_00	GO:0004984,GO:0050911,GO:0007608,GO:0016020,GO:0005886,GO:0005549
OG0006498_00	GO:0008233,GO:0016579,GO:0070646,GO:0101005
OG0005496_00	GO:0006357,GO:0006355,GO:0000981,GO:0000978,GO:0005634,GO:0007548
OG0009481_00	GO:0015292,GO:0036444,GO:0005262,GO:1990246,GO:0051560
OG0004217_00	GO:0046873,GO:0055072,GO:0015086,GO:0005384,GO:0034755,GO:0010008,GO:0006828,GO:0005381,GO:0030001,GO:0016020,GO:0005886
OG0006516_00	GO:0034975,GO:0005737,GO:0016020
OG0000569_00	GO:0004364,GO:0006749
OG0007960_00	GO:0009235,GO:0051186,GO:0005739
OG0006456_00	GO:0042026,GO:0140662
OG0004326_00	GO:0015629,GO:0051015,GO:0007015
OG0010107_00	GO:0007200,GO:0035556,GO:0005829,GO:0004674
OG0001897_00	GO:0003725,GO:0000288,GO:0035613,GO:0061630,GO:0003729,GO:0000209,GO:0010494,GO:0006511
OG0000551_00	GO:0021556,GO:0008083,GO:0005576,GO:0045087,GO:0005121
OG0003464_00	GO:0005739,GO:0007005,GO:0008270
OG0000624_00	GO:0008013,GO:0044331,GO:0034332,GO:0045296,GO:0098609,GO:0016339,GO:0005912,GO:0007043,GO:0016477,GO:0098742,GO:0016342,GO:0000902,GO:0007275
OG0007881_00	GO:0006890,GO:0016020,GO:0006888,GO:0030134,GO:0005783
OG0004905_00	GO:0005737,GO:0006559,GO:0004411,GO:0006570
OG0004062_00	GO:0016020,GO:1902936
OG0009573_00	GO:0006366,GO:0005669
OG0006172_00	GO:0048786,GO:0007528,GO:0050808
OG0006811_00	GO:0005516
OG0002058_00	GO:0008381,GO:0005886
OG0003127_00	GO:0036374,GO:0006751,GO:0005886
OG0002520_00	GO:0016765,GO:0016740,GO:0005743,GO:0002083,GO:0006744
OG0004791_00	GO:0003712,GO:0016592,GO:0070847,GO:0006357
OG0003813_00	GO:0004767,GO:0004620
OG0006813_00	GO:0006006,GO:0016773,GO:0005975,GO:0005783,GO:0043843
OG0000626_00	GO:0070212,GO:0005730,GO:0006302,GO:1990404,GO:0003950
OG0009269_00	GO:0005634,GO:0006355
OG0007883_00	GO:0030308
OG0002989_00	GO:0001227
OG0004907_00	GO:0005737,GO:0005634
OG0008670_00	GO:0004364,GO:0006749
OG0003176_00	GO:0016226,GO:0005759
OG0003958_00	GO:0046540,GO:0005829,GO:1990904,GO:0003924,GO:0071007,GO:0000398,GO:0030623
OG0000080_01	GO:0050911,GO:0005886,GO:0016020,GO:0005549,GO:0004984,GO:0007608
OG0003327_00	GO:0006355,GO:0035064,GO:0070210,GO:0034967
OG0010374_00	GO:0003777,GO:0007018
OG0002553_00	GO:0030527,GO:0003677,GO:0000786
OG0004744_00	GO:0006470,GO:0004722
OG0002011_00	GO:0006357
OG0002569_00	GO:0000978,GO:0000981,GO:0005634,GO:0006357
OG0002806_00	GO:0016020,GO:0016757,GO:0006493,GO:0009101,GO:0000139,GO:0016758
OG0003517_00	GO:0005783,GO:0050699,GO:0031398,GO:0048471,GO:0030001,GO:0006511,GO:0005794,GO:0007034
OG0004758_00	GO:0002098,GO:0033588
OG0009155_00	GO:0061138
OG0009326_00	GO:0070971,GO:0007030,GO:0070973,GO:0012507
OG0007391_00	GO:0016936,GO:0030246
OG0007839_00	GO:0009790,GO:0048619,GO:0005634,GO:0006357,GO:0000977,GO:0009880,GO:0000981
OG0001925_00	GO:0005044,GO:0016020,GO:0005737
OG0004485_00	GO:0005576,GO:0048332,GO:0008201
OG0006784_00	GO:0005254
OG0003982_00	GO:0004725,GO:0007165,GO:0005829,GO:0016311
OG0005724_00	GO:0070453,GO:0031966,GO:0016020
OG0000229_01	GO:0070006,GO:0005615,GO:0008270,GO:0005737,GO:0016020,GO:0042277,GO:0043171,GO:0006508
OG0006880_00	GO:0072669
OG0006470_00	GO:0048188,GO:0003682
OG0004300_00	GO:0044295,GO:0031252,GO:0048812,GO:0005737,GO:2001224
OG0003486_00	GO:0004843,GO:0071947,GO:1990168,GO:0035523,GO:0005737,GO:0030177,GO:0007010,GO:0016477,GO:0070530,GO:0005634
OG0004511_00	GO:0003677,GO:0005829,GO:0005634
OG0000573_00	GO:0020037,GO:0005737,GO:0008395,GO:0043231,GO:0006805,GO:0006082,GO:0016712
OG0006676_00	GO:0071108,GO:0004843,GO:1990380
OG0001871_00	GO:0005737,GO:0000981,GO:0000978,GO:0006355,GO:0003700
OG0009747_00	GO:0016020,GO:0005549,GO:0004984,GO:0007608,GO:0005886,GO:0050911
OG0004146_00	GO:0008887,GO:0006468,GO:0005737
OG0005699_00	GO:0005672,GO:0006367
OG0000000_00	GO:0007635,GO:0008049,GO:0030425,GO:0043025,GO:0030424
OG0004457_00	GO:0044183,GO:0005789,GO:0045048
OG0006914_00	GO:0005737,GO:0051082,GO:0044183,GO:0006457
OG0006547_00	GO:0005737
OG0003039_00	GO:0005829,GO:0007010
OG0002102_00	GO:0034198,GO:0005774,GO:0035859,GO:0035591,GO:1904263
OG0000089_00	GO:0005615,GO:0004867
OG0005792_00	GO:0050911,GO:0007608,GO:0005549,GO:0004984,GO:0005886,GO:0016020
OG0002627_00	GO:0045893,GO:0006338,GO:0031491,GO:0035060,GO:0006357,GO:0071565,GO:0016514,GO:0005654
OG0003974_00	GO:0006515,GO:0004252,GO:0051117,GO:0009368,GO:0004176
OG0003501_00	GO:0006167,GO:0006754,GO:0004081
OG0002876_00	GO:0019991,GO:0035151,GO:0005918
OG0000785_00	GO:0030425,GO:0043025,GO:0030424,GO:0007635,GO:0008049
OG0003739_00	GO:0003684,GO:0000110,GO:0070522,GO:0005634,GO:0006312,GO:0003697,GO:0070914,GO:0006281
OG0003821_00	GO:0006357,GO:0005634,GO:0003712
OG0004086_00	GO:0000387,GO:0032797
OG0006196_00	GO:0016460,GO:0005859
OG0004763_00	GO:0008250,GO:0016020,GO:0006487
OG0003115_00	GO:0005740,GO:0006123
OG0004775_00	GO:0070150,GO:0006426,GO:0005737,GO:0005739,GO:0004820
OG0003833_00	GO:0005622,GO:0004386,GO:0003723
OG0003107_00	GO:0016538,GO:0006357
OG0002504_00	GO:0004335,GO:0006012,GO:0005829
OG0002931_00	GO:0005634
OG0000006_02	GO:0005549,GO:0016020,GO:0004984,GO:0007608,GO:0005886,GO:0050911
OG0002140_01	GO:0072659,GO:1901890,GO:0045807,GO:2000049,GO:0031410,GO:0002090,GO:0070528,GO:0016600,GO:0005886,GO:0002020
OG0004383_00	GO:0000077,GO:0003689,GO:0003682,GO:0033314,GO:0006281
OG0006046_00	GO:0015929
OG0007039_00	GO:0006357,GO:0000977,GO:0000981
OG0001734_00	GO:0045332,GO:0005886,GO:0140326,GO:0005783
OG0007206_00	GO:0042721,GO:0045039,GO:0030943,GO:0008320
OG0002186_00	GO:0052726,GO:0005737,GO:0052746,GO:0005524,GO:0047325,GO:0032957,GO:0052725,GO:0000287
OG0003585_00	GO:0005739,GO:0032981,GO:0035243
OG0008733_00	GO:0007165
OG0005716_00	GO:0005739
OG0007822_00	GO:1905515,GO:0097500,GO:0097730,GO:0060170
OG0008910_00	GO:0004862,GO:0030552,GO:0034236,GO:0005952,GO:0005829,GO:2000480
OG0001773_00	GO:0050220,GO:0005739
OG0005364_00	GO:0008446,GO:0019673,GO:0042351
OG0001265_00	GO:0005737,GO:0070578,GO:0003725,GO:0030422,GO:0070920,GO:0016442,GO:0035197,GO:0005634
OG0003542_00	GO:0043248,GO:0005783,GO:0070628,GO:0080129
OG0008204_00	GO:0005634,GO:0003729
OG0008428_00	GO:0031012,GO:0005615
OG0005908_00	GO:0016231,GO:0030203,GO:0016020,GO:0005886,GO:0005975,GO:0004563,GO:0006517
OG0007076_00	GO:0005615,GO:0004252,GO:0016020,GO:0016486,GO:0043005,GO:0016485
OG0008015_00	GO:0051879
OG0005620_00	GO:0005886,GO:0016020,GO:0007165,GO:0008195,GO:0046839,GO:0006644
OG0001509_00	GO:0005104,GO:0005102,GO:0005829,GO:0005068
OG0001602_00	GO:0000977,GO:0005681,GO:0006357,GO:0000398,GO:0000981,GO:0000974
OG0005215_00	GO:0008494,GO:0006446
OG0005839_00	GO:0005737,GO:0006646,GO:0004103,GO:0006656,GO:0006657,GO:0004305
OG0001134_00	GO:0030674,GO:0007031,GO:0045046,GO:0005778
OG0008887_00	GO:0043005
OG0007333_00	GO:0004535,GO:0030014
OG0003625_00	GO:0005737,GO:0005938,GO:0005634,GO:0090630,GO:0000281,GO:0007399,GO:0043547,GO:0005085,GO:2000431,GO:0005096
OG0009296_00	GO:0009649,GO:0048478,GO:0003677,GO:0031298,GO:0043111,GO:0006281,GO:0000076
OG0008606_00	GO:0006357,GO:0000978,GO:0003700,GO:0005634
OG0003579_00	GO:0005634,GO:0006879,GO:0005829
OG0003874_00	GO:0004034,GO:0006006,GO:0033499
OG0005043_00	GO:0016020
OG0003041_00	GO:0005525
OG0003390_00	GO:0045292,GO:0000481,GO:0000398,GO:0046540
OG0005925_00	GO:0006338,GO:0005634,GO:0031490,GO:1901582,GO:0005721,GO:0035064,GO:0031297
OG0001183_00	GO:0030687,GO:0042273
OG0007743_00	GO:0005886
OG0008856_00	GO:0004930,GO:0008188,GO:0007186,GO:0005886
OG0008405_00	GO:0034501,GO:0007093,GO:0007094,GO:1990423
OG0007212_00	GO:0005634,GO:0080009,GO:0003729,GO:0036396
OG0002192_00	GO:0005901,GO:0070836,GO:0060090
OG0005113_00	GO:0005739,GO:0005840,GO:0003735,GO:0006412,GO:0008097
OG0006251_00	GO:0009790,GO:0005634,GO:0009880,GO:0000981,GO:0048619,GO:0000977,GO:0006357
OG0002830_00	GO:0015180,GO:1903801,GO:0006865,GO:0015823,GO:0015190,GO:0016324,GO:1904273,GO:0015173,GO:0016323
OG0009826_00	GO:0005549,GO:0005886,GO:0004984,GO:0050911,GO:0007608,GO:0016020
OG0002661_00	GO:0006826,GO:0006880,GO:0006879,GO:0005737,GO:0008199,GO:0008198
OG0009008_00	GO:0033674,GO:0007275,GO:0005518,GO:0038062,GO:0043235,GO:0005886,GO:0010976,GO:0004714,GO:0007169,GO:0051897
OG0009101_00	GO:0016460
OG0006529_00	GO:0005737,GO:0016020,GO:0034727,GO:0000045,GO:0034045,GO:0004674,GO:0042594,GO:0010506,GO:0061709,GO:0046777,GO:0000407,GO:0018105,GO:0000422,GO:0005829,GO:0005776
OG0003485_00	GO:0006357,GO:0000978,GO:0005634,GO:0000981,GO:0003677,GO:0003700
OG0004512_00	GO:0005802,GO:1902004
OG0009498_00	GO:0004984,GO:0016020,GO:0007608,GO:0005549,GO:0050911,GO:0005886
OG0006473_00	GO:0006635,GO:0004095,GO:0005739,GO:0016746
OG0001999_00	GO:0000448,GO:0006396,GO:0005634,GO:0051731
OG0004303_00	GO:0044716,GO:0044715
OG0006675_00	GO:0006388,GO:0008033,GO:0016740,GO:0000215
OG0000570_00	GO:0080019,GO:0035336,GO:0005777,GO:0043231
OG0004145_00	GO:0006915,GO:0005737,GO:0043065
OG0000838_00	GO:0046873,GO:0006829
OG0010013_00	GO:0006417,GO:0005634,GO:2000766,GO:0003730,GO:0045182,GO:1990124,GO:0043022,GO:0008135,GO:0005737,GO:0000900,GO:0043005,GO:0045202
OG0002432_00	GO:0005737,GO:0016020,GO:0061668,GO:0005739
OG0000913_00	GO:0004312,GO:0006633
OG0004643_00	GO:0016020,GO:0005886
OG0003263_00	GO:0042273,GO:0051082,GO:0006606
OG0000060_00	GO:1902936,GO:0016020
OG0009264_00	GO:0098662
OG0000762_00	GO:0006897,GO:0071933
OG0001195_00	GO:0016020,GO:0050911,GO:0005886,GO:0005549,GO:0007608,GO:0004984
OG0005850_00	GO:0032036,GO:0016460
OG0008145_00	GO:0030150,GO:0005744
OG0008530_00	GO:0006865,GO:0005886,GO:0015171
OG0003841_00	GO:0034314,GO:0005885,GO:0015629
OG0007755_00	GO:0016020
OG0003632_00	GO:0016020
OG0001068_00	GO:0006357,GO:0000785
OG0005293_00	GO:0016020
OG0006726_00	GO:0005507,GO:0016531,GO:0005758,GO:0033617
OG0006313_00	GO:0017150,GO:0002943,GO:0005737
OG0005477_00	GO:0007017,GO:0005874
OG0002127_00	GO:0031929,GO:0032956,GO:0031931,GO:0031932
OG0002314_00	GO:0009101,GO:0000033,GO:0012505,GO:0006490,GO:0004378
OG0005184_00	GO:0006357,GO:0030968,GO:0000978,GO:0005634,GO:0000981
OG0001283_00	GO:0005634
OG0001759_00	GO:0004930,GO:0042277,GO:0005886,GO:0043005
OG0002743_00	GO:0005634,GO:0000981,GO:0006357
OG0009786_00	GO:0005677,GO:0045892,GO:0000976,GO:0003682,GO:0031507
OG0007094_00	GO:0000981,GO:0006357,GO:0000978
OG0005342_00	GO:0005747,GO:0032981,GO:0022900,GO:0005739
OG0007652_00	GO:0022625
OG0008936_00	GO:0001784
OG0009063_00	GO:0003777,GO:0007018
OG0007374_00	GO:0048406,GO:0005035,GO:0015026,GO:0009986,GO:0005886,GO:0007266
OG0003297_00	GO:0071035,GO:0000177,GO:0034427,GO:0000178,GO:0000176,GO:0071038,GO:0000467,GO:0003723,GO:0034475,GO:0071051,GO:0043928,GO:0071034
OG0001453_00	GO:0005643,GO:0016973,GO:0044614,GO:0000822,GO:0005543,GO:0005737,GO:0031369
OG0005004_00	GO:0006520,GO:0005737,GO:0016831
OG0007508_00	GO:0022627,GO:0000028,GO:0005840,GO:0006412,GO:0003735,GO:0030490
OG0002688_00	GO:0000285,GO:0090385,GO:0052810,GO:0031410,GO:1903426,GO:0030593,GO:0032438,GO:0012506
OG0002275_00	GO:0016020,GO:0004888,GO:0005216,GO:0034220
OG0007324_00	GO:0005737
OG0003052_00	GO:0003723,GO:0006355
OG0005054_00	GO:0005737
OG0001781_00	GO:0033619,GO:0098553,GO:0006465,GO:0042500,GO:0016020,GO:0098554
OG0002322_00	GO:0034198,GO:0019887,GO:0005829,GO:0006417
OG0009037_00	GO:0030870,GO:0000724,GO:0003684,GO:0007095,GO:0006302,GO:0032508
OG0007497_00	GO:0006020,GO:0046855,GO:0008934,GO:0007165
OG0008478_00	GO:1902936,GO:0016020
OG0008940_00	GO:0031398
OG0003740_00	GO:0070842,GO:0006513,GO:0061630,GO:0051865,GO:0016235,GO:0031625,GO:0005778,GO:0005164
OG0003397_00	GO:0006470,GO:0070374,GO:0004726,GO:0030971,GO:0005737,GO:0050839
OG0003858_00	GO:0005615,GO:0005886,GO:0055037,GO:0006826,GO:0005769
OG0005922_00	GO:0005947,GO:0009083
OG0008154_00	GO:0005509,GO:0032469,GO:0005783
OG0007744_00	GO:0005783
OG0009683_00	GO:0006491,GO:0017177
OG0003815_00	GO:0009395,GO:0004620,GO:0005576
OG0003604_00	GO:0005654,GO:0005829,GO:0005689
OG0002526_00	GO:0030150,GO:0051087,GO:0005743
OG0004797_00	GO:0005525
OG0003239_00	GO:0016791
OG0003068_00	GO:0003723,GO:0006364
OG0002378_00	GO:0005965,GO:0018342,GO:0004660,GO:0018343,GO:0008318
OG0009825_00	GO:0032218,GO:0005886,GO:0032217
OG0002662_00	GO:0001671,GO:0006883,GO:1990573,GO:0030007,GO:0006814,GO:0006813,GO:0036376,GO:0005890
OG0004874_00	GO:0006166,GO:0005829,GO:0006144,GO:0005634,GO:0004001
OG0004386_00	GO:0090149,GO:0000266,GO:0005741
OG0006043_00	GO:0005658,GO:0006270,GO:0006269
OG0005576_00	GO:0005615,GO:0062023
OG0000451_00	GO:0005615,GO:0016042,GO:0016298,GO:0017171
OG0004921_00	GO:0035556,GO:0004674,GO:0005737
OG0000749_00	GO:0016423,GO:0030488
OG0000640_00	GO:0006032,GO:0008061,GO:0005576,GO:0004568
OG0005566_00	GO:0009450,GO:0006807,GO:0004777,GO:0005739
OG0006035_00	GO:0005884,GO:0030041
OG0009479_00	GO:0032934,GO:0120015,GO:0140268,GO:0005886,GO:0005789,GO:0032366
OG0003248_00	GO:0005886,GO:0070936,GO:2001271,GO:1902042,GO:0005737,GO:0061630,GO:0043161
OG0004667_00	GO:0031369,GO:0045948,GO:0000932,GO:0060213,GO:0003697,GO:0006352,GO:0005665,GO:0000291,GO:0006367,GO:0003727
OG0003341_00	GO:0003924,GO:0008017,GO:0005874,GO:0005737,GO:0048312,GO:0000266,GO:0006897,GO:0031966,GO:0005758,GO:0016020,GO:0016559,GO:0008053
OG0000313_00	GO:0005634,GO:0016929,GO:0016926
OG0002456_00	GO:0005096,GO:0090630
OG0003150_00	GO:0000445,GO:0006406
OG0000273_00	GO:0007608,GO:0050911,GO:0004984,GO:0005549,GO:0016020,GO:0005886
OG0004152_00	GO:0080008
OG0004310_00	GO:0043015,GO:0006887,GO:0034314,GO:0032456,GO:0042147,GO:0055037,GO:0071203,GO:0043014,GO:0005769
OG0010207_00	GO:2000272,GO:0031718,GO:0005886
OG0006460_00	GO:0000978,GO:0000981,GO:0006357
OG0009059_00	GO:0006898,GO:0043235,GO:0016324,GO:0042562,GO:0005886
OG0003637_00	GO:0006606,GO:0000056,GO:0017056,GO:0006913,GO:0005643,GO:0006406,GO:0000055
OG0005855_00	GO:0047453,GO:0110051
OG0008140_00	GO:0046513,GO:0046475,GO:0050290,GO:0006685
OG0007750_00	GO:0016020,GO:0055085,GO:0022857
OG0002779_00	GO:0004623,GO:0016042,GO:0005509
OG0004046_00	GO:0005634
OG0006831_00	GO:0006357,GO:0000981,GO:0000977
OG0000745_00	GO:0000978,GO:0006357,GO:0000981
OG0009597_00	GO:0018105,GO:0005856,GO:0018107,GO:0005634,GO:0004674,GO:0005737
OG0006039_00	GO:0008253
OG0005181_00	GO:0001006,GO:0019185,GO:0000978,GO:0042796,GO:0042795
OG0003918_00	GO:0006820,GO:0008510,GO:0051453,GO:0022857,GO:0005452,GO:0055085,GO:0050801,GO:0015701,GO:0016020,GO:0005886
OG0007657_00	GO:0005634,GO:0045892
OG0002746_00	GO:0055087,GO:0070478
OG0002311_00	GO:0016798,GO:0005737,GO:0004730
OG0001164_00	GO:0030286,GO:0045505,GO:0007018,GO:0051959
OG0004123_00	GO:0005776,GO:0002218,GO:0032481,GO:0045087,GO:0000045,GO:0061507,GO:0035438,GO:0061709,GO:0005789,GO:0016239
OG0001810_00	GO:0043138,GO:0003697,GO:0000727,GO:0017116,GO:0005634,GO:0006268,GO:0003677,GO:0042555,GO:0005524,GO:1902975
OG0004817_00	GO:0006012,GO:0008270,GO:0008108,GO:0005737,GO:0033499
OG0005551_00	GO:0098609,GO:0005886,GO:0005911,GO:0050839
OG0000880_00	GO:0006470,GO:0019888,GO:0000159
OG0001366_00	GO:0005763
OG0006778_00	GO:0140575
OG0004268_00	GO:0006888,GO:0090158
OG0005887_00	GO:0005634
OG0010541_00	GO:0048856,GO:0006355,GO:0003677,GO:0006357,GO:0000981,GO:0000978
OG0007189_00	GO:0070577,GO:0005634,GO:0006357
OG0004544_00	GO:0005739,GO:0007178,GO:0045087
OG0008399_00	GO:0005762,GO:0003735,GO:0006412
OG0004131_00	GO:0004614,GO:0005975,GO:0005829
OG0006601_00	GO:0017136,GO:0070403,GO:0005634
OG0007798_00	GO:0030514,GO:0006998,GO:0031490
OG0004644_00	GO:0016887,GO:0005739,GO:0005737,GO:0034605
OG0000914_00	GO:0004984,GO:0016020,GO:0005549,GO:0050911,GO:0007608,GO:0005886
OG0010014_00	GO:0000978,GO:0005654,GO:0009952,GO:0045944,GO:0000981
OG0010227_00	GO:0030154,GO:0003700,GO:0000981,GO:0006357,GO:0005634
OG0010443_00	GO:0005737,GO:0016616
OG0002435_00	GO:0035023
OG0009130_00	GO:0003677,GO:0000785,GO:0005634,GO:0003682,GO:0140658,GO:0016887,GO:0006338,GO:0042393,GO:0034728
OG0009448_00	GO:0007608,GO:0004984,GO:0005886,GO:0016020,GO:0005549,GO:0050911
OG0009259_00	GO:0071567,GO:0005634,GO:0006508,GO:0005783
OG0004447_00	GO:0005778,GO:0016020,GO:1990429,GO:0016560,GO:0005777
OG0002650_00	GO:0016020,GO:0072546,GO:0034975
OG0002283_00	GO:0005507
OG0006557_00	GO:0003352
OG0006925_00	GO:0046935,GO:0005942,GO:0046854
OG0002583_00	GO:0030514,GO:0000978,GO:0046332,GO:0000981,GO:0005737,GO:0005667,GO:0005634
OG0009911_00	GO:0005856,GO:0031032,GO:0018107,GO:0005737,GO:0004674
OG0006558_00	GO:0016020,GO:0008289,GO:0015248,GO:0005829,GO:0032934
OG0009256_00	GO:0000978,GO:0006357,GO:0003700,GO:0005634
OG0004108_00	GO:0006995,GO:0061908,GO:0006914,GO:0034045,GO:0000422,GO:0019776,GO:0061739,GO:0034727,GO:0061912,GO:0005776,GO:0034274,GO:0005737,GO:0044233
OG0008193_00	GO:0015935,GO:0006412,GO:0003735
OG0001837_00	GO:0005634,GO:0017025,GO:0006367,GO:0006352,GO:0097550,GO:0016251,GO:0070897
OG0006638_00	GO:0050821,GO:0005634,GO:0005737,GO:0016020,GO:0051087,GO:0005829,GO:0000774
OG0001385_00	GO:0045842,GO:0016567,GO:0051301,GO:0005680,GO:0031145
OG0007783_00	GO:0005886,GO:0016020,GO:0042626,GO:0055085
OG0000140_00	GO:0042761,GO:0016020,GO:0009922,GO:0034625,GO:0005789,GO:0034626,GO:0019367,GO:0030148
OG0006436_00	GO:0006487,GO:0008250,GO:0016020
OG0001594_00	GO:0032040,GO:0005730,GO:2000234,GO:0042254,GO:0003723,GO:0045943
OG0004834_00	GO:0003729,GO:0016281,GO:0003743
OG0004346_00	GO:0005737,GO:0016757,GO:0070085
OG0010502_00	GO:0035329,GO:0005667,GO:0000978,GO:0000981,GO:0006357,GO:0048568
OG0004604_00	GO:0030215,GO:0071526,GO:0030335,GO:0045499,GO:0001755,GO:0005886,GO:0050919,GO:0007411
OG0004172_00	GO:0001228,GO:0006357,GO:0005634,GO:0000977
OG0000437_00	GO:0030150,GO:0005741,GO:0008320,GO:0030943,GO:0045039
OG0000213_00	GO:0005737
OG0000954_00	GO:0016020
OG0006138_00	GO:0016020
OG0006642_00	GO:0005783
OG0010279_00	GO:0003700,GO:0030154,GO:0000981,GO:0005634,GO:0006357
OG0001790_00	GO:0004587,GO:0010121,GO:0019544,GO:0005737,GO:0030170,GO:0042802
OG0002812_00	GO:0005814,GO:0001764,GO:0007098,GO:0030010,GO:0005813,GO:0031023,GO:0035148
OG0003406_00	GO:0006414,GO:0003746
OG0002355_00	GO:0006351,GO:0005634
OG0000861_00	GO:0004984,GO:0007608,GO:0005549,GO:0016020,GO:0050911,GO:0005886
OG0008977_00	GO:0005635,GO:0043495,GO:0034993
OG0010161_00	GO:0032590,GO:0045211,GO:0004465,GO:0046340,GO:0019369,GO:0016042,GO:0016298,GO:0005737
OG0008793_00	GO:0005886,GO:0042043,GO:0070382,GO:0006887
OG0007583_00	GO:0007288,GO:0005813,GO:0070286,GO:0005737
OG0004591_00	GO:0006508,GO:0070573
OG0004581_00	GO:0005789,GO:0034626,GO:0009922,GO:0016020,GO:0019367,GO:0030148,GO:0034625,GO:0042761
OG0000871_00	GO:0000974,GO:0000398,GO:0071014,GO:0071007,GO:0000349
OG0009177_00	GO:0004984,GO:0007608,GO:0050911,GO:0016020,GO:0005886,GO:0005549
OG0009300_00	GO:0003712,GO:0005667,GO:0006357
OG0010269_00	GO:0017156,GO:0000149,GO:0070382,GO:0030276,GO:0005544,GO:0005886,GO:0001786,GO:0005509
OG0002820_00	GO:0005737,GO:0000049,GO:0016779,GO:0006450
OG0002617_00	GO:0005737,GO:0051603
OG0002738_00	GO:0016020
OG0001604_00	GO:0007169,GO:0005886,GO:0033674,GO:0004714,GO:0043235,GO:0007275
OG0005529_00	GO:0005811,GO:0019915,GO:0010890,GO:0005829
OG0008333_00	GO:0006337,GO:0042393,GO:0006334,GO:0045815,GO:0016887,GO:0003682,GO:0005634
OG0005626_00	GO:0016607
OG0005213_00	GO:0003735,GO:0005763
OG0005067_00	GO:0071039,GO:0000176,GO:0005730,GO:0071038,GO:0071035,GO:0000467,GO:0003727,GO:0071037,GO:0071040,GO:0071036,GO:0071051,GO:0000175,GO:0071044
OG0002264_00	GO:0031490,GO:0000118,GO:0000785,GO:0032454,GO:0003712,GO:0006357
OG0002798_00	GO:0005509,GO:0048791,GO:0030424,GO:0000149,GO:0030276,GO:0001786,GO:0005886,GO:0017156,GO:0070382,GO:0006906,GO:0045202,GO:0005544
OG0007418_00	GO:0005615,GO:0016298,GO:0016042,GO:0017171
OG0003591_00	GO:0043565,GO:0042796,GO:0019185,GO:0042795
OG0007317_00	GO:0005814,GO:0036064,GO:0090162,GO:0060271,GO:0097539
OG0002097_00	GO:0005829,GO:0005634,GO:0004843,GO:0016579,GO:0031647
OG0008735_00	GO:0005886,GO:0005549,GO:0004984,GO:0050911,GO:0007608,GO:0016020
OG0004498_00	GO:0071038,GO:0000177,GO:0034427,GO:0043928,GO:0000176,GO:0071035,GO:0034473,GO:0035925,GO:0071028,GO:0000467,GO:0034476,GO:0016075,GO:0034475
OG0000303_01	GO:0008010,GO:0062129
OG0006588_00	GO:1990246,GO:0036444,GO:0005509,GO:0051560,GO:0006851
OG0001732_00	GO:0005615
OG0002180_00	GO:0005739
OG0007525_00	GO:0006122,GO:0005750
OG0001619_00	GO:0022625,GO:0042273,GO:0003735,GO:0003723
OG0007824_00	GO:0000724,GO:0043596,GO:0031297
OG0007200_00	GO:0003700,GO:0006357
OG0005408_00	GO:0045944,GO:0010468,GO:0005634
OG0007306_00	GO:0005930,GO:0036064,GO:0003356
OG0001447_00	GO:0051082,GO:0030968,GO:0004674,GO:1990604,GO:0004521,GO:0070059,GO:0036498
OG0002086_00	GO:0003779
OG0003650_00	GO:0016020,GO:0022857,GO:0006820
OG0000272_00	GO:0019408,GO:0043048,GO:0016095,GO:0016627,GO:0003865,GO:0006488,GO:0005783
OG0010206_00	GO:0031267,GO:0030833
OG0006663_00	GO:0005783,GO:0006874
OG0009770_00	GO:0004596,GO:1990189,GO:0006474,GO:1990190,GO:0031415
OG0006461_00	GO:0005886,GO:0005543
OG0003493_00	GO:0006882,GO:0010312,GO:0071577,GO:0005385,GO:0016020
OG0006471_00	GO:0015252,GO:0016020,GO:1902600
OG0009746_00	GO:0005549,GO:0005886,GO:0004984,GO:0007608,GO:0016020,GO:0050911
OG0001870_00	GO:0045740,GO:0006355,GO:0000228,GO:0008623,GO:0031445,GO:0006338,GO:0003677
OG0000572_00	GO:0042802,GO:0006221,GO:0003883,GO:0005737,GO:0019856,GO:0006241,GO:0097268
OG0006718_00	GO:0045944,GO:0061564,GO:0070888,GO:0005634,GO:0007423,GO:0003700,GO:0000981
OG0002893_00	GO:0005524,GO:0016887
OG0004208_00	GO:0005739,GO:0032049,GO:0008444
OG0006677_00	GO:0006468,GO:0004693,GO:0005737,GO:0005634,GO:0000083,GO:0004674
OG0004510_00	GO:0055037,GO:0032465,GO:1903566,GO:0030496,GO:0005769,GO:0005813,GO:0045724,GO:0036064
OG0004301_00	GO:0005778,GO:0005829,GO:0016887,GO:0016558
OG0003487_00	GO:1990072
OG0005698_00	GO:0000774,GO:0005783
OG0000397_00	GO:0080019,GO:0005777,GO:0043231,GO:0035336
OG0000744_00	GO:0003995,GO:0051793,GO:0005737,GO:0070991,GO:0005739
OG0004047_00	GO:0005737,GO:0008253
OG0006157_00	GO:0005783,GO:0071542,GO:0031175,GO:0005615
OG0006830_00	GO:0003723
OG0008475_00	GO:0005886,GO:0050911,GO:0004984,GO:0005549,GO:0007608,GO:0016020
OG0009656_00	GO:0005886,GO:0007186,GO:0008528
OG0008163_00	GO:0000978,GO:0001228,GO:0005634,GO:0006357
OG0009244_00	GO:0005737,GO:0005524,GO:0016887,GO:0005739
OG0000001_00	GO:0004984,GO:0005886,GO:0007608,GO:0016020,GO:0050911,GO:0005549
OG0006546_00	GO:0030334,GO:0017154,GO:0002116,GO:0005886,GO:0071526
OG0006915_00	GO:0005783,GO:0006506
OG0009929_00	GO:0005739,GO:0052381,GO:0006400
OG0002292_00	GO:0005096
OG0005517_00	GO:0001671,GO:1990573,GO:0006814,GO:0006883,GO:0036376,GO:0030007,GO:0005890,GO:0006813
OG0000598_00	GO:0017101,GO:0004827,GO:0005524,GO:0006433,GO:0005737
OG0001328_00	GO:0032934,GO:0015918
OG0004859_00	GO:0005737,GO:0006014,GO:0009052,GO:0004751
OG0006497_00	GO:0006612,GO:0018230,GO:0002178
OG0006062_00	GO:0003735,GO:0006412,GO:0015934,GO:0005762
OG0003370_00	GO:0031966,GO:0009060,GO:0022904
OG0000946_00	GO:0005737,GO:0005509
OG0004977_00	GO:0000977,GO:0090575,GO:0003700,GO:0030182,GO:0006357,GO:0045944,GO:0000981,GO:0007423,GO:0050767
OG0004032_00	GO:0000209,GO:0016567,GO:0061630
OG0009541_00	GO:0005886,GO:0055085,GO:0016020,GO:0042626
OG0004616_00	GO:0005886
OG0010046_00	GO:0035099
OG0001274_00	GO:0000993,GO:0016593,GO:0006355,GO:0006368
OG0006293_00	GO:0048487,GO:0005829,GO:0015631,GO:0015630,GO:0007021,GO:0007023,GO:0006457
OG0002150_00	GO:0005576,GO:0005125,GO:0005615
OG0007603_00	GO:0031090,GO:0030659
OG0005313_00	GO:0009101,GO:0006493,GO:0000139,GO:0016020,GO:0047220,GO:0016757,GO:0016758,GO:0006024
OG0007434_00	GO:0032981,GO:0005739
OG0008004_00	GO:0010945
OG0008273_00	GO:0005737,GO:0005739,GO:0016020
OG0001627_00	GO:0000993,GO:0016593,GO:0006368,GO:0003682
OG0007041_00	GO:0042407
OG0005151_00	GO:0016192
OG0003439_00	GO:0030515,GO:0030490,GO:0032040,GO:0034388
OG0007592_00	GO:0016779,GO:1990817,GO:0031123,GO:0006378
OG0004584_00	GO:0005874,GO:0007017
OG0002348_00	GO:0031123,GO:0016779,GO:1990817
OG0002612_00	GO:0006102,GO:0006099,GO:0005739
OG0009305_00	GO:0016020,GO:0005886,GO:0007605
OG0007689_00	GO:0016491,GO:0005739
OG0001412_00	GO:0005971,GO:0005524,GO:0004748,GO:0009263
OG0006219_00	GO:0005737,GO:0071595
OG0005399_00	GO:0016020,GO:0005886
OG0001049_00	GO:0006123,GO:0005751
OG0004414_00	GO:0030014,GO:0016567,GO:0004842
OG0006957_00	GO:0005739,GO:0003735
OG0006504_00	GO:0016281,GO:0000340,GO:0003743,GO:0006413,GO:0003723
OG0001071_00	GO:0005739,GO:0004824,GO:0000049,GO:0017101,GO:0006430,GO:0005829
OG0000128_00	GO:0031146,GO:0019005
OG0006221_00	GO:0003723,GO:0017150
OG0007976_00	GO:0005634,GO:0005739
OG0008354_00	GO:0030154,GO:0005634,GO:0000978,GO:0001228,GO:0045944
OG0000668_00	GO:0007265,GO:0007264,GO:0005886,GO:0005085
OG0007144_00	GO:0016020,GO:0008146
OG0005502_00	GO:0003700,GO:0006357,GO:0005634,GO:0000978,GO:0000981
OG0006482_00	GO:0005509
OG0003318_00	GO:0006919,GO:0097153,GO:0097199,GO:0006915,GO:0004197,GO:0005737,GO:0043525,GO:0006508
OG0003444_00	GO:0032541,GO:0016020,GO:0032934,GO:0005829,GO:0015248,GO:0008289,GO:0015485
OG0000247_00	GO:0008010,GO:0062129
OG0008855_00	GO:0050660,GO:0016491
OG0007740_00	GO:0000939,GO:0000070,GO:0034080
OG0005926_00	GO:0006261,GO:0017116,GO:0000731,GO:0008047,GO:0005634
OG0003393_00	GO:0043065,GO:0035556,GO:0004674,GO:0005634
OG0008150_00	GO:0031430,GO:0045214
OG0003744_00	GO:0000981,GO:0006357,GO:0030154,GO:0003700,GO:0005634
OG0000216_00	GO:0006325,GO:0000123,GO:0006355,GO:0035267,GO:0005634,GO:0072487
OG0000951_00	GO:0005794
OG0010051_00	GO:0005654,GO:0009952,GO:0000981,GO:0045944,GO:0000978
OG0010507_00	GO:0016020
OG0004942_00	GO:0005744,GO:0045039,GO:0030150
OG0006833_00	GO:0051087,GO:0071816,GO:0006620,GO:0071818
OG0000394_00	GO:0004984,GO:0016020,GO:0007608,GO:0005549,GO:0005886,GO:0050911
OG0000747_00	GO:0006807,GO:0005737,GO:0006541,GO:0006228,GO:0004151,GO:0005829,GO:0004088,GO:0006207,GO:0019240,GO:0004070
OG0005568_00	GO:0043161,GO:0008540,GO:0005634,GO:0034515
OG0004044_00	GO:0005747
OG0004398_00	GO:0005743,GO:0032981
OG0002025_00	GO:1990625,GO:0004694,GO:0004672,GO:0010998,GO:0005829,GO:0005634,GO:0005737,GO:0006468
OG0003329_00	GO:0004843,GO:0006511,GO:0005737,GO:0016579
OG0000063_00	GO:0050911,GO:0007608,GO:0005549,GO:0005886,GO:0016020,GO:0004984
OG0001553_00	GO:0006297,GO:0003887,GO:0008296,GO:0006287,GO:0045004,GO:0043625,GO:0006261
OG0003641_00	GO:0005886,GO:0007186,GO:0008528
OG0003850_00	GO:0045814,GO:0042799
OG0001255_00	GO:0005912,GO:0016339,GO:0000902,GO:0007043,GO:0045296,GO:0008013,GO:0007275,GO:0098742,GO:0044331,GO:0098609,GO:0034332,GO:0016477,GO:0016342
OG0002795_00	GO:0016791,GO:0005737
OG0008025_00	GO:0005576,GO:0005185,GO:0005615,GO:0005184,GO:0030141
OG0002269_00	GO:0043235,GO:0005886
OG0005130_00	GO:0005737,GO:0005096
OG0001703_00	GO:0035861,GO:0007131
OG0002171_00	GO:0005737,GO:0008239
OG0005336_00	GO:0050577
OG0006837_00	GO:0005840,GO:0070181,GO:0003735,GO:0005763,GO:0006412,GO:0019843
OG0000390_00	GO:0043565
OG0000449_00	GO:0016042,GO:0016298,GO:0005615,GO:0017171
OG0006825_00	GO:0012505,GO:0016020
OG0004939_00	GO:0033138
OG0006164_00	GO:0042060
OG0006466_00	GO:0035556,GO:0004674,GO:0005737,GO:0008349,GO:0006468
OG0001889_00	GO:0008287,GO:0032515,GO:0005829,GO:0080163,GO:0019888
OG0006664_00	GO:0008033,GO:0000172,GO:0005634,GO:0001682,GO:0006396,GO:0005655
OG0002888_00	GO:0006805,GO:0016712,GO:0008395,GO:0006082,GO:0005737,GO:0020037,GO:0043231
OG0000819_00	GO:0005576,GO:0005615,GO:0005125
OG0004316_00	GO:0060857,GO:0005886,GO:0019991,GO:0035159
OG0001826_00	GO:0032007,GO:0033596,GO:0030178,GO:0051726,GO:0005096,GO:0005634,GO:0043547,GO:0046627,GO:0005737,GO:0051898
OG0004546_00	GO:0012505
OG0001398_00	GO:0005739,GO:0005747
OG0005897_00	GO:0043231,GO:0006457,GO:0000413,GO:0005737,GO:0003755,GO:0016018
OG0006603_00	GO:0003746,GO:0006414
OG0000528_00	GO:0006357,GO:0003677,GO:0005634
OG0004807_00	GO:0005794,GO:0006493,GO:0004653
OG0004133_00	GO:0045893
OG0002323_00	GO:0016653,GO:0120547,GO:0005743,GO:0016020,GO:0006784
OG0001780_00	GO:2000641,GO:0010008,GO:0007032,GO:0006898
OG0005959_00	GO:0008285,GO:0005737,GO:0005634
OG0008479_00	GO:0050428,GO:0000103,GO:0004020
OG0009036_00	GO:0008017,GO:0003341,GO:0015630
OG0008941_00	GO:0062129,GO:0008010
OG0003412_00	GO:0005783
OG0002533_00	GO:0006357,GO:0009952,GO:0000978,GO:0005634,GO:0000981,GO:0000122
OG0003615_00	GO:0016491,GO:0032451,GO:0070988
OG0002964_00	GO:0017148,GO:0000932,GO:0060090,GO:0000288,GO:0030015
OG0000712_00	GO:0001676,GO:0046949,GO:0004467,GO:0016405
OG0009913_00	GO:0008017,GO:0005813,GO:0051303,GO:0000776,GO:0005871,GO:0016477,GO:0007020,GO:0000132,GO:0047496,GO:0007100,GO:0007059,GO:0051642
OG0006927_00	GO:0016020,GO:0005886,GO:0071577,GO:0005385
OG0002581_00	GO:0016671,GO:0016491
OG0003182_00	GO:0035097,GO:0006338,GO:0003713,GO:0006355
OG0009105_00	GO:0072686,GO:0090307,GO:0051231,GO:0005634,GO:0008574,GO:0005876
OG0003428_00	GO:0004674,GO:0050321,GO:0035556,GO:0000226,GO:0005737
OG0002665_00	GO:0003779,GO:0005886,GO:0007266,GO:0035023
OG0004941_00	GO:0005789,GO:0005783,GO:0006890,GO:0000139,GO:0016020,GO:0030134,GO:0006888
OG0000952_00	GO:0005764,GO:0007040,GO:0016020,GO:0005773,GO:0051453
OG0004174_00	GO:0016125,GO:0005794,GO:0006665,GO:0097036,GO:0032541,GO:0032366
OG0006644_00	GO:0006646,GO:0004609,GO:0008654,GO:0005739
OG0003368_00	GO:0006031,GO:0016758,GO:0030428,GO:0004100,GO:0071944,GO:0006035
OG0010052_00	GO:0005634,GO:0006355,GO:0048856,GO:0000977,GO:0006357,GO:0003700,GO:0042127,GO:0000981
OG0010504_00	GO:0009653,GO:0006357,GO:0000978,GO:0000981,GO:0005634
OG0002473_00	GO:0015293,GO:0006814
OG0000729_00	GO:0005730,GO:0000027,GO:0003723
OG0000215_00	GO:0008194
OG0000812_00	GO:0005739,GO:0016212,GO:0005737
OG0010112_00	GO:0004674,GO:0005634,GO:0035556,GO:0043065
OG0006357_00	GO:0006508,GO:0005737,GO:0004198
OG0000117_00	GO:0004984,GO:0005886,GO:0016020,GO:0050911,GO:0005549,GO:0007608
OG0003043_00	GO:0046540,GO:0000398
OG0003627_00	GO:0031080,GO:0006406,GO:0045893,GO:0006606,GO:0017056
OG0005041_00	GO:0071013,GO:0000974,GO:0071014
OG0009294_00	GO:0008201,GO:0007411,GO:0048495
OG0008604_00	GO:0006357,GO:0005634
OG0007331_00	GO:0005243,GO:0007602,GO:0005886,GO:0005921
OG0003876_00	GO:0004089,GO:0005737,GO:0008270
OG0002974_00	GO:0006402,GO:0030014
OG0001768_00	GO:0006270,GO:0005658
OG0001417_00	GO:0070603
OG0000487_00	GO:0030327,GO:0001735
OG0006859_00	GO:0005737,GO:0005085
OG0006756_00	GO:0005739,GO:0016324,GO:0016529,GO:0015629,GO:0030136,GO:0030833,GO:0043066
OG0005465_00	GO:0006357,GO:0000978,GO:0005634,GO:0000981,GO:0009887
OG0005613_00	GO:0004672,GO:0005739,GO:0010906,GO:0006468,GO:0004740
OG0005420_00	GO:0085020,GO:0070531,GO:0031436,GO:0004842
OG0007228_00	GO:0031267,GO:0007264,GO:0005096
OG0001910_00	GO:0060090,GO:0016020,GO:0006620,GO:0072380
OG0005738_00	GO:0006357,GO:0005634
OG0005244_00	GO:0036396,GO:0016556
OG0001107_00	GO:0006270,GO:0005730,GO:0003682
OG0007174_00	GO:0035735,GO:0010824,GO:0060271,GO:0034451
OG0008481_00	GO:0006122,GO:0005750
OG0000184_00	GO:0005549,GO:0050911,GO:0007608,GO:0016020,GO:0005886,GO:0004984
OG0004283_00	GO:0003724,GO:0005829
OG0006793_00	GO:0005737
