"OG","Regression_Coefficient","P_value","Lambda","Bound_used","R_squared","R_squared_adj","n","Status","Contrast"
"OG0008555_00",0.172484059349947,0.00211297016670686,1e-05,"1e-05 to 1",0.455719843988823,0.45255542447713,174,"success","pgls5_castespolymorphic"
"OG0006599_00",-0.131263792461165,0.122513987449817,1,"1e-05 to 1",0.305801256494963,0.301765217288538,174,"success","pgls5_castespolymorphic"
