"OG","Regression_Coefficient","P_value","Lambda","Bound_used","R_squared","R_squared_adj","n","Status","Contrast"
"OG0006599_00",0.0848353929034174,0.160614423277629,1e-05,"1e-05 to 1",0.260203910067205,0.255902770009456,174,"success","pgls5_castespolymorphic"
"OG0008290_00",-0.166426773438423,0.052038125028695,1,"1e-05 to 1",0.327055655059758,0.323143187938012,174,"success","pgls5_castespolymorphic"
