"OG","Regression_Coefficient","P_value","Lambda","Bound_used","R_squared","R_squared_adj","n","Status","Contrast"
"OG0008512_00",0.13167902412482,0.069572848695133,1e-05,"1e-05 to 1",0.354071040882836,0.350315639957736,174,"success","pgls5_castespolymorphic"
"OG0008555_00",0.152850988847058,0.0147149927332739,1e-05,"1e-05 to 1",0.318389257834748,0.314426404682625,174,"success","pgls5_castespolymorphic"
"OG0006599_00",0.0633705224599346,0.125268147450658,0.869807944958598,"1e-05 to 1",0.302113190726423,0.298055709277158,174,"success","pgls5_castespolymorphic"
